    Finished `release` profile [optimized + debuginfo] target(s) in 0.04s
    Finished `release` profile [optimized + debuginfo] target(s) in 0.05s
     Running `fuzz/target/x86_64-unknown-linux-gnu/release/cst_parse -artifact_prefix=/home/brianklam/Desktop/liminal/fuzz/artifacts/cst_parse/ -max_total_time=1860 -seed=20260725 -rss_limit_mb=4096 -print_final_stats=1 /home/brianklam/Desktop/liminal/fuzz/corpus/cst_parse`
INFO: Running with entropic power schedule (0xFF, 100).
INFO: Seed: 20260725
INFO: Loaded 1 modules   (8711 inline 8-bit counters): 8711 [0x55e950713690, 0x55e950715897), 
INFO: Loaded 1 PC tables (8711 PCs): 8711 [0x55e950715898,0x55e950737908), 
INFO:    14387 files found in /home/brianklam/Desktop/liminal/fuzz/corpus/cst_parse
INFO: -max_len is not provided; libFuzzer will not generate inputs larger than 4096 bytes
INFO: seed corpus: files: 14387 min: 1b max: 4096b total: 12165289b rss: 45Mb
#14388	INITED cov: 1288 ft: 3680 corp: 813/417Kb exec/s: 7194 rss: 457Mb
#14959	REDUCE cov: 1288 ft: 3680 corp: 813/417Kb lim: 4096 exec/s: 7479 rss: 458Mb L: 1279/4096 MS: 1 EraseBytes-
#16384	pulse  cov: 1288 ft: 3680 corp: 813/417Kb lim: 4096 exec/s: 8192 rss: 460Mb
#21731	REDUCE cov: 1288 ft: 3680 corp: 813/417Kb lim: 4096 exec/s: 10865 rss: 476Mb L: 6/4096 MS: 2 ChangeByte-EraseBytes-
#32768	pulse  cov: 1288 ft: 3680 corp: 813/417Kb lim: 4096 exec/s: 16384 rss: 517Mb
#55727	REDUCE cov: 1288 ft: 3680 corp: 813/417Kb lim: 4096 exec/s: 18575 rss: 570Mb L: 811/4096 MS: 1 EraseBytes-
#65536	pulse  cov: 1288 ft: 3680 corp: 813/417Kb lim: 4096 exec/s: 16384 rss: 582Mb
#97058	REDUCE cov: 1288 ft: 3680 corp: 813/417Kb lim: 4096 exec/s: 16176 rss: 592Mb L: 428/4096 MS: 1 EraseBytes-
#105379	REDUCE cov: 1288 ft: 3680 corp: 813/417Kb lim: 4096 exec/s: 17563 rss: 592Mb L: 3998/4096 MS: 1 EraseBytes-
#131072	pulse  cov: 1288 ft: 3680 corp: 813/417Kb lim: 4096 exec/s: 16384 rss: 592Mb
#144475	REDUCE cov: 1288 ft: 3680 corp: 813/417Kb lim: 4096 exec/s: 16052 rss: 592Mb L: 29/4096 MS: 1 EraseBytes-
#174516	REDUCE cov: 1288 ft: 3680 corp: 813/417Kb lim: 4096 exec/s: 17451 rss: 592Mb L: 264/4096 MS: 1 EraseBytes-
#182022	REDUCE cov: 1288 ft: 3680 corp: 813/417Kb lim: 4096 exec/s: 16547 rss: 592Mb L: 2579/4096 MS: 1 EraseBytes-
#202153	REDUCE cov: 1288 ft: 3680 corp: 813/417Kb lim: 4096 exec/s: 16846 rss: 592Mb L: 1276/4096 MS: 1 EraseBytes-
#262144	pulse  cov: 1288 ft: 3680 corp: 813/417Kb lim: 4096 exec/s: 17476 rss: 592Mb
#274415	REDUCE cov: 1288 ft: 3680 corp: 813/417Kb lim: 4096 exec/s: 17150 rss: 592Mb L: 5/4096 MS: 2 InsertByte-EraseBytes-
#294188	REDUCE cov: 1288 ft: 3680 corp: 813/417Kb lim: 4096 exec/s: 17305 rss: 592Mb L: 1330/4096 MS: 3 ChangeASCIIInt-ChangeBit-EraseBytes-
#340324	REDUCE cov: 1288 ft: 3680 corp: 813/417Kb lim: 4096 exec/s: 17911 rss: 592Mb L: 4/4096 MS: 1 EraseBytes-
#344995	REDUCE cov: 1288 ft: 3680 corp: 813/417Kb lim: 4096 exec/s: 18157 rss: 592Mb L: 417/4096 MS: 1 EraseBytes-
#395751	REDUCE cov: 1288 ft: 3680 corp: 813/417Kb lim: 4096 exec/s: 17988 rss: 592Mb L: 27/4096 MS: 1 EraseBytes-
#402523	REDUCE cov: 1288 ft: 3680 corp: 813/417Kb lim: 4096 exec/s: 18296 rss: 592Mb L: 980/4096 MS: 2 EraseBytes-CopyPart-
#415029	REDUCE cov: 1288 ft: 3680 corp: 813/417Kb lim: 4096 exec/s: 18044 rss: 592Mb L: 1190/4096 MS: 1 EraseBytes-
#430590	REDUCE cov: 1288 ft: 3680 corp: 813/417Kb lim: 4096 exec/s: 18721 rss: 592Mb L: 655/4096 MS: 1 EraseBytes-
#437306	REDUCE cov: 1288 ft: 3680 corp: 813/417Kb lim: 4096 exec/s: 18221 rss: 592Mb L: 416/4096 MS: 1 EraseBytes-
#440133	REDUCE cov: 1288 ft: 3680 corp: 813/417Kb lim: 4096 exec/s: 18338 rss: 592Mb L: 511/4096 MS: 2 ChangeBit-EraseBytes-
#451685	REDUCE cov: 1288 ft: 3680 corp: 813/417Kb lim: 4096 exec/s: 18820 rss: 592Mb L: 438/4096 MS: 2 ChangeBit-EraseBytes-
#480453	REDUCE cov: 1288 ft: 3680 corp: 813/417Kb lim: 4096 exec/s: 18478 rss: 592Mb L: 1337/4096 MS: 3 ChangeBit-ShuffleBytes-EraseBytes-
#501994	REDUCE cov: 1288 ft: 3680 corp: 813/417Kb lim: 4096 exec/s: 18592 rss: 592Mb L: 1260/4096 MS: 1 EraseBytes-
#505510	REDUCE cov: 1288 ft: 3680 corp: 813/417Kb lim: 4096 exec/s: 18722 rss: 592Mb L: 25/4096 MS: 1 EraseBytes-
#519936	REDUCE cov: 1288 ft: 3680 corp: 813/417Kb lim: 4096 exec/s: 18569 rss: 592Mb L: 978/4096 MS: 1 EraseBytes-
#524288	pulse  cov: 1288 ft: 3680 corp: 813/417Kb lim: 4096 exec/s: 18724 rss: 592Mb
#619557	REDUCE cov: 1288 ft: 3680 corp: 813/417Kb lim: 4096 exec/s: 19361 rss: 592Mb L: 1428/4096 MS: 1 EraseBytes-
#654839	REDUCE cov: 1288 ft: 3680 corp: 813/417Kb lim: 4096 exec/s: 19843 rss: 592Mb L: 1969/4096 MS: 2 InsertByte-EraseBytes-
#793115	REDUCE cov: 1288 ft: 3680 corp: 813/417Kb lim: 4096 exec/s: 20336 rss: 592Mb L: 1220/4096 MS: 1 EraseBytes-
#861462	REDUCE cov: 1288 ft: 3680 corp: 813/417Kb lim: 4096 exec/s: 20511 rss: 592Mb L: 24/4096 MS: 2 ChangeBit-EraseBytes-
#878135	REDUCE cov: 1288 ft: 3680 corp: 813/417Kb lim: 4096 exec/s: 20421 rss: 592Mb L: 1849/4096 MS: 3 CrossOver-ChangeASCIIInt-EraseBytes-
#929031	REDUCE cov: 1288 ft: 3680 corp: 813/417Kb lim: 4096 exec/s: 20645 rss: 592Mb L: 282/4096 MS: 1 EraseBytes-
#972667	REDUCE cov: 1288 ft: 3680 corp: 813/417Kb lim: 4096 exec/s: 20695 rss: 592Mb L: 348/4096 MS: 1 EraseBytes-
#1022262	REDUCE cov: 1288 ft: 3680 corp: 813/417Kb lim: 4096 exec/s: 20862 rss: 592Mb L: 3415/4096 MS: 5 CrossOver-CrossOver-CopyPart-CopyPart-CopyPart-
#1037888	REDUCE cov: 1288 ft: 3680 corp: 813/417Kb lim: 4096 exec/s: 21181 rss: 592Mb L: 31/4096 MS: 1 EraseBytes-
#1043286	REDUCE cov: 1288 ft: 3680 corp: 813/417Kb lim: 4096 exec/s: 20865 rss: 592Mb L: 788/4096 MS: 3 CopyPart-ShuffleBytes-EraseBytes-
#1044162	REDUCE cov: 1288 ft: 3680 corp: 813/417Kb lim: 4096 exec/s: 20883 rss: 592Mb L: 3036/4096 MS: 1 EraseBytes-
#1048576	pulse  cov: 1288 ft: 3680 corp: 813/417Kb lim: 4096 exec/s: 20971 rss: 592Mb
#1060959	REDUCE cov: 1288 ft: 3680 corp: 813/417Kb lim: 4096 exec/s: 21219 rss: 592Mb L: 546/4096 MS: 2 ChangeBit-EraseBytes-
#1105140	REDUCE cov: 1288 ft: 3680 corp: 813/417Kb lim: 4096 exec/s: 21252 rss: 592Mb L: 1604/4096 MS: 1 EraseBytes-
#1182251	REDUCE cov: 1288 ft: 3680 corp: 813/417Kb lim: 4096 exec/s: 21495 rss: 592Mb L: 570/4096 MS: 1 EraseBytes-
#1202727	REDUCE cov: 1288 ft: 3680 corp: 813/417Kb lim: 4096 exec/s: 21477 rss: 592Mb L: 22/4096 MS: 1 EraseBytes-
#1212378	REDUCE cov: 1288 ft: 3680 corp: 813/417Kb lim: 4096 exec/s: 21269 rss: 592Mb L: 409/4096 MS: 1 EraseBytes-
#1220240	REDUCE cov: 1288 ft: 3680 corp: 813/417Kb lim: 4096 exec/s: 21407 rss: 592Mb L: 4043/4096 MS: 2 EraseBytes-CopyPart-
#1221313	REDUCE cov: 1288 ft: 3680 corp: 813/417Kb lim: 4096 exec/s: 21426 rss: 592Mb L: 1961/4096 MS: 3 ChangeByte-ChangeASCIIInt-EraseBytes-
#1229134	REDUCE cov: 1288 ft: 3680 corp: 813/417Kb lim: 4096 exec/s: 21563 rss: 592Mb L: 427/4096 MS: 1 EraseBytes-
#1249935	REDUCE cov: 1288 ft: 3680 corp: 813/417Kb lim: 4096 exec/s: 21550 rss: 592Mb L: 46/4096 MS: 1 EraseBytes-
#1258325	REDUCE cov: 1288 ft: 3680 corp: 813/417Kb lim: 4096 exec/s: 21695 rss: 592Mb L: 1016/4096 MS: 5 EraseBytes-ChangeBinInt-EraseBytes-CMP-CopyPart- DE: "\001\000\000\000\000\000\000>"-
#1265136	REDUCE cov: 1288 ft: 3680 corp: 813/417Kb lim: 4096 exec/s: 21442 rss: 592Mb L: 846/4096 MS: 1 EraseBytes-
#1357843	REDUCE cov: 1288 ft: 3680 corp: 813/417Kb lim: 4096 exec/s: 21553 rss: 592Mb L: 30/4096 MS: 2 ChangeBinInt-EraseBytes-
#1368919	REDUCE cov: 1288 ft: 3680 corp: 813/417Kb lim: 4096 exec/s: 21728 rss: 592Mb L: 523/4096 MS: 1 EraseBytes-
#1421566	REDUCE cov: 1288 ft: 3680 corp: 813/417Kb lim: 4096 exec/s: 21870 rss: 592Mb L: 1646/4096 MS: 2 InsertByte-EraseBytes-
#1435537	REDUCE cov: 1288 ft: 3680 corp: 813/417Kb lim: 4096 exec/s: 21750 rss: 592Mb L: 1013/4096 MS: 1 EraseBytes-
#1461849	REDUCE cov: 1288 ft: 3680 corp: 813/417Kb lim: 4096 exec/s: 21818 rss: 592Mb L: 975/4096 MS: 2 ChangeBinInt-EraseBytes-
#1484075	REDUCE cov: 1288 ft: 3680 corp: 813/417Kb lim: 4096 exec/s: 21824 rss: 592Mb L: 812/4096 MS: 1 EraseBytes-
#1488542	REDUCE cov: 1288 ft: 3680 corp: 813/417Kb lim: 4096 exec/s: 21890 rss: 592Mb L: 1273/4096 MS: 2 ShuffleBytes-EraseBytes-
#1507738	REDUCE cov: 1288 ft: 3680 corp: 813/417Kb lim: 4096 exec/s: 21851 rss: 592Mb L: 3345/4096 MS: 1 EraseBytes-
#1564999	REDUCE cov: 1288 ft: 3680 corp: 813/417Kb lim: 4096 exec/s: 21736 rss: 592Mb L: 972/4096 MS: 1 EraseBytes-
#1565038	REDUCE cov: 1288 ft: 3680 corp: 813/417Kb lim: 4096 exec/s: 21736 rss: 592Mb L: 1241/4096 MS: 4 ShuffleBytes-ShuffleBytes-ChangeASCIIInt-EraseBytes-
#1638210	REDUCE cov: 1288 ft: 3680 corp: 813/417Kb lim: 4096 exec/s: 21842 rss: 592Mb L: 3085/4096 MS: 2 ShuffleBytes-EraseBytes-
#1682976	REDUCE cov: 1288 ft: 3680 corp: 813/417Kb lim: 4096 exec/s: 21856 rss: 592Mb L: 1456/4096 MS: 1 EraseBytes-
#1684569	REDUCE cov: 1288 ft: 3680 corp: 813/417Kb lim: 4096 exec/s: 21877 rss: 592Mb L: 1000/4096 MS: 3 InsertByte-ChangeBinInt-EraseBytes-
#1692025	REDUCE cov: 1288 ft: 3680 corp: 813/417Kb lim: 4096 exec/s: 21974 rss: 592Mb L: 508/4096 MS: 1 EraseBytes-
#1742976	REDUCE cov: 1288 ft: 3680 corp: 813/417Kb lim: 4096 exec/s: 22062 rss: 592Mb L: 811/4096 MS: 1 EraseBytes-
#1761448	REDUCE cov: 1288 ft: 3680 corp: 813/417Kb lim: 4096 exec/s: 22018 rss: 592Mb L: 497/4096 MS: 2 InsertByte-EraseBytes-
#1835665	REDUCE cov: 1288 ft: 3680 corp: 813/417Kb lim: 4096 exec/s: 22116 rss: 592Mb L: 106/4096 MS: 2 CrossOver-EraseBytes-
#1943907	REDUCE cov: 1288 ft: 3680 corp: 813/417Kb lim: 4096 exec/s: 22343 rss: 592Mb L: 1621/4096 MS: 2 PersAutoDict-EraseBytes- DE: "\001\000\000\000\000\000\000>"-
#1996258	REDUCE cov: 1288 ft: 3680 corp: 813/417Kb lim: 4096 exec/s: 22429 rss: 592Mb L: 21/4096 MS: 1 EraseBytes-
#1996599	REDUCE cov: 1288 ft: 3680 corp: 813/417Kb lim: 4096 exec/s: 22433 rss: 592Mb L: 768/4096 MS: 1 EraseBytes-
#2072685	REDUCE cov: 1288 ft: 3680 corp: 813/417Kb lim: 4096 exec/s: 22286 rss: 592Mb L: 20/4096 MS: 1 EraseBytes-
#2097152	pulse  cov: 1288 ft: 3680 corp: 813/417Kb lim: 4096 exec/s: 22310 rss: 592Mb
#2102007	REDUCE cov: 1288 ft: 3680 corp: 813/416Kb lim: 4096 exec/s: 22361 rss: 592Mb L: 376/4096 MS: 1 EraseBytes-
#2146530	REDUCE cov: 1288 ft: 3680 corp: 813/416Kb lim: 4096 exec/s: 22359 rss: 592Mb L: 1252/4096 MS: 3 CopyPart-ShuffleBytes-EraseBytes-
#2192286	REDUCE cov: 1288 ft: 3680 corp: 813/416Kb lim: 4096 exec/s: 22600 rss: 592Mb L: 1169/4096 MS: 1 EraseBytes-
#2196202	REDUCE cov: 1288 ft: 3680 corp: 813/416Kb lim: 4096 exec/s: 22410 rss: 592Mb L: 2386/4096 MS: 1 EraseBytes-
#2201902	REDUCE cov: 1288 ft: 3680 corp: 813/416Kb lim: 4096 exec/s: 22468 rss: 592Mb L: 2157/4096 MS: 5 ChangeBit-ShuffleBytes-ChangeASCIIInt-CopyPart-EraseBytes-
#2209049	REDUCE cov: 1288 ft: 3680 corp: 813/416Kb lim: 4096 exec/s: 22541 rss: 592Mb L: 974/4096 MS: 2 InsertByte-EraseBytes-
#2259157	REDUCE cov: 1288 ft: 3680 corp: 813/416Kb lim: 4096 exec/s: 22591 rss: 592Mb L: 3084/4096 MS: 3 ChangeByte-ChangeASCIIInt-EraseBytes-
#2260648	REDUCE cov: 1288 ft: 3680 corp: 813/416Kb lim: 4096 exec/s: 22382 rss: 592Mb L: 1188/4096 MS: 1 EraseBytes-
#2263134	REDUCE cov: 1288 ft: 3680 corp: 813/416Kb lim: 4096 exec/s: 22407 rss: 592Mb L: 1734/4096 MS: 1 EraseBytes-
#2289690	REDUCE cov: 1288 ft: 3680 corp: 813/416Kb lim: 4096 exec/s: 22447 rss: 592Mb L: 1336/4096 MS: 1 EraseBytes-
#2294436	REDUCE cov: 1288 ft: 3680 corp: 813/416Kb lim: 4096 exec/s: 22494 rss: 592Mb L: 2711/4096 MS: 1 EraseBytes-
#2359603	REDUCE cov: 1288 ft: 3680 corp: 813/416Kb lim: 4096 exec/s: 22472 rss: 592Mb L: 29/4096 MS: 2 ChangeBit-EraseBytes-
#2380675	REDUCE cov: 1288 ft: 3680 corp: 813/416Kb lim: 4096 exec/s: 22459 rss: 592Mb L: 2722/4096 MS: 2 ChangeByte-EraseBytes-
#2403294	REDUCE cov: 1288 ft: 3680 corp: 813/416Kb lim: 4096 exec/s: 22460 rss: 592Mb L: 3262/4096 MS: 4 InsertByte-ChangeByte-ChangeBit-EraseBytes-
#2481836	REDUCE cov: 1288 ft: 3680 corp: 813/416Kb lim: 4096 exec/s: 22562 rss: 592Mb L: 4038/4096 MS: 2 EraseBytes-ShuffleBytes-
#2519082	REDUCE cov: 1288 ft: 3680 corp: 813/416Kb lim: 4096 exec/s: 22694 rss: 592Mb L: 492/4096 MS: 1 EraseBytes-
#2557764	REDUCE cov: 1288 ft: 3680 corp: 813/416Kb lim: 4096 exec/s: 22635 rss: 592Mb L: 45/4096 MS: 2 ChangeByte-EraseBytes-
#2576510	REDUCE cov: 1288 ft: 3680 corp: 813/416Kb lim: 4096 exec/s: 22600 rss: 592Mb L: 191/4096 MS: 1 EraseBytes-
#2602661	REDUCE cov: 1288 ft: 3680 corp: 813/416Kb lim: 4096 exec/s: 22631 rss: 592Mb L: 559/4096 MS: 1 EraseBytes-
#2603767	REDUCE cov: 1288 ft: 3680 corp: 813/416Kb lim: 4096 exec/s: 22641 rss: 592Mb L: 1586/4096 MS: 1 EraseBytes-
#2693576	REDUCE cov: 1288 ft: 3680 corp: 813/416Kb lim: 4096 exec/s: 22826 rss: 592Mb L: 3254/4096 MS: 4 InsertByte-InsertByte-ChangeASCIIInt-EraseBytes-
#2735422	REDUCE cov: 1288 ft: 3680 corp: 813/416Kb lim: 4096 exec/s: 22795 rss: 592Mb L: 1251/4096 MS: 1 EraseBytes-
#2737328	REDUCE cov: 1288 ft: 3680 corp: 813/416Kb lim: 4096 exec/s: 22811 rss: 592Mb L: 577/4096 MS: 1 EraseBytes-
#2767475	REDUCE cov: 1288 ft: 3680 corp: 813/416Kb lim: 4096 exec/s: 22684 rss: 592Mb L: 4061/4096 MS: 2 ChangeByte-EraseBytes-
#2773717	REDUCE cov: 1288 ft: 3680 corp: 813/416Kb lim: 4096 exec/s: 22735 rss: 592Mb L: 904/4096 MS: 2 EraseBytes-CrossOver-
#2790208	REDUCE cov: 1288 ft: 3680 corp: 813/416Kb lim: 4096 exec/s: 22684 rss: 592Mb L: 1884/4096 MS: 1 EraseBytes-
#2838944	REDUCE cov: 1288 ft: 3680 corp: 813/416Kb lim: 4096 exec/s: 22711 rss: 592Mb L: 1585/4096 MS: 1 EraseBytes-
#2892500	REDUCE cov: 1288 ft: 3680 corp: 813/416Kb lim: 4096 exec/s: 22775 rss: 592Mb L: 1876/4096 MS: 1 EraseBytes-
#2975095	REDUCE cov: 1288 ft: 3680 corp: 813/416Kb lim: 4096 exec/s: 22885 rss: 592Mb L: 2701/4096 MS: 5 CrossOver-ChangeBit-ChangeByte-InsertByte-EraseBytes-
#3001853	REDUCE cov: 1288 ft: 3680 corp: 813/416Kb lim: 4096 exec/s: 22914 rss: 592Mb L: 1216/4096 MS: 3 ChangeBinInt-PersAutoDict-EraseBytes- DE: "\001\000\000\000\000\000\000>"-
#3019274	REDUCE cov: 1288 ft: 3680 corp: 813/416Kb lim: 4096 exec/s: 23047 rss: 592Mb L: 2383/4096 MS: 1 EraseBytes-
#3046803	REDUCE cov: 1288 ft: 3680 corp: 813/416Kb lim: 4096 exec/s: 22908 rss: 592Mb L: 1099/4096 MS: 4 CopyPart-ShuffleBytes-CrossOver-InsertRepeatedBytes-
#3065229	REDUCE cov: 1288 ft: 3680 corp: 813/416Kb lim: 4096 exec/s: 23046 rss: 592Mb L: 1060/4096 MS: 1 EraseBytes-
#3090599	REDUCE cov: 1288 ft: 3680 corp: 813/416Kb lim: 4096 exec/s: 23064 rss: 592Mb L: 969/4096 MS: 5 ShuffleBytes-ChangeBinInt-ShuffleBytes-InsertByte-EraseBytes-
#3121726	REDUCE cov: 1288 ft: 3680 corp: 813/416Kb lim: 4096 exec/s: 22953 rss: 592Mb L: 531/4096 MS: 2 ChangeASCIIInt-EraseBytes-
#3135187	REDUCE cov: 1288 ft: 3680 corp: 813/416Kb lim: 4096 exec/s: 23052 rss: 592Mb L: 2812/4096 MS: 1 EraseBytes-
#3146873	REDUCE cov: 1288 ft: 3680 corp: 813/416Kb lim: 4096 exec/s: 22969 rss: 592Mb L: 1441/4096 MS: 1 EraseBytes-
#3267916	REDUCE cov: 1288 ft: 3680 corp: 813/416Kb lim: 4096 exec/s: 23176 rss: 592Mb L: 223/4096 MS: 3 CopyPart-ShuffleBytes-EraseBytes-
#3317475	REDUCE cov: 1288 ft: 3680 corp: 813/416Kb lim: 4096 exec/s: 23199 rss: 592Mb L: 3810/4096 MS: 4 EraseBytes-EraseBytes-ChangeBit-CopyPart-
#3418691	REDUCE cov: 1288 ft: 3680 corp: 813/416Kb lim: 4096 exec/s: 23256 rss: 592Mb L: 3336/4096 MS: 1 CrossOver-
#3437098	REDUCE cov: 1288 ft: 3680 corp: 813/416Kb lim: 4096 exec/s: 23223 rss: 592Mb L: 427/4096 MS: 2 ShuffleBytes-EraseBytes-
#3437779	REDUCE cov: 1288 ft: 3680 corp: 813/416Kb lim: 4096 exec/s: 23228 rss: 592Mb L: 986/4096 MS: 1 EraseBytes-
#3466796	REDUCE cov: 1288 ft: 3680 corp: 813/416Kb lim: 4096 exec/s: 23267 rss: 592Mb L: 4055/4096 MS: 2 ChangeASCIIInt-EraseBytes-
#3467807	REDUCE cov: 1288 ft: 3680 corp: 813/416Kb lim: 4096 exec/s: 23273 rss: 592Mb L: 222/4096 MS: 1 EraseBytes-
#3470488	REDUCE cov: 1288 ft: 3680 corp: 813/416Kb lim: 4096 exec/s: 23291 rss: 592Mb L: 2188/4096 MS: 1 EraseBytes-
#3525646	REDUCE cov: 1288 ft: 3680 corp: 813/416Kb lim: 4096 exec/s: 23348 rss: 592Mb L: 3325/4096 MS: 3 PersAutoDict-ChangeASCIIInt-EraseBytes- DE: "\001\000\000\000\000\000\000>"-
#3548827	REDUCE cov: 1288 ft: 3680 corp: 813/416Kb lim: 4096 exec/s: 23347 rss: 592Mb L: 558/4096 MS: 1 EraseBytes-
#3558083	REDUCE cov: 1288 ft: 3680 corp: 813/416Kb lim: 4096 exec/s: 23408 rss: 592Mb L: 902/4096 MS: 1 EraseBytes-
#3567864	REDUCE cov: 1288 ft: 3680 corp: 813/416Kb lim: 4096 exec/s: 23319 rss: 592Mb L: 512/4096 MS: 1 EraseBytes-
#3573660	REDUCE cov: 1288 ft: 3680 corp: 813/416Kb lim: 4096 exec/s: 23357 rss: 592Mb L: 596/4096 MS: 1 EraseBytes-
#3613471	REDUCE cov: 1288 ft: 3680 corp: 813/416Kb lim: 4096 exec/s: 23312 rss: 592Mb L: 1882/4096 MS: 1 EraseBytes-
#3640677	REDUCE cov: 1288 ft: 3680 corp: 813/416Kb lim: 4096 exec/s: 23337 rss: 592Mb L: 19/4096 MS: 1 EraseBytes-
#3647004	REDUCE cov: 1288 ft: 3680 corp: 813/416Kb lim: 4096 exec/s: 23378 rss: 592Mb L: 528/4096 MS: 2 InsertByte-EraseBytes-
#3747115	REDUCE cov: 1288 ft: 3680 corp: 813/416Kb lim: 4096 exec/s: 23419 rss: 592Mb L: 44/4096 MS: 1 EraseBytes-
#3750026	REDUCE cov: 1288 ft: 3680 corp: 813/416Kb lim: 4096 exec/s: 23437 rss: 592Mb L: 18/4096 MS: 1 EraseBytes-
#3805145	REDUCE cov: 1288 ft: 3680 corp: 813/416Kb lim: 4096 exec/s: 23488 rss: 592Mb L: 795/4096 MS: 4 CrossOver-ChangeByte-EraseBytes-CopyPart-
#3833761	REDUCE cov: 1288 ft: 3680 corp: 813/416Kb lim: 4096 exec/s: 23520 rss: 592Mb L: 2439/4096 MS: 1 EraseBytes-
#3839368	REDUCE cov: 1288 ft: 3680 corp: 813/416Kb lim: 4096 exec/s: 23554 rss: 592Mb L: 2241/4096 MS: 2 ShuffleBytes-EraseBytes-
#3850545	REDUCE cov: 1288 ft: 3680 corp: 813/416Kb lim: 4096 exec/s: 23478 rss: 592Mb L: 1845/4096 MS: 2 ShuffleBytes-EraseBytes-
#4061441	REDUCE cov: 1288 ft: 3680 corp: 813/416Kb lim: 4096 exec/s: 23476 rss: 592Mb L: 1025/4096 MS: 1 EraseBytes-
#4143602	REDUCE cov: 1288 ft: 3680 corp: 813/416Kb lim: 4096 exec/s: 23543 rss: 592Mb L: 946/4096 MS: 1 EraseBytes-
#4181704	REDUCE cov: 1288 ft: 3680 corp: 813/416Kb lim: 4096 exec/s: 23492 rss: 592Mb L: 328/4096 MS: 2 ChangeBit-EraseBytes-
#4194304	pulse  cov: 1288 ft: 3680 corp: 813/416Kb lim: 4096 exec/s: 23563 rss: 592Mb
#4195405	REDUCE cov: 1288 ft: 3680 corp: 813/416Kb lim: 4096 exec/s: 23569 rss: 592Mb L: 43/4096 MS: 1 EraseBytes-
#4218736	REDUCE cov: 1288 ft: 3680 corp: 813/416Kb lim: 4096 exec/s: 23568 rss: 592Mb L: 2150/4096 MS: 1 EraseBytes-
#4253818	REDUCE cov: 1288 ft: 3680 corp: 813/416Kb lim: 4096 exec/s: 23501 rss: 592Mb L: 507/4096 MS: 2 ChangeBit-EraseBytes-
#4283916	REDUCE cov: 1288 ft: 3680 corp: 813/416Kb lim: 4096 exec/s: 23538 rss: 592Mb L: 505/4096 MS: 3 CrossOver-CopyPart-EraseBytes-
#4318345	REDUCE cov: 1288 ft: 3680 corp: 813/416Kb lim: 4096 exec/s: 23597 rss: 592Mb L: 2693/4096 MS: 4 InsertByte-PersAutoDict-EraseBytes-CopyPart- DE: "\001\000\000\000\000\000\000>"-
#4388317	REDUCE cov: 1288 ft: 3680 corp: 813/416Kb lim: 4096 exec/s: 23593 rss: 592Mb L: 259/4096 MS: 2 ShuffleBytes-EraseBytes-
#4448941	REDUCE cov: 1288 ft: 3680 corp: 813/416Kb lim: 4096 exec/s: 23664 rss: 592Mb L: 775/4096 MS: 4 EraseBytes-ChangeBinInt-ShuffleBytes-CopyPart-
#4452482	REDUCE cov: 1288 ft: 3680 corp: 813/416Kb lim: 4096 exec/s: 23558 rss: 592Mb L: 1484/4096 MS: 1 EraseBytes-
#4503728	REDUCE cov: 1288 ft: 3680 corp: 813/416Kb lim: 4096 exec/s: 23579 rss: 592Mb L: 42/4096 MS: 1 EraseBytes-
#4537464	REDUCE cov: 1288 ft: 3680 corp: 813/416Kb lim: 4096 exec/s: 23632 rss: 592Mb L: 17/4096 MS: 1 EraseBytes-
#4620705	REDUCE cov: 1288 ft: 3680 corp: 813/416Kb lim: 4096 exec/s: 23695 rss: 592Mb L: 1768/4096 MS: 1 EraseBytes-
#4634438	REDUCE cov: 1288 ft: 3680 corp: 813/416Kb lim: 4096 exec/s: 23645 rss: 592Mb L: 2434/4096 MS: 3 ShuffleBytes-InsertByte-EraseBytes-
#4658924	REDUCE cov: 1288 ft: 3680 corp: 813/416Kb lim: 4096 exec/s: 23649 rss: 592Mb L: 28/4096 MS: 1 EraseBytes-
#4692780	REDUCE cov: 1288 ft: 3680 corp: 813/416Kb lim: 4096 exec/s: 23700 rss: 592Mb L: 27/4096 MS: 1 EraseBytes-
#4706176	REDUCE cov: 1288 ft: 3680 corp: 813/416Kb lim: 4096 exec/s: 23649 rss: 592Mb L: 284/4096 MS: 1 EraseBytes-
#4723218	REDUCE cov: 1288 ft: 3680 corp: 813/416Kb lim: 4096 exec/s: 23734 rss: 592Mb L: 3195/4096 MS: 1 EraseBytes-
#4738823	REDUCE cov: 1288 ft: 3680 corp: 813/416Kb lim: 4096 exec/s: 23694 rss: 592Mb L: 479/4096 MS: 5 ChangeByte-ChangeBit-ChangeBit-ShuffleBytes-EraseBytes-
#4779974	REDUCE cov: 1288 ft: 3680 corp: 813/416Kb lim: 4096 exec/s: 23663 rss: 592Mb L: 1868/4096 MS: 1 EraseBytes-
#4783990	REDUCE cov: 1288 ft: 3680 corp: 813/416Kb lim: 4096 exec/s: 23683 rss: 592Mb L: 1960/4096 MS: 1 EraseBytes-
#4812171	REDUCE cov: 1288 ft: 3680 corp: 813/416Kb lim: 4096 exec/s: 23705 rss: 592Mb L: 1242/4096 MS: 1 EraseBytes-
#4859997	REDUCE cov: 1288 ft: 3680 corp: 813/416Kb lim: 4096 exec/s: 23707 rss: 592Mb L: 291/4096 MS: 1 EraseBytes-
#4861018	REDUCE cov: 1288 ft: 3680 corp: 813/416Kb lim: 4096 exec/s: 23712 rss: 592Mb L: 426/4096 MS: 1 EraseBytes-
#4863744	REDUCE cov: 1288 ft: 3680 corp: 813/416Kb lim: 4096 exec/s: 23725 rss: 592Mb L: 1227/4096 MS: 1 EraseBytes-
#4865151	REDUCE cov: 1288 ft: 3680 corp: 813/416Kb lim: 4096 exec/s: 23732 rss: 592Mb L: 2397/4096 MS: 2 ChangeByte-EraseBytes-
#4876474	REDUCE cov: 1288 ft: 3680 corp: 813/416Kb lim: 4096 exec/s: 23787 rss: 592Mb L: 1207/4096 MS: 3 InsertByte-PersAutoDict-EraseBytes- DE: "\001\000\000\000\000\000\000>"-
#4922580	REDUCE cov: 1288 ft: 3680 corp: 813/416Kb lim: 4096 exec/s: 23780 rss: 592Mb L: 638/4096 MS: 1 EraseBytes-
#4938011	REDUCE cov: 1288 ft: 3680 corp: 813/416Kb lim: 4096 exec/s: 23740 rss: 592Mb L: 26/4096 MS: 1 EraseBytes-
#4965048	REDUCE cov: 1288 ft: 3680 corp: 813/416Kb lim: 4096 exec/s: 23756 rss: 592Mb L: 1319/4096 MS: 1 EraseBytes-
#4971174	REDUCE cov: 1288 ft: 3680 corp: 813/416Kb lim: 4096 exec/s: 23785 rss: 592Mb L: 627/4096 MS: 1 EraseBytes-
#4986181	REDUCE cov: 1288 ft: 3680 corp: 813/416Kb lim: 4096 exec/s: 23743 rss: 592Mb L: 1595/4096 MS: 2 EraseBytes-CopyPart-
#5021637	REDUCE cov: 1288 ft: 3680 corp: 813/416Kb lim: 4096 exec/s: 23799 rss: 592Mb L: 436/4096 MS: 1 EraseBytes-
#5044974	REDUCE cov: 1288 ft: 3680 corp: 813/416Kb lim: 4096 exec/s: 23797 rss: 592Mb L: 161/4096 MS: 2 ShuffleBytes-EraseBytes-
#5053555	REDUCE cov: 1288 ft: 3680 corp: 813/416Kb lim: 4096 exec/s: 23837 rss: 592Mb L: 16/4096 MS: 1 EraseBytes-
#5069321	REDUCE cov: 1288 ft: 3680 corp: 813/416Kb lim: 4096 exec/s: 23799 rss: 592Mb L: 220/4096 MS: 1 EraseBytes-
#5107617	REDUCE cov: 1288 ft: 3680 corp: 813/416Kb lim: 4096 exec/s: 23867 rss: 592Mb L: 1481/4096 MS: 1 EraseBytes-
#5183563	REDUCE cov: 1288 ft: 3680 corp: 813/416Kb lim: 4096 exec/s: 23887 rss: 592Mb L: 289/4096 MS: 1 EraseBytes-
#5213939	REDUCE cov: 1288 ft: 3680 corp: 813/416Kb lim: 4096 exec/s: 23807 rss: 592Mb L: 40/4096 MS: 1 EraseBytes-
#5217412	REDUCE cov: 1288 ft: 3680 corp: 813/416Kb lim: 4096 exec/s: 23823 rss: 592Mb L: 214/4096 MS: 3 EraseBytes-CopyPart-CopyPart-
#5253944	REDUCE cov: 1288 ft: 3680 corp: 813/416Kb lim: 4096 exec/s: 23881 rss: 592Mb L: 867/4096 MS: 2 CopyPart-EraseBytes-
#5332570	REDUCE cov: 1288 ft: 3680 corp: 813/416Kb lim: 4096 exec/s: 23912 rss: 592Mb L: 1460/4096 MS: 1 EraseBytes-
#5352791	REDUCE cov: 1288 ft: 3680 corp: 813/416Kb lim: 4096 exec/s: 23790 rss: 592Mb L: 344/4096 MS: 1 EraseBytes-
#5448218	REDUCE cov: 1288 ft: 3680 corp: 813/416Kb lim: 4096 exec/s: 23791 rss: 592Mb L: 1024/4096 MS: 2 InsertByte-EraseBytes-
#5498324	REDUCE cov: 1288 ft: 3680 corp: 813/416Kb lim: 4096 exec/s: 23802 rss: 592Mb L: 500/4096 MS: 1 EraseBytes-
#5558735	REDUCE cov: 1288 ft: 3680 corp: 813/416Kb lim: 4096 exec/s: 23857 rss: 592Mb L: 137/4096 MS: 1 EraseBytes-
#5596741	REDUCE cov: 1288 ft: 3680 corp: 813/416Kb lim: 4096 exec/s: 23917 rss: 592Mb L: 160/4096 MS: 1 EraseBytes-
#5599432	REDUCE cov: 1288 ft: 3680 corp: 813/416Kb lim: 4096 exec/s: 23827 rss: 592Mb L: 345/4096 MS: 1 EraseBytes-
#5601973	REDUCE cov: 1288 ft: 3680 corp: 813/416Kb lim: 4096 exec/s: 23838 rss: 592Mb L: 25/4096 MS: 1 EraseBytes-
#5661659	REDUCE cov: 1288 ft: 3680 corp: 813/416Kb lim: 4096 exec/s: 23888 rss: 592Mb L: 1004/4096 MS: 1 EraseBytes-
#5668621	REDUCE cov: 1288 ft: 3680 corp: 813/416Kb lim: 4096 exec/s: 23918 rss: 592Mb L: 1583/4096 MS: 2 CrossOver-EraseBytes-
#5720894	REDUCE cov: 1288 ft: 3680 corp: 813/416Kb lim: 4096 exec/s: 23936 rss: 592Mb L: 283/4096 MS: 3 ChangeByte-CopyPart-EraseBytes-
#5740855	REDUCE cov: 1288 ft: 3680 corp: 813/416Kb lim: 4096 exec/s: 23920 rss: 592Mb L: 1051/4096 MS: 1 EraseBytes-
#5782001	REDUCE cov: 1288 ft: 3680 corp: 813/416Kb lim: 4096 exec/s: 23892 rss: 592Mb L: 1239/4096 MS: 1 EraseBytes-
#5851277	REDUCE cov: 1288 ft: 3680 corp: 813/416Kb lim: 4096 exec/s: 23980 rss: 592Mb L: 1237/4096 MS: 1 EraseBytes-
#5935757	REDUCE cov: 1288 ft: 3680 corp: 813/416Kb lim: 4096 exec/s: 23934 rss: 592Mb L: 469/4096 MS: 4 ChangeBit-CrossOver-InsertRepeatedBytes-EraseBytes-
#6041573	REDUCE cov: 1288 ft: 3680 corp: 813/416Kb lim: 4096 exec/s: 23974 rss: 592Mb L: 92/4096 MS: 1 EraseBytes-
#6112099	REDUCE cov: 1288 ft: 3680 corp: 813/416Kb lim: 4096 exec/s: 23969 rss: 592Mb L: 467/4096 MS: 1 EraseBytes-
#6117016	REDUCE cov: 1288 ft: 3680 corp: 813/416Kb lim: 4096 exec/s: 23988 rss: 592Mb L: 1275/4096 MS: 2 ChangeBit-EraseBytes-
#6304943	REDUCE cov: 1288 ft: 3680 corp: 813/416Kb lim: 4096 exec/s: 24064 rss: 592Mb L: 461/4096 MS: 2 ShuffleBytes-EraseBytes-
#6305324	REDUCE cov: 1288 ft: 3680 corp: 813/416Kb lim: 4096 exec/s: 24066 rss: 592Mb L: 1157/4096 MS: 1 EraseBytes-
#6432396	REDUCE cov: 1288 ft: 3680 corp: 813/416Kb lim: 4096 exec/s: 24091 rss: 592Mb L: 496/4096 MS: 1 EraseBytes-
#6437726	REDUCE cov: 1288 ft: 3680 corp: 813/416Kb lim: 4096 exec/s: 24021 rss: 592Mb L: 495/4096 MS: 5 ChangeBit-PersAutoDict-EraseBytes-InsertByte-CopyPart- DE: "\001\000\000\000\000\000\000>"-
#6458277	REDUCE cov: 1288 ft: 3680 corp: 813/416Kb lim: 4096 exec/s: 24098 rss: 592Mb L: 769/4096 MS: 1 EraseBytes-
#6517938	REDUCE cov: 1288 ft: 3680 corp: 813/416Kb lim: 4096 exec/s: 24051 rss: 592Mb L: 137/4096 MS: 1 EraseBytes-
#6522749	REDUCE cov: 1288 ft: 3680 corp: 813/416Kb lim: 4096 exec/s: 24069 rss: 592Mb L: 214/4096 MS: 1 EraseBytes-
#6633026	REDUCE cov: 1288 ft: 3680 corp: 813/416Kb lim: 4096 exec/s: 24120 rss: 592Mb L: 3394/4096 MS: 2 ShuffleBytes-EraseBytes-
#6682742	REDUCE cov: 1288 ft: 3680 corp: 813/416Kb lim: 4096 exec/s: 24125 rss: 592Mb L: 406/4096 MS: 1 EraseBytes-
#6696369	REDUCE cov: 1288 ft: 3680 corp: 813/416Kb lim: 4096 exec/s: 24087 rss: 592Mb L: 1137/4096 MS: 2 ChangeBinInt-EraseBytes-
#6715165	REDUCE cov: 1288 ft: 3680 corp: 813/416Kb lim: 4096 exec/s: 24155 rss: 592Mb L: 294/4096 MS: 1 EraseBytes-
#6808741	REDUCE cov: 1288 ft: 3680 corp: 813/416Kb lim: 4096 exec/s: 24144 rss: 592Mb L: 1187/4096 MS: 1 EraseBytes-
#6838148	REDUCE cov: 1288 ft: 3680 corp: 813/416Kb lim: 4096 exec/s: 24163 rss: 592Mb L: 3498/4096 MS: 2 PersAutoDict-EraseBytes- DE: "\001\000\000\000\000\000\000>"-
#6972584	REDUCE cov: 1288 ft: 3680 corp: 813/416Kb lim: 4096 exec/s: 24210 rss: 592Mb L: 147/4096 MS: 1 EraseBytes-
#7004860	REDUCE cov: 1288 ft: 3680 corp: 813/416Kb lim: 4096 exec/s: 24154 rss: 592Mb L: 1413/4096 MS: 1 EraseBytes-
#7020481	REDUCE cov: 1288 ft: 3680 corp: 813/416Kb lim: 4096 exec/s: 24208 rss: 592Mb L: 57/4096 MS: 1 EraseBytes-
#7145662	REDUCE cov: 1288 ft: 3680 corp: 813/416Kb lim: 4096 exec/s: 24222 rss: 592Mb L: 2708/4096 MS: 1 EraseBytes-
#7158213	REDUCE cov: 1288 ft: 3680 corp: 813/416Kb lim: 4096 exec/s: 24183 rss: 592Mb L: 2616/4096 MS: 1 EraseBytes-
#7162969	REDUCE cov: 1288 ft: 3680 corp: 813/416Kb lim: 4096 exec/s: 24199 rss: 592Mb L: 964/4096 MS: 1 EraseBytes-
#7187862	REDUCE cov: 1288 ft: 3680 corp: 813/416Kb lim: 4096 exec/s: 24201 rss: 592Mb L: 523/4096 MS: 3 CopyPart-CopyPart-EraseBytes-
#7204798	REDUCE cov: 1288 ft: 3680 corp: 813/416Kb lim: 4096 exec/s: 24177 rss: 592Mb L: 425/4096 MS: 1 EraseBytes-
#7227109	REDUCE cov: 1288 ft: 3680 corp: 813/416Kb lim: 4096 exec/s: 24170 rss: 592Mb L: 145/4096 MS: 1 EraseBytes-
#7282800	REDUCE cov: 1288 ft: 3680 corp: 813/416Kb lim: 4096 exec/s: 24195 rss: 592Mb L: 3774/4096 MS: 1 EraseBytes-
#7343952	REDUCE cov: 1288 ft: 3680 corp: 813/416Kb lim: 4096 exec/s: 24237 rss: 592Mb L: 617/4096 MS: 2 ChangeBit-EraseBytes-
#7348169	REDUCE cov: 1288 ft: 3680 corp: 813/416Kb lim: 4096 exec/s: 24251 rss: 592Mb L: 637/4096 MS: 2 ShuffleBytes-EraseBytes-
#7384920	REDUCE cov: 1288 ft: 3680 corp: 813/416Kb lim: 4096 exec/s: 24212 rss: 592Mb L: 111/4096 MS: 1 EraseBytes-
#7406507	REDUCE cov: 1288 ft: 3680 corp: 813/416Kb lim: 4096 exec/s: 24204 rss: 592Mb L: 280/4096 MS: 2 ShuffleBytes-EraseBytes-
#7414823	REDUCE cov: 1288 ft: 3680 corp: 813/416Kb lim: 4096 exec/s: 24231 rss: 592Mb L: 1494/4096 MS: 1 EraseBytes-
#7429494	REDUCE cov: 1288 ft: 3680 corp: 813/416Kb lim: 4096 exec/s: 24200 rss: 592Mb L: 1596/4096 MS: 1 EraseBytes-
#7470440	REDUCE cov: 1288 ft: 3680 corp: 813/416Kb lim: 4096 exec/s: 24254 rss: 592Mb L: 3184/4096 MS: 1 EraseBytes-
#7543708	REDUCE cov: 1288 ft: 3680 corp: 813/416Kb lim: 4096 exec/s: 24256 rss: 592Mb L: 944/4096 MS: 3 ChangeBit-ChangeBit-EraseBytes-
#7644447	REDUCE cov: 1288 ft: 3680 corp: 813/416Kb lim: 4096 exec/s: 24268 rss: 592Mb L: 2401/4096 MS: 4 EraseBytes-ChangeByte-CopyPart-EraseBytes-
#7754013	REDUCE cov: 1288 ft: 3680 corp: 813/416Kb lim: 4096 exec/s: 24307 rss: 592Mb L: 569/4096 MS: 1 EraseBytes-
#7778399	REDUCE cov: 1288 ft: 3680 corp: 813/416Kb lim: 4096 exec/s: 24307 rss: 592Mb L: 212/4096 MS: 1 EraseBytes-
#7858570	REDUCE cov: 1288 ft: 3680 corp: 813/416Kb lim: 4096 exec/s: 24329 rss: 592Mb L: 1423/4096 MS: 1 EraseBytes-
#7942241	REDUCE cov: 1288 ft: 3680 corp: 813/416Kb lim: 4096 exec/s: 24288 rss: 592Mb L: 521/4096 MS: 1 EraseBytes-
#8016817	REDUCE cov: 1288 ft: 3680 corp: 813/416Kb lim: 4096 exec/s: 24293 rss: 592Mb L: 255/4096 MS: 1 EraseBytes-
#8027904	REDUCE cov: 1288 ft: 3680 corp: 813/415Kb lim: 4096 exec/s: 24326 rss: 592Mb L: 2949/4096 MS: 2 ChangeASCIIInt-EraseBytes-
#8069655	REDUCE cov: 1288 ft: 3680 corp: 813/415Kb lim: 4096 exec/s: 24306 rss: 592Mb L: 1490/4096 MS: 1 EraseBytes-
#8093336	REDUCE cov: 1288 ft: 3680 corp: 813/415Kb lim: 4096 exec/s: 24304 rss: 592Mb L: 570/4096 MS: 1 EraseBytes-
#8128737	REDUCE cov: 1288 ft: 3680 corp: 813/415Kb lim: 4096 exec/s: 24337 rss: 592Mb L: 456/4096 MS: 1 EraseBytes-
#8172339	REDUCE cov: 1288 ft: 3680 corp: 813/415Kb lim: 4096 exec/s: 24322 rss: 592Mb L: 2393/4096 MS: 2 ChangeBinInt-EraseBytes-
#8303675	REDUCE cov: 1288 ft: 3680 corp: 813/415Kb lim: 4096 exec/s: 24350 rss: 592Mb L: 159/4096 MS: 1 EraseBytes-
#8339161	REDUCE cov: 1288 ft: 3680 corp: 813/415Kb lim: 4096 exec/s: 24383 rss: 592Mb L: 1189/4096 MS: 1 EraseBytes-
#8386242	REDUCE cov: 1288 ft: 3680 corp: 813/415Kb lim: 4096 exec/s: 24378 rss: 592Mb L: 458/4096 MS: 1 EraseBytes-
#8388608	pulse  cov: 1288 ft: 3680 corp: 813/415Kb lim: 4096 exec/s: 24385 rss: 592Mb
#8496551	REDUCE cov: 1288 ft: 3680 corp: 813/415Kb lim: 4096 exec/s: 24415 rss: 592Mb L: 927/4096 MS: 4 CopyPart-InsertByte-CrossOver-EraseBytes-
#8546328	REDUCE cov: 1288 ft: 3680 corp: 813/415Kb lim: 4096 exec/s: 24418 rss: 592Mb L: 447/4096 MS: 2 ChangeByte-EraseBytes-
#8554326	REDUCE cov: 1288 ft: 3680 corp: 813/415Kb lim: 4096 exec/s: 24440 rss: 592Mb L: 279/4096 MS: 3 CopyPart-CopyPart-EraseBytes-
#8573957	REDUCE cov: 1288 ft: 3680 corp: 813/415Kb lim: 4096 exec/s: 24427 rss: 592Mb L: 282/4096 MS: 1 EraseBytes-
#8581178	REDUCE cov: 1288 ft: 3680 corp: 813/415Kb lim: 4096 exec/s: 24447 rss: 592Mb L: 91/4096 MS: 1 EraseBytes-
#8671050	REDUCE cov: 1288 ft: 3680 corp: 813/415Kb lim: 4096 exec/s: 24425 rss: 592Mb L: 2604/4096 MS: 2 ShuffleBytes-EraseBytes-
#8749081	REDUCE cov: 1288 ft: 3680 corp: 813/415Kb lim: 4096 exec/s: 24438 rss: 592Mb L: 616/4096 MS: 1 EraseBytes-
#8756302	REDUCE cov: 1288 ft: 3680 corp: 813/415Kb lim: 4096 exec/s: 24458 rss: 592Mb L: 1432/4096 MS: 1 CrossOver-
#8760044	REDUCE cov: 1288 ft: 3680 corp: 813/415Kb lim: 4096 exec/s: 24469 rss: 592Mb L: 280/4096 MS: 2 InsertByte-EraseBytes-
#8762090	REDUCE cov: 1288 ft: 3680 corp: 813/415Kb lim: 4096 exec/s: 24475 rss: 592Mb L: 3940/4096 MS: 1 EraseBytes-
#8762837	REDUCE cov: 1288 ft: 3680 corp: 813/415Kb lim: 4096 exec/s: 24477 rss: 592Mb L: 1412/4096 MS: 2 CopyPart-EraseBytes-
#8799963	REDUCE cov: 1288 ft: 3680 corp: 813/415Kb lim: 4096 exec/s: 24444 rss: 592Mb L: 4002/4096 MS: 1 EraseBytes-
#8817620	REDUCE cov: 1288 ft: 3680 corp: 813/415Kb lim: 4096 exec/s: 24425 rss: 592Mb L: 1430/4096 MS: 2 CMP-EraseBytes- DE: "\001\000\000\000\000\000\000\000"-
#8860527	REDUCE cov: 1288 ft: 3680 corp: 813/415Kb lim: 4096 exec/s: 24476 rss: 592Mb L: 487/4096 MS: 2 CopyPart-EraseBytes-
#8894678	REDUCE cov: 1288 ft: 3680 corp: 813/415Kb lim: 4096 exec/s: 24435 rss: 592Mb L: 56/4096 MS: 1 EraseBytes-
#8929859	REDUCE cov: 1288 ft: 3680 corp: 813/415Kb lim: 4096 exec/s: 24465 rss: 592Mb L: 446/4096 MS: 1 EraseBytes-
#8935823	REDUCE cov: 1288 ft: 3680 corp: 813/415Kb lim: 4096 exec/s: 24481 rss: 592Mb L: 485/4096 MS: 4 ChangeBinInt-ChangeBinInt-EraseBytes-CopyPart-
#8947404	REDUCE cov: 1288 ft: 3680 corp: 813/415Kb lim: 4096 exec/s: 24446 rss: 592Mb L: 273/4096 MS: 1 EraseBytes-
#8959006	REDUCE cov: 1288 ft: 3680 corp: 813/415Kb lim: 4096 exec/s: 24478 rss: 592Mb L: 1488/4096 MS: 2 ShuffleBytes-EraseBytes-
#8966312	REDUCE cov: 1288 ft: 3680 corp: 813/415Kb lim: 4096 exec/s: 24498 rss: 592Mb L: 1295/4096 MS: 1 EraseBytes-
#8985440	REDUCE cov: 1288 ft: 3680 corp: 813/415Kb lim: 4096 exec/s: 24483 rss: 592Mb L: 654/4096 MS: 3 ShuffleBytes-InsertByte-EraseBytes-
#9063971	REDUCE cov: 1288 ft: 3680 corp: 813/415Kb lim: 4096 exec/s: 24497 rss: 592Mb L: 898/4096 MS: 1 EraseBytes-
#9069777	REDUCE cov: 1288 ft: 3680 corp: 813/415Kb lim: 4096 exec/s: 24512 rss: 592Mb L: 1153/4096 MS: 1 EraseBytes-
#9072088	REDUCE cov: 1288 ft: 3680 corp: 813/415Kb lim: 4096 exec/s: 24453 rss: 592Mb L: 1057/4096 MS: 1 EraseBytes-
#9072185	REDUCE cov: 1288 ft: 3680 corp: 813/415Kb lim: 4096 exec/s: 24453 rss: 592Mb L: 520/4096 MS: 2 CopyPart-EraseBytes-
#9088116	REDUCE cov: 1288 ft: 3680 corp: 813/415Kb lim: 4096 exec/s: 24496 rss: 592Mb L: 478/4096 MS: 1 EraseBytes-
#9115712	REDUCE cov: 1288 ft: 3680 corp: 813/415Kb lim: 4096 exec/s: 24504 rss: 592Mb L: 422/4096 MS: 1 EraseBytes-
#9134259	REDUCE cov: 1288 ft: 3680 corp: 813/415Kb lim: 4096 exec/s: 24488 rss: 592Mb L: 1274/4096 MS: 2 ChangeByte-EraseBytes-
#9165575	REDUCE cov: 1288 ft: 3680 corp: 813/415Kb lim: 4096 exec/s: 24506 rss: 592Mb L: 1479/4096 MS: 1 EraseBytes-
#9188981	REDUCE cov: 1288 ft: 3680 corp: 813/415Kb lim: 4096 exec/s: 24503 rss: 592Mb L: 158/4096 MS: 1 EraseBytes-
#9189718	REDUCE cov: 1288 ft: 3680 corp: 813/415Kb lim: 4096 exec/s: 24505 rss: 592Mb L: 387/4096 MS: 2 ChangeByte-EraseBytes-
#9190615	REDUCE cov: 1288 ft: 3680 corp: 813/415Kb lim: 4096 exec/s: 24508 rss: 592Mb L: 2710/4096 MS: 2 ChangeASCIIInt-EraseBytes-
#9233321	REDUCE cov: 1288 ft: 3680 corp: 813/415Kb lim: 4096 exec/s: 24491 rss: 592Mb L: 452/4096 MS: 1 EraseBytes-
#9270397	REDUCE cov: 1288 ft: 3680 corp: 813/415Kb lim: 4096 exec/s: 24524 rss: 592Mb L: 1285/4096 MS: 1 EraseBytes-
#9308308	REDUCE cov: 1288 ft: 3680 corp: 813/415Kb lim: 4096 exec/s: 24495 rss: 592Mb L: 1335/4096 MS: 1 EraseBytes-
#9311060	REDUCE cov: 1288 ft: 3680 corp: 813/415Kb lim: 4096 exec/s: 24502 rss: 592Mb L: 984/4096 MS: 2 ChangeASCIIInt-EraseBytes-
#9311196	REDUCE cov: 1288 ft: 3680 corp: 813/415Kb lim: 4096 exec/s: 24503 rss: 592Mb L: 1595/4096 MS: 1 EraseBytes-
#9352552	REDUCE cov: 1288 ft: 3680 corp: 813/415Kb lim: 4096 exec/s: 24483 rss: 592Mb L: 2704/4096 MS: 1 EraseBytes-
#9369780	REDUCE cov: 1288 ft: 3680 corp: 813/415Kb lim: 4096 exec/s: 24528 rss: 592Mb L: 279/4096 MS: 3 EraseBytes-InsertByte-CopyPart-
#9371156	REDUCE cov: 1288 ft: 3680 corp: 813/415Kb lim: 4096 exec/s: 24531 rss: 592Mb L: 38/4096 MS: 1 EraseBytes-
#9387614	REDUCE cov: 1288 ft: 3680 corp: 813/415Kb lim: 4096 exec/s: 24510 rss: 592Mb L: 501/4096 MS: 3 EraseBytes-PersAutoDict-CopyPart- DE: "\001\000\000\000\000\000\000>"-
#9428341	REDUCE cov: 1288 ft: 3680 corp: 813/415Kb lim: 4096 exec/s: 24552 rss: 592Mb L: 1271/4096 MS: 2 ChangeBinInt-EraseBytes-
#9493694	REDUCE cov: 1288 ft: 3680 corp: 813/415Kb lim: 4096 exec/s: 24531 rss: 592Mb L: 963/4096 MS: 3 ChangeByte-EraseBytes-CopyPart-
#9535290	REDUCE cov: 1288 ft: 3680 corp: 813/415Kb lim: 4096 exec/s: 24575 rss: 592Mb L: 475/4096 MS: 1 EraseBytes-
#9605766	REDUCE cov: 1288 ft: 3680 corp: 813/415Kb lim: 4096 exec/s: 24567 rss: 592Mb L: 862/4096 MS: 1 EraseBytes-
#9624598	REDUCE cov: 1288 ft: 3680 corp: 813/415Kb lim: 4096 exec/s: 24552 rss: 592Mb L: 3379/4096 MS: 2 ChangeASCIIInt-EraseBytes-
#9691454	REDUCE cov: 1288 ft: 3680 corp: 813/415Kb lim: 4096 exec/s: 24597 rss: 592Mb L: 426/4096 MS: 1 EraseBytes-
#9740960	REDUCE cov: 1288 ft: 3680 corp: 813/415Kb lim: 4096 exec/s: 24598 rss: 592Mb L: 582/4096 MS: 1 EraseBytes-
#9798861	REDUCE cov: 1288 ft: 3680 corp: 813/415Kb lim: 4096 exec/s: 24558 rss: 592Mb L: 2239/4096 MS: 1 EraseBytes-
#9879353	REDUCE cov: 1288 ft: 3680 corp: 813/415Kb lim: 4096 exec/s: 24575 rss: 592Mb L: 3250/4096 MS: 2 ChangeByte-EraseBytes-
#9927939	REDUCE cov: 1288 ft: 3680 corp: 813/415Kb lim: 4096 exec/s: 24635 rss: 592Mb L: 2575/4096 MS: 1 EraseBytes-
#9951539	REDUCE cov: 1288 ft: 3680 corp: 813/415Kb lim: 4096 exec/s: 24632 rss: 592Mb L: 1461/4096 MS: 5 ShuffleBytes-CopyPart-EraseBytes-ShuffleBytes-CrossOver-
#9956212	REDUCE cov: 1288 ft: 3680 corp: 813/415Kb lim: 4096 exec/s: 24583 rss: 592Mb L: 1087/4096 MS: 3 CrossOver-CMP-EraseBytes- DE: "\001\000\000\000\000\000\004B"-
#9973778	REDUCE cov: 1288 ft: 3680 corp: 813/415Kb lim: 4096 exec/s: 24626 rss: 592Mb L: 859/4096 MS: 1 EraseBytes-
#9987032	REDUCE cov: 1288 ft: 3680 corp: 813/415Kb lim: 4096 exec/s: 24598 rss: 592Mb L: 2053/4096 MS: 4 CopyPart-PersAutoDict-EraseBytes-CopyPart- DE: "\001\000\000\000\000\000\000>"-
#10029323	REDUCE cov: 1288 ft: 3680 corp: 813/415Kb lim: 4096 exec/s: 24642 rss: 592Mb L: 24/4096 MS: 1 EraseBytes-
#10045250	REDUCE cov: 1288 ft: 3680 corp: 813/415Kb lim: 4096 exec/s: 24620 rss: 592Mb L: 1408/4096 MS: 2 ChangeBinInt-EraseBytes-
#10160856	REDUCE cov: 1288 ft: 3680 corp: 813/415Kb lim: 4096 exec/s: 24602 rss: 592Mb L: 1003/4096 MS: 1 EraseBytes-
#10218242	REDUCE cov: 1288 ft: 3680 corp: 813/415Kb lim: 4096 exec/s: 24622 rss: 592Mb L: 1383/4096 MS: 1 EraseBytes-
#10255580	REDUCE cov: 1288 ft: 3680 corp: 813/415Kb lim: 4096 exec/s: 24652 rss: 592Mb L: 4014/4096 MS: 3 ChangeASCIIInt-CopyPart-EraseBytes-
#10302362	REDUCE cov: 1288 ft: 3680 corp: 813/415Kb lim: 4096 exec/s: 24646 rss: 592Mb L: 1381/4096 MS: 2 ChangeByte-EraseBytes-
#10313983	REDUCE cov: 1288 ft: 3680 corp: 813/415Kb lim: 4096 exec/s: 24615 rss: 592Mb L: 1589/4096 MS: 1 EraseBytes-
#10356559	REDUCE cov: 1288 ft: 3680 corp: 813/415Kb lim: 4096 exec/s: 24658 rss: 592Mb L: 845/4096 MS: 1 EraseBytes-
#10368305	REDUCE cov: 1288 ft: 3680 corp: 813/415Kb lim: 4096 exec/s: 24627 rss: 592Mb L: 1417/4096 MS: 1 EraseBytes-
#10425529	REDUCE cov: 1288 ft: 3680 corp: 813/415Kb lim: 4096 exec/s: 24646 rss: 592Mb L: 1825/4096 MS: 4 ChangeByte-CopyPart-ChangeBinInt-EraseBytes-
#10484436	REDUCE cov: 1288 ft: 3680 corp: 813/415Kb lim: 4096 exec/s: 24669 rss: 592Mb L: 1377/4096 MS: 2 ChangeByte-EraseBytes-
#10503732	REDUCE cov: 1288 ft: 3680 corp: 813/415Kb lim: 4096 exec/s: 24656 rss: 592Mb L: 962/4096 MS: 1 EraseBytes-
#10552958	REDUCE cov: 1288 ft: 3680 corp: 813/415Kb lim: 4096 exec/s: 24656 rss: 592Mb L: 327/4096 MS: 1 EraseBytes-
#10563939	REDUCE cov: 1288 ft: 3680 corp: 813/415Kb lim: 4096 exec/s: 24682 rss: 592Mb L: 1959/4096 MS: 1 EraseBytes-
#10580070	REDUCE cov: 1288 ft: 3680 corp: 813/415Kb lim: 4096 exec/s: 24662 rss: 592Mb L: 518/4096 MS: 1 EraseBytes-
#10625267	REDUCE cov: 1288 ft: 3680 corp: 813/415Kb lim: 4096 exec/s: 24709 rss: 592Mb L: 1403/4096 MS: 2 InsertByte-EraseBytes-
#10644412	REDUCE cov: 1288 ft: 3680 corp: 813/415Kb lim: 4096 exec/s: 24697 rss: 592Mb L: 2032/4096 MS: 5 ChangeBinInt-InsertRepeatedBytes-ChangeBinInt-CopyPart-EraseBytes-
#10849669	REDUCE cov: 1288 ft: 3680 corp: 813/415Kb lim: 4096 exec/s: 24714 rss: 592Mb L: 536/4096 MS: 2 ShuffleBytes-EraseBytes-
#10898670	REDUCE cov: 1288 ft: 3680 corp: 813/415Kb lim: 4096 exec/s: 24713 rss: 592Mb L: 406/4096 MS: 1 EraseBytes-
#10921266	REDUCE cov: 1288 ft: 3680 corp: 813/415Kb lim: 4096 exec/s: 24708 rss: 592Mb L: 961/4096 MS: 1 EraseBytes-
#10948058	REDUCE cov: 1288 ft: 3680 corp: 813/415Kb lim: 4096 exec/s: 24713 rss: 592Mb L: 434/4096 MS: 2 ChangeByte-EraseBytes-
#11044717	REDUCE cov: 1288 ft: 3680 corp: 813/415Kb lim: 4096 exec/s: 24763 rss: 592Mb L: 3993/4096 MS: 4 ChangeBinInt-EraseBytes-CMP-CopyPart- DE: "\001\000\000&"-
#11045589	REDUCE cov: 1288 ft: 3680 corp: 813/415Kb lim: 4096 exec/s: 24710 rss: 592Mb L: 472/4096 MS: 2 ChangeBit-EraseBytes-
#11082456	REDUCE cov: 1288 ft: 3680 corp: 813/415Kb lim: 4096 exec/s: 24737 rss: 592Mb L: 1203/4096 MS: 2 InsertByte-EraseBytes-
#11124507	REDUCE cov: 1288 ft: 3680 corp: 813/415Kb lim: 4096 exec/s: 24776 rss: 592Mb L: 485/4096 MS: 1 EraseBytes-
#11151368	REDUCE cov: 1288 ft: 3680 corp: 813/415Kb lim: 4096 exec/s: 24725 rss: 592Mb L: 278/4096 MS: 1 EraseBytes-
#11154689	REDUCE cov: 1288 ft: 3680 corp: 813/415Kb lim: 4096 exec/s: 24733 rss: 592Mb L: 1165/4096 MS: 1 EraseBytes-
#11178105	REDUCE cov: 1288 ft: 3680 corp: 813/415Kb lim: 4096 exec/s: 24730 rss: 592Mb L: 855/4096 MS: 1 EraseBytes-
#11218636	REDUCE cov: 1288 ft: 3680 corp: 813/415Kb lim: 4096 exec/s: 24765 rss: 592Mb L: 2235/4096 MS: 1 EraseBytes-
#11234357	REDUCE cov: 1288 ft: 3680 corp: 813/415Kb lim: 4096 exec/s: 24745 rss: 592Mb L: 2702/4096 MS: 1 EraseBytes-
#11255276	REDUCE cov: 1288 ft: 3680 corp: 813/415Kb lim: 4096 exec/s: 24736 rss: 592Mb L: 2909/4096 MS: 4 PersAutoDict-ChangeBinInt-ChangeASCIIInt-EraseBytes- DE: "\001\000\000\000\000\000\004B"-
#11296097	REDUCE cov: 1288 ft: 3680 corp: 813/415Kb lim: 4096 exec/s: 24772 rss: 592Mb L: 156/4096 MS: 1 EraseBytes-
#11415341	REDUCE cov: 1288 ft: 3680 corp: 813/415Kb lim: 4096 exec/s: 24762 rss: 592Mb L: 3298/4096 MS: 4 ShuffleBytes-EraseBytes-ChangeBinInt-CopyPart-
#11435752	REDUCE cov: 1288 ft: 3680 corp: 813/415Kb lim: 4096 exec/s: 24752 rss: 592Mb L: 552/4096 MS: 1 EraseBytes-
#11466341	REDUCE cov: 1288 ft: 3680 corp: 813/415Kb lim: 4096 exec/s: 24765 rss: 592Mb L: 838/4096 MS: 4 EraseBytes-InsertByte-InsertByte-ChangeBit-
#11482492	REDUCE cov: 1288 ft: 3680 corp: 813/415Kb lim: 4096 exec/s: 24746 rss: 592Mb L: 188/4096 MS: 1 EraseBytes-
#11488168	REDUCE cov: 1288 ft: 3680 corp: 813/415Kb lim: 4096 exec/s: 24758 rss: 592Mb L: 15/4096 MS: 1 EraseBytes-
#11526784	REDUCE cov: 1288 ft: 3680 corp: 813/415Kb lim: 4096 exec/s: 24788 rss: 592Mb L: 1347/4096 MS: 1 EraseBytes-
#11534345	REDUCE cov: 1288 ft: 3680 corp: 813/415Kb lim: 4096 exec/s: 24751 rss: 592Mb L: 3490/4096 MS: 1 EraseBytes-
#11548831	REDUCE cov: 1288 ft: 3680 corp: 813/415Kb lim: 4096 exec/s: 24782 rss: 592Mb L: 623/4096 MS: 1 EraseBytes-
#11641098	REDUCE cov: 1288 ft: 3680 corp: 813/415Kb lim: 4096 exec/s: 24768 rss: 592Mb L: 1305/4096 MS: 2 EraseBytes-PersAutoDict- DE: "\001\000\000\000\000\000\000>"-
#11647169	REDUCE cov: 1288 ft: 3680 corp: 813/415Kb lim: 4096 exec/s: 24781 rss: 592Mb L: 2906/4096 MS: 1 EraseBytes-
#11659875	REDUCE cov: 1288 ft: 3680 corp: 813/415Kb lim: 4096 exec/s: 24755 rss: 592Mb L: 14/4096 MS: 1 EraseBytes-
#11671951	REDUCE cov: 1288 ft: 3680 corp: 813/415Kb lim: 4096 exec/s: 24781 rss: 592Mb L: 1575/4096 MS: 1 EraseBytes-
#11684602	REDUCE cov: 1288 ft: 3680 corp: 813/415Kb lim: 4096 exec/s: 24755 rss: 592Mb L: 1212/4096 MS: 1 EraseBytes-
#11726483	REDUCE cov: 1288 ft: 3680 corp: 813/415Kb lim: 4096 exec/s: 24791 rss: 592Mb L: 498/4096 MS: 1 EraseBytes-
#11784495	REDUCE cov: 1288 ft: 3680 corp: 813/415Kb lim: 4096 exec/s: 24809 rss: 592Mb L: 433/4096 MS: 2 CopyPart-EraseBytes-
#11823627	REDUCE cov: 1288 ft: 3680 corp: 813/415Kb lim: 4096 exec/s: 24787 rss: 592Mb L: 3961/4096 MS: 2 CrossOver-EraseBytes-
#11898053	REDUCE cov: 1288 ft: 3680 corp: 813/415Kb lim: 4096 exec/s: 24787 rss: 592Mb L: 764/4096 MS: 1 EraseBytes-
#11918475	REDUCE cov: 1288 ft: 3680 corp: 813/415Kb lim: 4096 exec/s: 24830 rss: 592Mb L: 580/4096 MS: 2 InsertByte-EraseBytes-
#11950721	REDUCE cov: 1288 ft: 3680 corp: 813/415Kb lim: 4096 exec/s: 24794 rss: 592Mb L: 1112/4096 MS: 1 EraseBytes-
#11961627	REDUCE cov: 1288 ft: 3680 corp: 813/415Kb lim: 4096 exec/s: 24816 rss: 592Mb L: 276/4096 MS: 1 EraseBytes-
#12003970	REDUCE cov: 1288 ft: 3680 corp: 813/415Kb lim: 4096 exec/s: 24801 rss: 592Mb L: 3296/4096 MS: 3 ChangeASCIIInt-ShuffleBytes-EraseBytes-
#12021263	REDUCE cov: 1288 ft: 3680 corp: 813/414Kb lim: 4096 exec/s: 24837 rss: 592Mb L: 3278/4096 MS: 3 ShuffleBytes-ChangeByte-EraseBytes-
#12066810	REDUCE cov: 1288 ft: 3680 corp: 813/414Kb lim: 4096 exec/s: 24828 rss: 592Mb L: 495/4096 MS: 2 ChangeBit-EraseBytes-
#12083436	REDUCE cov: 1288 ft: 3680 corp: 813/414Kb lim: 4096 exec/s: 24811 rss: 592Mb L: 3781/4096 MS: 1 EraseBytes-
#12116208	REDUCE cov: 1288 ft: 3680 corp: 813/414Kb lim: 4096 exec/s: 24828 rss: 592Mb L: 3244/4096 MS: 1 EraseBytes-
#12128184	REDUCE cov: 1288 ft: 3680 corp: 813/414Kb lim: 4096 exec/s: 24852 rss: 592Mb L: 404/4096 MS: 1 EraseBytes-
#12166177	REDUCE cov: 1288 ft: 3680 corp: 813/414Kb lim: 4096 exec/s: 24828 rss: 592Mb L: 2894/4096 MS: 3 CMP-InsertByte-EraseBytes- DE: "\000\000\000\000\000\000\000\000"-
#12229352	REDUCE cov: 1288 ft: 3680 corp: 813/414Kb lim: 4096 exec/s: 24856 rss: 592Mb L: 1576/4096 MS: 5 ChangeASCIIInt-CopyPart-ChangeASCIIInt-CrossOver-EraseBytes-
#12271485	REDUCE cov: 1288 ft: 3680 corp: 813/414Kb lim: 4096 exec/s: 24841 rss: 592Mb L: 434/4096 MS: 3 ShuffleBytes-EraseBytes-CrossOver-
#12294716	REDUCE cov: 1288 ft: 3680 corp: 813/414Kb lim: 4096 exec/s: 24837 rss: 592Mb L: 470/4096 MS: 1 EraseBytes-
#12331552	REDUCE cov: 1288 ft: 3680 corp: 813/414Kb lim: 4096 exec/s: 24862 rss: 592Mb L: 2689/4096 MS: 1 EraseBytes-
#12347463	REDUCE cov: 1288 ft: 3680 corp: 813/414Kb lim: 4096 exec/s: 24843 rss: 592Mb L: 419/4096 MS: 1 EraseBytes-
#12381301	REDUCE cov: 1288 ft: 3680 corp: 813/414Kb lim: 4096 exec/s: 24862 rss: 592Mb L: 1326/4096 MS: 3 EraseBytes-CrossOver-CrossOver-
#12416818	REDUCE cov: 1288 ft: 3680 corp: 813/414Kb lim: 4096 exec/s: 24833 rss: 592Mb L: 1321/4096 MS: 2 ShuffleBytes-EraseBytes-
#12452310	REDUCE cov: 1288 ft: 3680 corp: 813/414Kb lim: 4096 exec/s: 24854 rss: 592Mb L: 469/4096 MS: 1 EraseBytes-
#12593382	REDUCE cov: 1288 ft: 3680 corp: 813/414Kb lim: 4096 exec/s: 24888 rss: 592Mb L: 1299/4096 MS: 2 InsertByte-EraseBytes-
#12622588	REDUCE cov: 1288 ft: 3680 corp: 813/414Kb lim: 4096 exec/s: 24896 rss: 592Mb L: 72/4096 MS: 1 EraseBytes-
#12740440	REDUCE cov: 1288 ft: 3680 corp: 813/414Kb lim: 4096 exec/s: 24883 rss: 592Mb L: 378/4096 MS: 2 CopyPart-EraseBytes-
#12758201	REDUCE cov: 1288 ft: 3680 corp: 813/414Kb lim: 4096 exec/s: 24869 rss: 592Mb L: 1574/4096 MS: 1 EraseBytes-
#12849707	REDUCE cov: 1288 ft: 3680 corp: 813/414Kb lim: 4096 exec/s: 24902 rss: 592Mb L: 651/4096 MS: 1 EraseBytes-
#12900919	REDUCE cov: 1288 ft: 3680 corp: 813/414Kb lim: 4096 exec/s: 24905 rss: 592Mb L: 491/4096 MS: 2 ShuffleBytes-EraseBytes-
#12927042	REDUCE cov: 1288 ft: 3680 corp: 813/414Kb lim: 4096 exec/s: 24907 rss: 592Mb L: 1077/4096 MS: 3 CopyPart-EraseBytes-CrossOver-
#12949763	REDUCE cov: 1288 ft: 3680 corp: 813/414Kb lim: 4096 exec/s: 24903 rss: 592Mb L: 527/4096 MS: 1 EraseBytes-
#12958964	REDUCE cov: 1288 ft: 3680 corp: 813/414Kb lim: 4096 exec/s: 24873 rss: 592Mb L: 293/4096 MS: 1 EraseBytes-
#12991640	REDUCE cov: 1288 ft: 3680 corp: 813/414Kb lim: 4096 exec/s: 24888 rss: 592Mb L: 1317/4096 MS: 1 EraseBytes-
#13143251	REDUCE cov: 1288 ft: 3680 corp: 813/414Kb lim: 4096 exec/s: 24939 rss: 592Mb L: 428/4096 MS: 1 EraseBytes-
#13143857	REDUCE cov: 1288 ft: 3680 corp: 813/414Kb lim: 4096 exec/s: 24893 rss: 592Mb L: 1410/4096 MS: 1 EraseBytes-
#13151124	REDUCE cov: 1288 ft: 3680 corp: 813/414Kb lim: 4096 exec/s: 24907 rss: 592Mb L: 1858/4096 MS: 2 ChangeBit-EraseBytes-
#13154407	REDUCE cov: 1288 ft: 3680 corp: 813/414Kb lim: 4096 exec/s: 24913 rss: 592Mb L: 3798/4096 MS: 3 ChangeByte-ChangeByte-EraseBytes-
#13228159	REDUCE cov: 1288 ft: 3680 corp: 813/414Kb lim: 4096 exec/s: 24911 rss: 592Mb L: 37/4096 MS: 2 ChangeBit-EraseBytes-
#13404395	REDUCE cov: 1288 ft: 3680 corp: 813/414Kb lim: 4096 exec/s: 24961 rss: 592Mb L: 1069/4096 MS: 1 EraseBytes-
#13475486	REDUCE cov: 1288 ft: 3680 corp: 813/414Kb lim: 4096 exec/s: 24954 rss: 592Mb L: 1314/4096 MS: 1 EraseBytes-
#13478667	REDUCE cov: 1288 ft: 3680 corp: 813/414Kb lim: 4096 exec/s: 24960 rss: 592Mb L: 258/4096 MS: 1 EraseBytes-
#13484933	REDUCE cov: 1288 ft: 3680 corp: 813/414Kb lim: 4096 exec/s: 24925 rss: 592Mb L: 110/4096 MS: 1 EraseBytes-
#13489894	REDUCE cov: 1288 ft: 3680 corp: 813/414Kb lim: 4096 exec/s: 24935 rss: 592Mb L: 1367/4096 MS: 1 EraseBytes-
#13576771	REDUCE cov: 1288 ft: 3680 corp: 813/414Kb lim: 4096 exec/s: 24957 rss: 592Mb L: 431/4096 MS: 2 ChangeByte-EraseBytes-
#13582092	REDUCE cov: 1288 ft: 3680 corp: 813/414Kb lim: 4096 exec/s: 24921 rss: 592Mb L: 3181/4096 MS: 1 EraseBytes-
#13592003	REDUCE cov: 1288 ft: 3680 corp: 813/414Kb lim: 4096 exec/s: 24939 rss: 592Mb L: 506/4096 MS: 1 EraseBytes-
#13597554	REDUCE cov: 1288 ft: 3680 corp: 813/414Kb lim: 4096 exec/s: 24949 rss: 592Mb L: 426/4096 MS: 1 EraseBytes-
#13653270	REDUCE cov: 1288 ft: 3680 corp: 813/414Kb lim: 4096 exec/s: 24960 rss: 592Mb L: 2698/4096 MS: 1 EraseBytes-
#13669888	REDUCE cov: 1288 ft: 3680 corp: 813/414Kb lim: 4096 exec/s: 24945 rss: 592Mb L: 3229/4096 MS: 3 ShuffleBytes-EraseBytes-CrossOver-
#13686019	REDUCE cov: 1288 ft: 3680 corp: 813/414Kb lim: 4096 exec/s: 24928 rss: 592Mb L: 417/4096 MS: 1 EraseBytes-
#13699937	REDUCE cov: 1288 ft: 3680 corp: 813/414Kb lim: 4096 exec/s: 24954 rss: 592Mb L: 1558/4096 MS: 3 PersAutoDict-CopyPart-EraseBytes- DE: "\001\000\000\000\000\000\000\000"-
#13728016	REDUCE cov: 1288 ft: 3680 corp: 813/414Kb lim: 4096 exec/s: 24960 rss: 592Mb L: 1580/4096 MS: 4 CopyPart-EraseBytes-CrossOver-ChangeBinInt-
#13792827	REDUCE cov: 1288 ft: 3680 corp: 813/414Kb lim: 4096 exec/s: 24941 rss: 592Mb L: 2891/4096 MS: 1 EraseBytes-
#13825523	REDUCE cov: 1288 ft: 3680 corp: 813/413Kb lim: 4096 exec/s: 24955 rss: 592Mb L: 3232/4096 MS: 1 CrossOver-
#13867829	REDUCE cov: 1288 ft: 3680 corp: 813/413Kb lim: 4096 exec/s: 24942 rss: 592Mb L: 109/4096 MS: 1 EraseBytes-
#13899896	REDUCE cov: 1288 ft: 3680 corp: 813/413Kb lim: 4096 exec/s: 24954 rss: 592Mb L: 1414/4096 MS: 2 CopyPart-EraseBytes-
#13945384	REDUCE cov: 1288 ft: 3680 corp: 813/413Kb lim: 4096 exec/s: 24902 rss: 592Mb L: 2174/4096 MS: 3 ChangeASCIIInt-EraseBytes-CopyPart-
#14033206	REDUCE cov: 1288 ft: 3680 corp: 813/413Kb lim: 4096 exec/s: 24881 rss: 592Mb L: 517/4096 MS: 2 CopyPart-EraseBytes-
#14047078	REDUCE cov: 1288 ft: 3680 corp: 813/413Kb lim: 4096 exec/s: 24906 rss: 592Mb L: 1881/4096 MS: 2 ShuffleBytes-EraseBytes-
#14100234	REDUCE cov: 1288 ft: 3680 corp: 813/413Kb lim: 4096 exec/s: 24912 rss: 592Mb L: 267/4096 MS: 1 EraseBytes-
#14137556	REDUCE cov: 1288 ft: 3680 corp: 813/413Kb lim: 4096 exec/s: 24890 rss: 592Mb L: 344/4096 MS: 2 ShuffleBytes-EraseBytes-
#14262640	REDUCE cov: 1288 ft: 3680 corp: 813/413Kb lim: 4096 exec/s: 24891 rss: 592Mb L: 1204/4096 MS: 4 CopyPart-PersAutoDict-ChangeBit-EraseBytes- DE: "\001\000\000&"-
#14288162	REDUCE cov: 1288 ft: 3680 corp: 813/413Kb lim: 4096 exec/s: 24892 rss: 592Mb L: 1202/4096 MS: 2 CopyPart-EraseBytes-
#14305244	REDUCE cov: 1288 ft: 3680 corp: 813/413Kb lim: 4096 exec/s: 24922 rss: 592Mb L: 468/4096 MS: 1 EraseBytes-
#14423115	REDUCE cov: 1288 ft: 3680 corp: 813/413Kb lim: 4096 exec/s: 24910 rss: 592Mb L: 3773/4096 MS: 1 EraseBytes-
#14425976	REDUCE cov: 1288 ft: 3680 corp: 813/413Kb lim: 4096 exec/s: 24915 rss: 592Mb L: 1754/4096 MS: 1 CrossOver-
#14525802	REDUCE cov: 1288 ft: 3680 corp: 813/413Kb lim: 4096 exec/s: 24915 rss: 592Mb L: 3797/4096 MS: 1 EraseBytes-
#14556218	REDUCE cov: 1288 ft: 3680 corp: 813/413Kb lim: 4096 exec/s: 24925 rss: 592Mb L: 105/4096 MS: 1 EraseBytes-
#14614824	REDUCE cov: 1288 ft: 3680 corp: 813/413Kb lim: 4096 exec/s: 24939 rss: 592Mb L: 578/4096 MS: 1 EraseBytes-
#14615922	REDUCE cov: 1288 ft: 3680 corp: 813/413Kb lim: 4096 exec/s: 24941 rss: 592Mb L: 186/4096 MS: 3 ChangeBit-ShuffleBytes-EraseBytes-
#14620083	REDUCE cov: 1288 ft: 3680 corp: 813/413Kb lim: 4096 exec/s: 24906 rss: 592Mb L: 1151/4096 MS: 1 EraseBytes-
#14627669	REDUCE cov: 1288 ft: 3680 corp: 813/413Kb lim: 4096 exec/s: 24919 rss: 592Mb L: 810/4096 MS: 1 EraseBytes-
#14632025	REDUCE cov: 1288 ft: 3680 corp: 813/413Kb lim: 4096 exec/s: 24926 rss: 592Mb L: 325/4096 MS: 1 EraseBytes-
#14840051	REDUCE cov: 1288 ft: 3680 corp: 813/413Kb lim: 4096 exec/s: 24941 rss: 592Mb L: 837/4096 MS: 1 EraseBytes-
#14989982	REDUCE cov: 1288 ft: 3680 corp: 813/413Kb lim: 4096 exec/s: 24941 rss: 592Mb L: 1193/4096 MS: 1 EraseBytes-
#15043798	REDUCE cov: 1288 ft: 3680 corp: 813/413Kb lim: 4096 exec/s: 24948 rss: 592Mb L: 291/4096 MS: 1 EraseBytes-
#15085659	REDUCE cov: 1288 ft: 3680 corp: 813/413Kb lim: 4096 exec/s: 24976 rss: 592Mb L: 36/4096 MS: 1 EraseBytes-
#15105961	REDUCE cov: 1288 ft: 3680 corp: 813/413Kb lim: 4096 exec/s: 24968 rss: 592Mb L: 508/4096 MS: 2 CopyPart-EraseBytes-
#15241420	REDUCE cov: 1288 ft: 3680 corp: 813/413Kb lim: 4096 exec/s: 24985 rss: 592Mb L: 1787/4096 MS: 4 ChangeASCIIInt-ShuffleBytes-EraseBytes-CopyPart-
#15247976	REDUCE cov: 1288 ft: 3680 corp: 813/413Kb lim: 4096 exec/s: 24996 rss: 592Mb L: 2030/4096 MS: 1 EraseBytes-
#15291697	REDUCE cov: 1288 ft: 3680 corp: 813/413Kb lim: 4096 exec/s: 24986 rss: 592Mb L: 1578/4096 MS: 1 EraseBytes-
#15296038	REDUCE cov: 1288 ft: 3680 corp: 813/413Kb lim: 4096 exec/s: 24993 rss: 592Mb L: 428/4096 MS: 1 EraseBytes-
#15298340	REDUCE cov: 1288 ft: 3680 corp: 813/413Kb lim: 4096 exec/s: 24997 rss: 592Mb L: 3486/4096 MS: 2 ChangeBit-EraseBytes-
#15377772	REDUCE cov: 1288 ft: 3680 corp: 813/413Kb lim: 4096 exec/s: 25004 rss: 592Mb L: 599/4096 MS: 2 ShuffleBytes-EraseBytes-
#15462151	REDUCE cov: 1288 ft: 3680 corp: 813/413Kb lim: 4096 exec/s: 25019 rss: 592Mb L: 2028/4096 MS: 4 ShuffleBytes-ShuffleBytes-InsertByte-EraseBytes-
#15497159	REDUCE cov: 1288 ft: 3680 corp: 813/413Kb lim: 4096 exec/s: 24995 rss: 592Mb L: 424/4096 MS: 3 CrossOver-CrossOver-EraseBytes-
#15826220	REDUCE cov: 1288 ft: 3680 corp: 813/413Kb lim: 4096 exec/s: 25041 rss: 592Mb L: 622/4096 MS: 1 EraseBytes-
#15826282	REDUCE cov: 1288 ft: 3680 corp: 813/413Kb lim: 4096 exec/s: 25041 rss: 592Mb L: 955/4096 MS: 2 CopyPart-EraseBytes-
#15836063	REDUCE cov: 1288 ft: 3680 corp: 813/413Kb lim: 4096 exec/s: 25017 rss: 592Mb L: 129/4096 MS: 1 EraseBytes-
#16013839	REDUCE cov: 1288 ft: 3680 corp: 813/413Kb lim: 4096 exec/s: 25060 rss: 592Mb L: 1711/4096 MS: 1 EraseBytes-
#16037410	REDUCE cov: 1288 ft: 3680 corp: 813/413Kb lim: 4096 exec/s: 25058 rss: 592Mb L: 259/4096 MS: 1 EraseBytes-
#16195221	REDUCE cov: 1288 ft: 3680 corp: 813/413Kb lim: 4096 exec/s: 25070 rss: 592Mb L: 526/4096 MS: 1 EraseBytes-
#16203238	REDUCE cov: 1288 ft: 3680 corp: 813/413Kb lim: 4096 exec/s: 25043 rss: 592Mb L: 422/4096 MS: 2 ShuffleBytes-EraseBytes-
#16265629	REDUCE cov: 1288 ft: 3680 corp: 813/413Kb lim: 4096 exec/s: 25062 rss: 592Mb L: 963/4096 MS: 1 EraseBytes-
#16342675	REDUCE cov: 1288 ft: 3680 corp: 813/413Kb lim: 4096 exec/s: 25065 rss: 592Mb L: 892/4096 MS: 1 EraseBytes-
#16480011	REDUCE cov: 1288 ft: 3680 corp: 813/413Kb lim: 4096 exec/s: 25083 rss: 592Mb L: 502/4096 MS: 1 EraseBytes-
#16500472	REDUCE cov: 1288 ft: 3680 corp: 813/413Kb lim: 4096 exec/s: 25076 rss: 592Mb L: 35/4096 MS: 1 EraseBytes-
#16503488	REDUCE cov: 1288 ft: 3680 corp: 813/413Kb lim: 4096 exec/s: 25081 rss: 592Mb L: 128/4096 MS: 1 EraseBytes-
#16524669	REDUCE cov: 1288 ft: 3680 corp: 813/413Kb lim: 4096 exec/s: 25075 rss: 592Mb L: 1409/4096 MS: 1 EraseBytes-
#16587305	REDUCE cov: 1288 ft: 3680 corp: 813/413Kb lim: 4096 exec/s: 25094 rss: 592Mb L: 4010/4096 MS: 1 EraseBytes-
#16589326	REDUCE cov: 1288 ft: 3680 corp: 813/413Kb lim: 4096 exec/s: 25059 rss: 592Mb L: 2170/4096 MS: 1 EraseBytes-
#16593292	REDUCE cov: 1288 ft: 3680 corp: 813/413Kb lim: 4096 exec/s: 25065 rss: 592Mb L: 1751/4096 MS: 1 EraseBytes-
#16777216	pulse  cov: 1288 ft: 3680 corp: 813/413Kb lim: 4096 exec/s: 25078 rss: 592Mb
#16821738	REDUCE cov: 1288 ft: 3680 corp: 813/413Kb lim: 4096 exec/s: 25069 rss: 592Mb L: 282/4096 MS: 1 EraseBytes-
#16865310	REDUCE cov: 1288 ft: 3680 corp: 813/413Kb lim: 4096 exec/s: 25097 rss: 592Mb L: 2375/4096 MS: 2 PersAutoDict-EraseBytes- DE: "\001\000\000&"-
#16893626	REDUCE cov: 1288 ft: 3680 corp: 813/413Kb lim: 4096 exec/s: 25101 rss: 592Mb L: 423/4096 MS: 1 EraseBytes-
#16907428	REDUCE cov: 1288 ft: 3680 corp: 813/413Kb lim: 4096 exec/s: 25085 rss: 592Mb L: 2187/4096 MS: 2 ChangeByte-EraseBytes-
#16945855	REDUCE cov: 1288 ft: 3680 corp: 813/413Kb lim: 4096 exec/s: 25104 rss: 592Mb L: 510/4096 MS: 2 InsertByte-EraseBytes-
#16959742	REDUCE cov: 1288 ft: 3680 corp: 813/413Kb lim: 4096 exec/s: 25088 rss: 592Mb L: 1977/4096 MS: 2 EraseBytes-CrossOver-
#17019713	REDUCE cov: 1288 ft: 3680 corp: 813/413Kb lim: 4096 exec/s: 25102 rss: 592Mb L: 135/4096 MS: 1 EraseBytes-
#17085874	REDUCE cov: 1288 ft: 3680 corp: 813/413Kb lim: 4096 exec/s: 25089 rss: 592Mb L: 497/4096 MS: 1 EraseBytes-
#17153235	REDUCE cov: 1288 ft: 3680 corp: 813/413Kb lim: 4096 exec/s: 25114 rss: 592Mb L: 504/4096 MS: 1 EraseBytes-
#17156681	REDUCE cov: 1288 ft: 3680 corp: 813/413Kb lim: 4096 exec/s: 25119 rss: 592Mb L: 2843/4096 MS: 1 EraseBytes-
#17212423	REDUCE cov: 1288 ft: 3680 corp: 813/413Kb lim: 4096 exec/s: 25127 rss: 592Mb L: 488/4096 MS: 2 ChangeASCIIInt-EraseBytes-
#17234239	REDUCE cov: 1288 ft: 3680 corp: 813/413Kb lim: 4096 exec/s: 25122 rss: 592Mb L: 4012/4096 MS: 1 EraseBytes-
#17278045	REDUCE cov: 1288 ft: 3680 corp: 813/413Kb lim: 4096 exec/s: 25113 rss: 592Mb L: 509/4096 MS: 1 EraseBytes-
#17402671	REDUCE cov: 1288 ft: 3680 corp: 813/413Kb lim: 4096 exec/s: 25112 rss: 592Mb L: 835/4096 MS: 1 EraseBytes-
#17482992	REDUCE cov: 1288 ft: 3680 corp: 813/413Kb lim: 4096 exec/s: 25119 rss: 592Mb L: 1564/4096 MS: 1 EraseBytes-
#17591784	REDUCE cov: 1288 ft: 3680 corp: 813/413Kb lim: 4096 exec/s: 25131 rss: 592Mb L: 1146/4096 MS: 2 ShuffleBytes-EraseBytes-
#17636875	REDUCE cov: 1288 ft: 3680 corp: 813/413Kb lim: 4096 exec/s: 25123 rss: 592Mb L: 618/4096 MS: 1 EraseBytes-
#17661906	REDUCE cov: 1288 ft: 3680 corp: 813/413Kb lim: 4096 exec/s: 25123 rss: 592Mb L: 253/4096 MS: 1 EraseBytes-
#17703092	REDUCE cov: 1288 ft: 3680 corp: 813/413Kb lim: 4096 exec/s: 25110 rss: 592Mb L: 926/4096 MS: 1 EraseBytes-
#17776128	REDUCE cov: 1288 ft: 3680 corp: 813/413Kb lim: 4096 exec/s: 25107 rss: 592Mb L: 613/4096 MS: 1 EraseBytes-
#17782599	REDUCE cov: 1288 ft: 3680 corp: 813/413Kb lim: 4096 exec/s: 25116 rss: 592Mb L: 3485/4096 MS: 1 EraseBytes-
#17834531	REDUCE cov: 1288 ft: 3680 corp: 813/413Kb lim: 4096 exec/s: 25119 rss: 592Mb L: 213/4096 MS: 2 ChangeByte-EraseBytes-
#17956237	REDUCE cov: 1288 ft: 3680 corp: 813/413Kb lim: 4096 exec/s: 25113 rss: 592Mb L: 3035/4096 MS: 1 EraseBytes-
#17962958	REDUCE cov: 1288 ft: 3680 corp: 813/413Kb lim: 4096 exec/s: 25123 rss: 592Mb L: 2675/4096 MS: 1 EraseBytes-
#17985689	REDUCE cov: 1288 ft: 3680 corp: 813/413Kb lim: 4096 exec/s: 25119 rss: 592Mb L: 3791/4096 MS: 1 EraseBytes-
#17989226	REDUCE cov: 1288 ft: 3680 corp: 813/413Kb lim: 4096 exec/s: 25124 rss: 592Mb L: 350/4096 MS: 2 EraseBytes-CopyPart-
#18009672	REDUCE cov: 1288 ft: 3680 corp: 813/413Kb lim: 4096 exec/s: 25118 rss: 592Mb L: 2697/4096 MS: 1 EraseBytes-
#18188873	REDUCE cov: 1288 ft: 3680 corp: 813/413Kb lim: 4096 exec/s: 25122 rss: 592Mb L: 1270/4096 MS: 1 EraseBytes-
#18279291	REDUCE cov: 1288 ft: 3680 corp: 813/413Kb lim: 4096 exec/s: 25143 rss: 592Mb L: 3217/4096 MS: 3 CrossOver-CopyPart-EraseBytes-
#18302028	REDUCE cov: 1288 ft: 3680 corp: 813/413Kb lim: 4096 exec/s: 25140 rss: 592Mb L: 1548/4096 MS: 2 ChangeByte-EraseBytes-
#18311622	REDUCE cov: 1288 ft: 3680 corp: 813/413Kb lim: 4096 exec/s: 25153 rss: 592Mb L: 628/4096 MS: 4 ChangeASCIIInt-ChangeBinInt-ChangeByte-EraseBytes-
#18320983	REDUCE cov: 1288 ft: 3680 corp: 813/413Kb lim: 4096 exec/s: 25131 rss: 592Mb L: 924/4096 MS: 1 EraseBytes-
#18322839	REDUCE cov: 1288 ft: 3680 corp: 813/413Kb lim: 4096 exec/s: 25134 rss: 592Mb L: 3783/4096 MS: 1 EraseBytes-
#18357496	REDUCE cov: 1288 ft: 3680 corp: 813/413Kb lim: 4096 exec/s: 25147 rss: 592Mb L: 467/4096 MS: 2 CopyPart-EraseBytes-
#18417993	REDUCE cov: 1288 ft: 3680 corp: 813/413Kb lim: 4096 exec/s: 25161 rss: 592Mb L: 34/4096 MS: 2 ChangeBit-EraseBytes-
#18448324	REDUCE cov: 1288 ft: 3680 corp: 813/413Kb lim: 4096 exec/s: 25168 rss: 592Mb L: 766/4096 MS: 1 EraseBytes-
#18463345	REDUCE cov: 1288 ft: 3680 corp: 813/413Kb lim: 4096 exec/s: 25154 rss: 592Mb L: 349/4096 MS: 1 EraseBytes-
#18465228	REDUCE cov: 1288 ft: 3680 corp: 813/413Kb lim: 4096 exec/s: 25156 rss: 592Mb L: 1173/4096 MS: 3 CopyPart-ChangeBit-EraseBytes-
#18469670	REDUCE cov: 1288 ft: 3680 corp: 813/413Kb lim: 4096 exec/s: 25163 rss: 592Mb L: 1201/4096 MS: 2 ChangeBit-EraseBytes-
#18494586	REDUCE cov: 1288 ft: 3680 corp: 813/413Kb lim: 4096 exec/s: 25162 rss: 592Mb L: 289/4096 MS: 1 EraseBytes-
#18508812	REDUCE cov: 1288 ft: 3680 corp: 813/413Kb lim: 4096 exec/s: 25147 rss: 592Mb L: 465/4096 MS: 1 EraseBytes-
#18525438	REDUCE cov: 1288 ft: 3680 corp: 813/413Kb lim: 4096 exec/s: 25170 rss: 592Mb L: 1276/4096 MS: 1 EraseBytes-
#18578486	REDUCE cov: 1288 ft: 3680 corp: 813/413Kb lim: 4096 exec/s: 25174 rss: 592Mb L: 144/4096 MS: 3 CopyPart-PersAutoDict-EraseBytes- DE: "\000\000\000\000\000\000\000\000"-
#18692732	REDUCE cov: 1288 ft: 3680 corp: 813/413Kb lim: 4096 exec/s: 25192 rss: 592Mb L: 212/4096 MS: 1 EraseBytes-
#18708028	REDUCE cov: 1288 ft: 3680 corp: 813/413Kb lim: 4096 exec/s: 25179 rss: 592Mb L: 183/4096 MS: 1 EraseBytes-
#18766914	REDUCE cov: 1288 ft: 3680 corp: 813/413Kb lim: 4096 exec/s: 25190 rss: 592Mb L: 1811/4096 MS: 1 CrossOver-
#18769126	REDUCE cov: 1288 ft: 3680 corp: 813/413Kb lim: 4096 exec/s: 25193 rss: 592Mb L: 1067/4096 MS: 2 InsertByte-EraseBytes-
#18790442	REDUCE cov: 1288 ft: 3680 corp: 813/413Kb lim: 4096 exec/s: 25188 rss: 592Mb L: 764/4096 MS: 1 EraseBytes-
#18791313	REDUCE cov: 1288 ft: 3680 corp: 813/413Kb lim: 4096 exec/s: 25189 rss: 592Mb L: 2224/4096 MS: 1 EraseBytes-
#18817104	REDUCE cov: 1288 ft: 3680 corp: 813/413Kb lim: 4096 exec/s: 25190 rss: 592Mb L: 1697/4096 MS: 1 EraseBytes-
#18831895	REDUCE cov: 1288 ft: 3680 corp: 813/413Kb lim: 4096 exec/s: 25176 rss: 592Mb L: 1329/4096 MS: 1 EraseBytes-
#18837356	REDUCE cov: 1288 ft: 3680 corp: 813/413Kb lim: 4096 exec/s: 25183 rss: 592Mb L: 272/4096 MS: 1 EraseBytes-
#18848062	REDUCE cov: 1288 ft: 3680 corp: 813/413Kb lim: 4096 exec/s: 25197 rss: 592Mb L: 1271/4096 MS: 1 EraseBytes-
#18863135	REDUCE cov: 1288 ft: 3680 corp: 813/413Kb lim: 4096 exec/s: 25184 rss: 592Mb L: 996/4096 MS: 3 EraseBytes-InsertByte-CrossOver-
#18890456	REDUCE cov: 1288 ft: 3680 corp: 813/413Kb lim: 4096 exec/s: 25187 rss: 592Mb L: 955/4096 MS: 1 EraseBytes-
#19023633	REDUCE cov: 1288 ft: 3680 corp: 813/413Kb lim: 4096 exec/s: 25196 rss: 592Mb L: 155/4096 MS: 1 EraseBytes-
#19111725	REDUCE cov: 1288 ft: 3680 corp: 813/413Kb lim: 4096 exec/s: 25213 rss: 592Mb L: 33/4096 MS: 2 ChangeByte-EraseBytes-
#19154342	REDUCE cov: 1288 ft: 3680 corp: 813/413Kb lim: 4096 exec/s: 25203 rss: 592Mb L: 1146/4096 MS: 2 EraseBytes-CrossOver-
#19178609	REDUCE cov: 1288 ft: 3680 corp: 813/413Kb lim: 4096 exec/s: 25201 rss: 592Mb L: 932/4096 MS: 2 PersAutoDict-EraseBytes- DE: "\001\000\000\000\000\000\000\000"-
#19182400	REDUCE cov: 1288 ft: 3680 corp: 813/413Kb lim: 4096 exec/s: 25206 rss: 592Mb L: 508/4096 MS: 1 EraseBytes-
#19189861	REDUCE cov: 1288 ft: 3680 corp: 813/413Kb lim: 4096 exec/s: 25183 rss: 592Mb L: 809/4096 MS: 1 EraseBytes-
#19274422	REDUCE cov: 1288 ft: 3680 corp: 813/413Kb lim: 4096 exec/s: 25195 rss: 592Mb L: 901/4096 MS: 1 EraseBytes-
#19279408	REDUCE cov: 1288 ft: 3680 corp: 813/413Kb lim: 4096 exec/s: 25201 rss: 592Mb L: 802/4096 MS: 1 EraseBytes-
#19333040	REDUCE cov: 1288 ft: 3680 corp: 813/413Kb lim: 4096 exec/s: 25206 rss: 592Mb L: 1695/4096 MS: 2 InsertByte-EraseBytes-
#19351086	REDUCE cov: 1288 ft: 3680 corp: 813/413Kb lim: 4096 exec/s: 25196 rss: 592Mb L: 492/4096 MS: 1 EraseBytes-
#19409722	REDUCE cov: 1288 ft: 3680 corp: 813/413Kb lim: 4096 exec/s: 25207 rss: 592Mb L: 430/4096 MS: 1 EraseBytes-
#19419823	REDUCE cov: 1288 ft: 3680 corp: 813/413Kb lim: 4096 exec/s: 25220 rss: 592Mb L: 450/4096 MS: 1 EraseBytes-
#19437079	REDUCE cov: 1288 ft: 3680 corp: 813/413Kb lim: 4096 exec/s: 25210 rss: 592Mb L: 761/4096 MS: 1 EraseBytes-
#19439681	REDUCE cov: 1288 ft: 3680 corp: 813/413Kb lim: 4096 exec/s: 25213 rss: 592Mb L: 931/4096 MS: 2 ChangeBinInt-EraseBytes-
#19543712	REDUCE cov: 1288 ft: 3680 corp: 813/413Kb lim: 4096 exec/s: 25217 rss: 592Mb L: 482/4096 MS: 1 EraseBytes-
#19589263	REDUCE cov: 1288 ft: 3680 corp: 813/413Kb lim: 4096 exec/s: 25211 rss: 592Mb L: 1576/4096 MS: 1 EraseBytes-
#19614699	REDUCE cov: 1288 ft: 3680 corp: 813/413Kb lim: 4096 exec/s: 25211 rss: 592Mb L: 785/4096 MS: 1 EraseBytes-
#19748528	REDUCE cov: 1288 ft: 3680 corp: 813/413Kb lim: 4096 exec/s: 25125 rss: 592Mb L: 922/4096 MS: 4 ChangeByte-ChangeBinInt-ChangeBinInt-EraseBytes-
#19770164	REDUCE cov: 1288 ft: 3680 corp: 813/413Kb lim: 4096 exec/s: 25089 rss: 592Mb L: 425/4096 MS: 1 EraseBytes-
#19885826	REDUCE cov: 1288 ft: 3680 corp: 813/413Kb lim: 4096 exec/s: 25108 rss: 592Mb L: 759/4096 MS: 2 InsertByte-EraseBytes-
#19914533	REDUCE cov: 1288 ft: 3680 corp: 813/413Kb lim: 4096 exec/s: 25112 rss: 592Mb L: 645/4096 MS: 2 CrossOver-EraseBytes-
#19927747	REDUCE cov: 1288 ft: 3680 corp: 813/413Kb lim: 4096 exec/s: 25097 rss: 592Mb L: 2599/4096 MS: 4 CopyPart-EraseBytes-ChangeBinInt-CopyPart-
#19938683	REDUCE cov: 1288 ft: 3680 corp: 813/413Kb lim: 4096 exec/s: 25080 rss: 592Mb L: 921/4096 MS: 1 CrossOver-
#19981679	REDUCE cov: 1288 ft: 3680 corp: 813/413Kb lim: 4096 exec/s: 25102 rss: 592Mb L: 627/4096 MS: 1 EraseBytes-
#20004365	REDUCE cov: 1288 ft: 3680 corp: 813/413Kb lim: 4096 exec/s: 25099 rss: 592Mb L: 611/4096 MS: 1 EraseBytes-
#20061751	REDUCE cov: 1288 ft: 3680 corp: 813/413Kb lim: 4096 exec/s: 25077 rss: 592Mb L: 1195/4096 MS: 1 EraseBytes-
#20061958	REDUCE cov: 1288 ft: 3680 corp: 813/413Kb lim: 4096 exec/s: 25077 rss: 592Mb L: 757/4096 MS: 2 ChangeBinInt-EraseBytes-
#20150425	REDUCE cov: 1288 ft: 3680 corp: 813/413Kb lim: 4096 exec/s: 24969 rss: 592Mb L: 843/4096 MS: 2 CopyPart-EraseBytes-
#20155421	REDUCE cov: 1288 ft: 3680 corp: 813/412Kb lim: 4096 exec/s: 24944 rss: 592Mb L: 1120/4096 MS: 1 EraseBytes-
#20211777	REDUCE cov: 1288 ft: 3680 corp: 813/412Kb lim: 4096 exec/s: 24922 rss: 592Mb L: 4011/4096 MS: 1 EraseBytes-
#20230074	REDUCE cov: 1288 ft: 3680 corp: 813/412Kb lim: 4096 exec/s: 24913 rss: 592Mb L: 2796/4096 MS: 2 PersAutoDict-EraseBytes- DE: "\001\000\000\000\000\000\000\000"-
#20234455	REDUCE cov: 1288 ft: 3680 corp: 813/412Kb lim: 4096 exec/s: 24919 rss: 592Mb L: 1991/4096 MS: 1 EraseBytes-
#20265831	REDUCE cov: 1288 ft: 3680 corp: 813/412Kb lim: 4096 exec/s: 24896 rss: 592Mb L: 3202/4096 MS: 1 EraseBytes-
#20288607	REDUCE cov: 1288 ft: 3680 corp: 813/412Kb lim: 4096 exec/s: 24924 rss: 592Mb L: 525/4096 MS: 1 EraseBytes-
#20415895	REDUCE cov: 1288 ft: 3680 corp: 813/412Kb lim: 4096 exec/s: 24927 rss: 592Mb L: 343/4096 MS: 3 EraseBytes-ChangeBinInt-CopyPart-
#20457911	REDUCE cov: 1288 ft: 3680 corp: 813/412Kb lim: 4096 exec/s: 24887 rss: 592Mb L: 288/4096 MS: 1 EraseBytes-
#20548137	REDUCE cov: 1288 ft: 3680 corp: 813/412Kb lim: 4096 exec/s: 24756 rss: 592Mb L: 756/4096 MS: 1 EraseBytes-
#20553868	REDUCE cov: 1288 ft: 3680 corp: 813/412Kb lim: 4096 exec/s: 24763 rss: 592Mb L: 466/4096 MS: 1 EraseBytes-
#20564489	REDUCE cov: 1288 ft: 3680 corp: 813/412Kb lim: 4096 exec/s: 24716 rss: 592Mb L: 252/4096 MS: 1 EraseBytes-
#20618851	REDUCE cov: 1288 ft: 3680 corp: 813/412Kb lim: 4096 exec/s: 24634 rss: 592Mb L: 1539/4096 MS: 2 CrossOver-CrossOver-
#20679267	REDUCE cov: 1288 ft: 3680 corp: 813/412Kb lim: 4096 exec/s: 24618 rss: 592Mb L: 459/4096 MS: 1 EraseBytes-
#20698308	REDUCE cov: 1288 ft: 3680 corp: 813/412Kb lim: 4096 exec/s: 24611 rss: 592Mb L: 422/4096 MS: 1 EraseBytes-
#20782895	REDUCE cov: 1288 ft: 3680 corp: 813/412Kb lim: 4096 exec/s: 24624 rss: 592Mb L: 2024/4096 MS: 2 CopyPart-EraseBytes-
#20865531	REDUCE cov: 1288 ft: 3680 corp: 813/412Kb lim: 4096 exec/s: 24605 rss: 592Mb L: 868/4096 MS: 1 EraseBytes-
#20912728	REDUCE cov: 1288 ft: 3680 corp: 813/412Kb lim: 4096 exec/s: 24632 rss: 592Mb L: 211/4096 MS: 2 CopyPart-EraseBytes-
#20920456	REDUCE cov: 1288 ft: 3680 corp: 813/412Kb lim: 4096 exec/s: 24612 rss: 592Mb L: 742/4096 MS: 3 CopyPart-EraseBytes-CopyPart-
#21023782	REDUCE cov: 1288 ft: 3680 corp: 813/412Kb lim: 4096 exec/s: 24618 rss: 592Mb L: 1313/4096 MS: 1 EraseBytes-
#21031034	REDUCE cov: 1288 ft: 3680 corp: 813/412Kb lim: 4096 exec/s: 24626 rss: 592Mb L: 417/4096 MS: 2 CopyPart-EraseBytes-
#21192556	REDUCE cov: 1288 ft: 3680 corp: 813/412Kb lim: 4096 exec/s: 24642 rss: 592Mb L: 755/4096 MS: 2 ChangeByte-EraseBytes-
#21229613	REDUCE cov: 1288 ft: 3680 corp: 813/412Kb lim: 4096 exec/s: 24628 rss: 592Mb L: 328/4096 MS: 2 EraseBytes-InsertByte-
#21245194	REDUCE cov: 1288 ft: 3680 corp: 813/412Kb lim: 4096 exec/s: 24646 rss: 592Mb L: 154/4096 MS: 1 EraseBytes-
#21280730	REDUCE cov: 1288 ft: 3680 corp: 813/412Kb lim: 4096 exec/s: 24659 rss: 592Mb L: 892/4096 MS: 1 EraseBytes-
#21320417	REDUCE cov: 1288 ft: 3680 corp: 813/412Kb lim: 4096 exec/s: 24647 rss: 592Mb L: 1819/4096 MS: 2 EraseBytes-CopyPart-
#21360428	REDUCE cov: 1288 ft: 3680 corp: 813/412Kb lim: 4096 exec/s: 24637 rss: 592Mb L: 1328/4096 MS: 1 EraseBytes-
#21361150	REDUCE cov: 1288 ft: 3680 corp: 813/412Kb lim: 4096 exec/s: 24638 rss: 592Mb L: 1190/4096 MS: 2 ChangeASCIIInt-EraseBytes-
#21424983	REDUCE cov: 1288 ft: 3680 corp: 813/412Kb lim: 4096 exec/s: 24654 rss: 592Mb L: 1592/4096 MS: 3 InsertByte-ChangeByte-EraseBytes-
#21426774	REDUCE cov: 1288 ft: 3680 corp: 813/412Kb lim: 4096 exec/s: 24656 rss: 592Mb L: 842/4096 MS: 1 EraseBytes-
#21481736	REDUCE cov: 1288 ft: 3680 corp: 813/412Kb lim: 4096 exec/s: 24663 rss: 592Mb L: 500/4096 MS: 2 ChangeASCIIInt-EraseBytes-
#21499882	REDUCE cov: 1288 ft: 3680 corp: 813/412Kb lim: 4096 exec/s: 24655 rss: 592Mb L: 266/4096 MS: 1 EraseBytes-
#21588473	REDUCE cov: 1288 ft: 3680 corp: 813/412Kb lim: 4096 exec/s: 24672 rss: 592Mb L: 1997/4096 MS: 1 EraseBytes-
#21589219	REDUCE cov: 1288 ft: 3680 corp: 813/412Kb lim: 4096 exec/s: 24673 rss: 592Mb L: 520/4096 MS: 1 EraseBytes-
#21682450	REDUCE cov: 1288 ft: 3680 corp: 813/412Kb lim: 4096 exec/s: 24667 rss: 592Mb L: 402/4096 MS: 1 EraseBytes-
#21697151	REDUCE cov: 1288 ft: 3680 corp: 813/412Kb lim: 4096 exec/s: 24655 rss: 592Mb L: 1586/4096 MS: 1 EraseBytes-
#21704487	REDUCE cov: 1288 ft: 3680 corp: 813/412Kb lim: 4096 exec/s: 24664 rss: 592Mb L: 551/4096 MS: 1 EraseBytes-
#21709903	REDUCE cov: 1288 ft: 3680 corp: 813/412Kb lim: 4096 exec/s: 24670 rss: 592Mb L: 269/4096 MS: 1 EraseBytes-
#21843115	REDUCE cov: 1288 ft: 3680 corp: 813/412Kb lim: 4096 exec/s: 24681 rss: 592Mb L: 2959/4096 MS: 2 ChangeASCIIInt-CrossOver-
#21953056	REDUCE cov: 1288 ft: 3680 corp: 813/412Kb lim: 4096 exec/s: 24694 rss: 592Mb L: 127/4096 MS: 1 EraseBytes-
#21955472	REDUCE cov: 1288 ft: 3680 corp: 813/412Kb lim: 4096 exec/s: 24696 rss: 592Mb L: 181/4096 MS: 1 EraseBytes-
#22005634	REDUCE cov: 1288 ft: 3680 corp: 813/412Kb lim: 4096 exec/s: 24697 rss: 592Mb L: 1160/4096 MS: 2 ChangeBinInt-EraseBytes-
#22071980	REDUCE cov: 1288 ft: 3680 corp: 813/412Kb lim: 4096 exec/s: 24689 rss: 592Mb L: 2367/4096 MS: 1 EraseBytes-
#22127978	REDUCE cov: 1288 ft: 3680 corp: 813/412Kb lim: 4096 exec/s: 24696 rss: 592Mb L: 410/4096 MS: 3 ChangeASCIIInt-EraseBytes-CopyPart-
#22146960	REDUCE cov: 1288 ft: 3680 corp: 813/412Kb lim: 4096 exec/s: 24717 rss: 592Mb L: 2389/4096 MS: 2 EraseBytes-CopyPart-
#22228576	REDUCE cov: 1288 ft: 3680 corp: 813/412Kb lim: 4096 exec/s: 24698 rss: 592Mb L: 101/4096 MS: 1 EraseBytes-
#22269154	REDUCE cov: 1288 ft: 3680 corp: 813/412Kb lim: 4096 exec/s: 24716 rss: 592Mb L: 3185/4096 MS: 3 CopyPart-InsertByte-EraseBytes-
#22274863	REDUCE cov: 1288 ft: 3680 corp: 813/412Kb lim: 4096 exec/s: 24722 rss: 592Mb L: 737/4096 MS: 4 ShuffleBytes-ChangeByte-EraseBytes-CopyPart-
#22284129	REDUCE cov: 1288 ft: 3680 corp: 813/412Kb lim: 4096 exec/s: 24705 rss: 592Mb L: 519/4096 MS: 1 EraseBytes-
#22307785	REDUCE cov: 1288 ft: 3680 corp: 813/412Kb lim: 4096 exec/s: 24704 rss: 592Mb L: 421/4096 MS: 1 EraseBytes-
#22387311	REDUCE cov: 1288 ft: 3680 corp: 813/412Kb lim: 4096 exec/s: 24710 rss: 592Mb L: 324/4096 MS: 1 EraseBytes-
#22489917	REDUCE cov: 1288 ft: 3680 corp: 813/412Kb lim: 4096 exec/s: 24714 rss: 592Mb L: 90/4096 MS: 1 EraseBytes-
#22508609	REDUCE cov: 1288 ft: 3680 corp: 813/412Kb lim: 4096 exec/s: 24707 rss: 592Mb L: 777/4096 MS: 2 CrossOver-EraseBytes-
#22606810	REDUCE cov: 1288 ft: 3680 corp: 813/412Kb lim: 4096 exec/s: 24733 rss: 592Mb L: 1108/4096 MS: 1 EraseBytes-
#22627621	REDUCE cov: 1288 ft: 3680 corp: 813/412Kb lim: 4096 exec/s: 24729 rss: 592Mb L: 548/4096 MS: 1 EraseBytes-
#22710610	REDUCE cov: 1288 ft: 3680 corp: 813/412Kb lim: 4096 exec/s: 24739 rss: 592Mb L: 3765/4096 MS: 4 ChangeASCIIInt-PersAutoDict-InsertByte-EraseBytes- DE: "\001\000\000\000\000\000\004B"-
#22810806	REDUCE cov: 1288 ft: 3680 corp: 813/412Kb lim: 4096 exec/s: 24740 rss: 592Mb L: 3174/4096 MS: 1 EraseBytes-
#22816767	REDUCE cov: 1288 ft: 3680 corp: 813/412Kb lim: 4096 exec/s: 24747 rss: 592Mb L: 371/4096 MS: 1 EraseBytes-
#22876508	REDUCE cov: 1288 ft: 3680 corp: 813/412Kb lim: 4096 exec/s: 24731 rss: 592Mb L: 891/4096 MS: 1 EraseBytes-
#22879714	REDUCE cov: 1288 ft: 3680 corp: 813/412Kb lim: 4096 exec/s: 24734 rss: 592Mb L: 477/4096 MS: 1 EraseBytes-
#22888130	REDUCE cov: 1288 ft: 3680 corp: 813/412Kb lim: 4096 exec/s: 24743 rss: 592Mb L: 463/4096 MS: 1 EraseBytes-
#22919493	REDUCE cov: 1288 ft: 3680 corp: 813/412Kb lim: 4096 exec/s: 24751 rss: 592Mb L: 3033/4096 MS: 3 InsertByte-ShuffleBytes-EraseBytes-
#22954659	REDUCE cov: 1288 ft: 3680 corp: 813/412Kb lim: 4096 exec/s: 24762 rss: 592Mb L: 502/4096 MS: 1 EraseBytes-
#22955940	REDUCE cov: 1288 ft: 3680 corp: 813/412Kb lim: 4096 exec/s: 24737 rss: 592Mb L: 622/4096 MS: 1 EraseBytes-
#22987047	REDUCE cov: 1288 ft: 3680 corp: 813/412Kb lim: 4096 exec/s: 24743 rss: 592Mb L: 266/4096 MS: 2 CopyPart-EraseBytes-
#23053744	REDUCE cov: 1288 ft: 3680 corp: 813/412Kb lim: 4096 exec/s: 24762 rss: 592Mb L: 434/4096 MS: 2 EraseBytes-CrossOver-
#23091258	REDUCE cov: 1288 ft: 3680 corp: 813/412Kb lim: 4096 exec/s: 24749 rss: 592Mb L: 286/4096 MS: 4 ChangeByte-ChangeByte-CrossOver-EraseBytes-
#23111874	REDUCE cov: 1288 ft: 3680 corp: 813/412Kb lim: 4096 exec/s: 24771 rss: 592Mb L: 406/4096 MS: 1 EraseBytes-
#23121152	REDUCE cov: 1288 ft: 3680 corp: 813/412Kb lim: 4096 exec/s: 24754 rss: 592Mb L: 696/4096 MS: 3 ChangeByte-EraseBytes-CopyPart-
#23135548	REDUCE cov: 1288 ft: 3680 corp: 813/412Kb lim: 4096 exec/s: 24770 rss: 592Mb L: 620/4096 MS: 1 EraseBytes-
#23189270	REDUCE cov: 1288 ft: 3680 corp: 813/412Kb lim: 4096 exec/s: 24774 rss: 592Mb L: 3205/4096 MS: 2 CMP-EraseBytes- DE: "\001\000\000\000\000\000\000\000"-
#23206846	REDUCE cov: 1288 ft: 3680 corp: 813/412Kb lim: 4096 exec/s: 24767 rss: 592Mb L: 1747/4096 MS: 1 EraseBytes-
#23211029	REDUCE cov: 1288 ft: 3680 corp: 813/412Kb lim: 4096 exec/s: 24771 rss: 592Mb L: 2795/4096 MS: 3 ChangeByte-ChangeBit-CrossOver-
#23284280	REDUCE cov: 1288 ft: 3680 corp: 813/412Kb lim: 4096 exec/s: 24770 rss: 592Mb L: 284/4096 MS: 1 EraseBytes-
#23303681	REDUCE cov: 1288 ft: 3680 corp: 813/412Kb lim: 4096 exec/s: 24764 rss: 592Mb L: 1988/4096 MS: 1 EraseBytes-
#23390742	REDUCE cov: 1288 ft: 3680 corp: 813/412Kb lim: 4096 exec/s: 24778 rss: 592Mb L: 405/4096 MS: 1 EraseBytes-
#23404298	REDUCE cov: 1288 ft: 3680 corp: 813/412Kb lim: 4096 exec/s: 24766 rss: 592Mb L: 1799/4096 MS: 1 EraseBytes-
#23511717	REDUCE cov: 1288 ft: 3680 corp: 813/412Kb lim: 4096 exec/s: 24775 rss: 592Mb L: 2752/4096 MS: 4 ChangeBit-ChangeBinInt-ChangeByte-EraseBytes-
#23550887	REDUCE cov: 1288 ft: 3680 corp: 813/412Kb lim: 4096 exec/s: 24790 rss: 592Mb L: 1092/4096 MS: 5 CrossOver-CMP-CopyPart-PersAutoDict-EraseBytes- DE: "\000\000\000\003"-"\001\000\000\000\000\000\000>"-
#23567349	REDUCE cov: 1288 ft: 3680 corp: 813/412Kb lim: 4096 exec/s: 24781 rss: 592Mb L: 404/4096 MS: 2 ChangeBinInt-EraseBytes-
#23607360	REDUCE cov: 1288 ft: 3680 corp: 813/412Kb lim: 4096 exec/s: 24797 rss: 592Mb L: 684/4096 MS: 1 EraseBytes-
#23620086	REDUCE cov: 1288 ft: 3680 corp: 813/412Kb lim: 4096 exec/s: 24784 rss: 592Mb L: 1144/4096 MS: 1 EraseBytes-
#23647599	REDUCE cov: 1288 ft: 3680 corp: 813/412Kb lim: 4096 exec/s: 24787 rss: 592Mb L: 435/4096 MS: 3 EraseBytes-CrossOver-CopyPart-
#23658496	REDUCE cov: 1288 ft: 3680 corp: 813/412Kb lim: 4096 exec/s: 24799 rss: 592Mb L: 904/4096 MS: 2 InsertByte-EraseBytes-
#23699828	REDUCE cov: 1288 ft: 3680 corp: 813/412Kb lim: 4096 exec/s: 24790 rss: 592Mb L: 3150/4096 MS: 2 CopyPart-EraseBytes-
#23763344	REDUCE cov: 1288 ft: 3680 corp: 813/412Kb lim: 4096 exec/s: 24779 rss: 592Mb L: 429/4096 MS: 1 EraseBytes-
#23766512	REDUCE cov: 1288 ft: 3680 corp: 813/412Kb lim: 4096 exec/s: 24782 rss: 592Mb L: 180/4096 MS: 3 CopyPart-PersAutoDict-EraseBytes- DE: "\001\000\000\000\000\000\004B"-
#23815933	REDUCE cov: 1288 ft: 3680 corp: 813/412Kb lim: 4096 exec/s: 24756 rss: 592Mb L: 840/4096 MS: 1 EraseBytes-
#23819839	REDUCE cov: 1288 ft: 3680 corp: 813/412Kb lim: 4096 exec/s: 24760 rss: 592Mb L: 518/4096 MS: 1 EraseBytes-
#23910835	REDUCE cov: 1288 ft: 3680 corp: 813/412Kb lim: 4096 exec/s: 24778 rss: 592Mb L: 1409/4096 MS: 1 EraseBytes-
#23922062	REDUCE cov: 1288 ft: 3680 corp: 813/412Kb lim: 4096 exec/s: 24764 rss: 592Mb L: 507/4096 MS: 2 InsertByte-EraseBytes-
#23993423	REDUCE cov: 1288 ft: 3680 corp: 813/412Kb lim: 4096 exec/s: 24786 rss: 592Mb L: 547/4096 MS: 1 EraseBytes-
#24014259	REDUCE cov: 1288 ft: 3680 corp: 813/412Kb lim: 4096 exec/s: 24782 rss: 592Mb L: 1553/4096 MS: 1 EraseBytes-
#24021967	REDUCE cov: 1288 ft: 3680 corp: 813/412Kb lim: 4096 exec/s: 24790 rss: 592Mb L: 323/4096 MS: 3 CopyPart-ChangeBit-EraseBytes-
#24082259	REDUCE cov: 1288 ft: 3680 corp: 813/412Kb lim: 4096 exec/s: 24775 rss: 592Mb L: 505/4096 MS: 2 ShuffleBytes-EraseBytes-
#24123890	REDUCE cov: 1288 ft: 3680 corp: 813/412Kb lim: 4096 exec/s: 24793 rss: 592Mb L: 2751/4096 MS: 1 EraseBytes-
#24161317	REDUCE cov: 1288 ft: 3680 corp: 813/412Kb lim: 4096 exec/s: 24780 rss: 592Mb L: 403/4096 MS: 2 ChangeBinInt-EraseBytes-
#24238738	REDUCE cov: 1288 ft: 3680 corp: 813/412Kb lim: 4096 exec/s: 24783 rss: 592Mb L: 608/4096 MS: 1 EraseBytes-
#24344484	REDUCE cov: 1288 ft: 3680 corp: 813/412Kb lim: 4096 exec/s: 24790 rss: 592Mb L: 534/4096 MS: 1 EraseBytes-
#24461035	REDUCE cov: 1288 ft: 3680 corp: 813/412Kb lim: 4096 exec/s: 24808 rss: 592Mb L: 100/4096 MS: 1 EraseBytes-
#24488525	REDUCE cov: 1288 ft: 3680 corp: 813/412Kb lim: 4096 exec/s: 24811 rss: 592Mb L: 2163/4096 MS: 5 CMP-ChangeByte-ChangeBit-ShuffleBytes-CrossOver- DE: "\002\000"-
#24490986	REDUCE cov: 1288 ft: 3680 corp: 813/412Kb lim: 4096 exec/s: 24813 rss: 592Mb L: 3170/4096 MS: 1 EraseBytes-
#24543263	REDUCE cov: 1288 ft: 3680 corp: 813/412Kb lim: 4096 exec/s: 24816 rss: 592Mb L: 4023/4096 MS: 2 CopyPart-EraseBytes-
#24550254	REDUCE cov: 1288 ft: 3680 corp: 813/412Kb lim: 4096 exec/s: 24798 rss: 592Mb L: 1987/4096 MS: 1 EraseBytes-
#24558940	REDUCE cov: 1288 ft: 3680 corp: 813/412Kb lim: 4096 exec/s: 24807 rss: 592Mb L: 1160/4096 MS: 1 EraseBytes-
#24576957	REDUCE cov: 1288 ft: 3680 corp: 813/412Kb lim: 4096 exec/s: 24800 rss: 592Mb L: 2384/4096 MS: 2 InsertByte-EraseBytes-
#24612833	REDUCE cov: 1288 ft: 3680 corp: 813/412Kb lim: 4096 exec/s: 24811 rss: 592Mb L: 1404/4096 MS: 1 EraseBytes-
#24635735	REDUCE cov: 1288 ft: 3680 corp: 813/412Kb lim: 4096 exec/s: 24809 rss: 592Mb L: 1179/4096 MS: 2 ChangeBit-EraseBytes-
#24664201	REDUCE cov: 1288 ft: 3680 corp: 813/412Kb lim: 4096 exec/s: 24813 rss: 592Mb L: 107/4096 MS: 1 EraseBytes-
#24704282	REDUCE cov: 1288 ft: 3680 corp: 813/412Kb lim: 4096 exec/s: 24803 rss: 592Mb L: 420/4096 MS: 1 EraseBytes-
#24760583	REDUCE cov: 1288 ft: 3680 corp: 813/412Kb lim: 4096 exec/s: 24810 rss: 592Mb L: 2154/4096 MS: 1 EraseBytes-
#24767184	REDUCE cov: 1288 ft: 3680 corp: 813/412Kb lim: 4096 exec/s: 24816 rss: 592Mb L: 1175/4096 MS: 1 EraseBytes-
#24797995	REDUCE cov: 1288 ft: 3680 corp: 813/412Kb lim: 4096 exec/s: 24822 rss: 592Mb L: 659/4096 MS: 1 EraseBytes-
#24939836	REDUCE cov: 1288 ft: 3680 corp: 813/412Kb lim: 4096 exec/s: 24815 rss: 592Mb L: 4010/4096 MS: 1 EraseBytes-
#24976940	REDUCE cov: 1288 ft: 3680 corp: 813/412Kb lim: 4096 exec/s: 24827 rss: 592Mb L: 4053/4096 MS: 4 CrossOver-ChangeBinInt-EraseBytes-CopyPart-
#25003953	REDUCE cov: 1288 ft: 3680 corp: 813/412Kb lim: 4096 exec/s: 24830 rss: 592Mb L: 2685/4096 MS: 3 CopyPart-InsertByte-EraseBytes-
#25017979	REDUCE cov: 1288 ft: 3680 corp: 813/412Kb lim: 4096 exec/s: 24819 rss: 592Mb L: 1403/4096 MS: 1 CrossOver-
#25018730	REDUCE cov: 1288 ft: 3680 corp: 813/412Kb lim: 4096 exec/s: 24820 rss: 592Mb L: 839/4096 MS: 1 EraseBytes-
#25042677	REDUCE cov: 1288 ft: 3680 corp: 813/412Kb lim: 4096 exec/s: 24819 rss: 592Mb L: 3166/4096 MS: 2 ChangeBit-EraseBytes-
#25072803	REDUCE cov: 1288 ft: 3680 corp: 813/412Kb lim: 4096 exec/s: 24824 rss: 592Mb L: 885/4096 MS: 1 EraseBytes-
#25147916	REDUCE cov: 1288 ft: 3680 corp: 813/412Kb lim: 4096 exec/s: 24825 rss: 592Mb L: 1088/4096 MS: 3 ShuffleBytes-EraseBytes-CopyPart-
#25215748	REDUCE cov: 1288 ft: 3680 corp: 813/412Kb lim: 4096 exec/s: 24843 rss: 592Mb L: 1248/4096 MS: 2 CrossOver-EraseBytes-
#25319964	REDUCE cov: 1288 ft: 3680 corp: 813/412Kb lim: 4096 exec/s: 24847 rss: 592Mb L: 1075/4096 MS: 1 EraseBytes-
#25344060	REDUCE cov: 1288 ft: 3680 corp: 813/412Kb lim: 4096 exec/s: 24847 rss: 592Mb L: 2382/4096 MS: 1 EraseBytes-
#25447266	REDUCE cov: 1288 ft: 3680 corp: 813/412Kb lim: 4096 exec/s: 24850 rss: 592Mb L: 834/4096 MS: 1 EraseBytes-
#25454573	REDUCE cov: 1288 ft: 3680 corp: 813/412Kb lim: 4096 exec/s: 24857 rss: 592Mb L: 2661/4096 MS: 2 ChangeASCIIInt-EraseBytes-
#25508249	REDUCE cov: 1288 ft: 3680 corp: 813/412Kb lim: 4096 exec/s: 24861 rss: 592Mb L: 1727/4096 MS: 1 EraseBytes-
#25526841	REDUCE cov: 1288 ft: 3680 corp: 813/412Kb lim: 4096 exec/s: 24855 rss: 592Mb L: 1574/4096 MS: 2 ChangeBinInt-EraseBytes-
#25562416	REDUCE cov: 1288 ft: 3680 corp: 813/412Kb lim: 4096 exec/s: 24866 rss: 592Mb L: 428/4096 MS: 5 ChangeBit-EraseBytes-CrossOver-CMP-CrossOver- DE: "\001q"-
#25574664	REDUCE cov: 1288 ft: 3680 corp: 813/412Kb lim: 4096 exec/s: 24853 rss: 592Mb L: 2214/4096 MS: 3 ChangeBinInt-InsertByte-EraseBytes-
#25726241	REDUCE cov: 1288 ft: 3680 corp: 813/412Kb lim: 4096 exec/s: 24856 rss: 592Mb L: 128/4096 MS: 2 CopyPart-EraseBytes-
#25747377	REDUCE cov: 1288 ft: 3680 corp: 813/412Kb lim: 4096 exec/s: 24876 rss: 592Mb L: 545/4096 MS: 1 EraseBytes-
#25794549	REDUCE cov: 1288 ft: 3680 corp: 813/412Kb lim: 4096 exec/s: 24874 rss: 592Mb L: 2869/4096 MS: 2 PersAutoDict-EraseBytes- DE: "\002\000"-
#25881605	REDUCE cov: 1288 ft: 3680 corp: 813/412Kb lim: 4096 exec/s: 24862 rss: 592Mb L: 752/4096 MS: 1 EraseBytes-
#25882006	REDUCE cov: 1288 ft: 3680 corp: 813/412Kb lim: 4096 exec/s: 24862 rss: 592Mb L: 421/4096 MS: 1 EraseBytes-
#25919463	REDUCE cov: 1288 ft: 3680 corp: 813/412Kb lim: 4096 exec/s: 24874 rss: 592Mb L: 900/4096 MS: 2 ShuffleBytes-EraseBytes-
#25979820	REDUCE cov: 1288 ft: 3680 corp: 813/412Kb lim: 4096 exec/s: 24884 rss: 592Mb L: 1209/4096 MS: 2 ShuffleBytes-EraseBytes-
#25982402	REDUCE cov: 1288 ft: 3680 corp: 813/412Kb lim: 4096 exec/s: 24887 rss: 592Mb L: 3177/4096 MS: 2 InsertByte-EraseBytes-
#26004155	REDUCE cov: 1288 ft: 3680 corp: 813/412Kb lim: 4096 exec/s: 24884 rss: 592Mb L: 770/4096 MS: 3 CopyPart-EraseBytes-CrossOver-
#26024637	REDUCE cov: 1288 ft: 3680 corp: 813/412Kb lim: 4096 exec/s: 24880 rss: 592Mb L: 768/4096 MS: 2 ChangeBit-EraseBytes-
#26090132	REDUCE cov: 1288 ft: 3680 corp: 813/412Kb lim: 4096 exec/s: 24895 rss: 592Mb L: 2748/4096 MS: 4 ChangeBit-CopyPart-CopyPart-EraseBytes-
#26093998	REDUCE cov: 1288 ft: 3680 corp: 813/412Kb lim: 4096 exec/s: 24875 rss: 592Mb L: 657/4096 MS: 1 EraseBytes-
#26199544	REDUCE cov: 1288 ft: 3680 corp: 813/412Kb lim: 4096 exec/s: 24880 rss: 592Mb L: 2867/4096 MS: 1 EraseBytes-
#26233785	REDUCE cov: 1288 ft: 3680 corp: 813/412Kb lim: 4096 exec/s: 24889 rss: 592Mb L: 1572/4096 MS: 1 EraseBytes-
#26241116	REDUCE cov: 1288 ft: 3680 corp: 813/412Kb lim: 4096 exec/s: 24896 rss: 592Mb L: 2595/4096 MS: 1 EraseBytes-
#26252572	REDUCE cov: 1288 ft: 3680 corp: 813/412Kb lim: 4096 exec/s: 24883 rss: 592Mb L: 1526/4096 MS: 1 EraseBytes-
#26370628	REDUCE cov: 1288 ft: 3680 corp: 813/412Kb lim: 4096 exec/s: 24901 rss: 592Mb L: 403/4096 MS: 1 EraseBytes-
#26385570	REDUCE cov: 1288 ft: 3680 corp: 813/412Kb lim: 4096 exec/s: 24892 rss: 592Mb L: 952/4096 MS: 2 CopyPart-EraseBytes-
#26428648	REDUCE cov: 1288 ft: 3680 corp: 813/411Kb lim: 4096 exec/s: 24862 rss: 592Mb L: 985/4096 MS: 3 ChangeBit-ShuffleBytes-EraseBytes-
#26482120	REDUCE cov: 1288 ft: 3680 corp: 813/411Kb lim: 4096 exec/s: 24865 rss: 592Mb L: 681/4096 MS: 2 CopyPart-EraseBytes-
#26518956	REDUCE cov: 1288 ft: 3680 corp: 813/411Kb lim: 4096 exec/s: 24853 rss: 592Mb L: 294/4096 MS: 1 EraseBytes-
#26520572	REDUCE cov: 1288 ft: 3680 corp: 813/411Kb lim: 4096 exec/s: 24855 rss: 592Mb L: 1744/4096 MS: 1 EraseBytes-
#26586673	REDUCE cov: 1288 ft: 3680 corp: 813/411Kb lim: 4096 exec/s: 24870 rss: 592Mb L: 1155/4096 MS: 1 EraseBytes-
#26594854	REDUCE cov: 1288 ft: 3680 corp: 813/411Kb lim: 4096 exec/s: 24855 rss: 592Mb L: 1412/4096 MS: 1 EraseBytes-
#26633700	REDUCE cov: 1288 ft: 3680 corp: 813/411Kb lim: 4096 exec/s: 24868 rss: 592Mb L: 416/4096 MS: 1 EraseBytes-
#26778006	REDUCE cov: 1288 ft: 3680 corp: 813/411Kb lim: 4096 exec/s: 24863 rss: 592Mb L: 255/4096 MS: 1 EraseBytes-
#26780467	REDUCE cov: 1288 ft: 3680 corp: 813/411Kb lim: 4096 exec/s: 24842 rss: 592Mb L: 99/4096 MS: 1 EraseBytes-
#26792978	REDUCE cov: 1288 ft: 3680 corp: 813/411Kb lim: 4096 exec/s: 24831 rss: 592Mb L: 179/4096 MS: 1 EraseBytes-
#26838944	REDUCE cov: 1288 ft: 3680 corp: 813/411Kb lim: 4096 exec/s: 24827 rss: 592Mb L: 176/4096 MS: 1 EraseBytes-
#26852536	REDUCE cov: 1288 ft: 3680 corp: 813/411Kb lim: 4096 exec/s: 24840 rss: 592Mb L: 344/4096 MS: 1 EraseBytes-
#26860688	REDUCE cov: 1288 ft: 3680 corp: 813/411Kb lim: 4096 exec/s: 24825 rss: 592Mb L: 4046/4096 MS: 2 EraseBytes-CopyPart-
#26883635	REDUCE cov: 1288 ft: 3680 corp: 813/411Kb lim: 4096 exec/s: 24823 rss: 592Mb L: 263/4096 MS: 2 EraseBytes-CopyPart-
#27016461	REDUCE cov: 1288 ft: 3680 corp: 813/411Kb lim: 4096 exec/s: 24808 rss: 592Mb L: 2203/4096 MS: 1 EraseBytes-
#27124237	REDUCE cov: 1288 ft: 3680 corp: 813/411Kb lim: 4096 exec/s: 24793 rss: 592Mb L: 1069/4096 MS: 1 EraseBytes-
#27152523	REDUCE cov: 1288 ft: 3680 corp: 813/411Kb lim: 4096 exec/s: 24796 rss: 592Mb L: 1693/4096 MS: 1 EraseBytes-
#27226769	REDUCE cov: 1288 ft: 3680 corp: 813/411Kb lim: 4096 exec/s: 24796 rss: 592Mb L: 679/4096 MS: 1 EraseBytes-
#27249315	REDUCE cov: 1288 ft: 3680 corp: 813/411Kb lim: 4096 exec/s: 24772 rss: 592Mb L: 490/4096 MS: 1 EraseBytes-
#27342631	REDUCE cov: 1288 ft: 3680 corp: 813/411Kb lim: 4096 exec/s: 24766 rss: 592Mb L: 491/4096 MS: 1 EraseBytes-
#27369892	REDUCE cov: 1288 ft: 3680 corp: 813/411Kb lim: 4096 exec/s: 24769 rss: 592Mb L: 97/4096 MS: 1 EraseBytes-
#27434603	REDUCE cov: 1288 ft: 3680 corp: 813/411Kb lim: 4096 exec/s: 24760 rss: 592Mb L: 1982/4096 MS: 1 EraseBytes-
#27517539	REDUCE cov: 1288 ft: 3680 corp: 813/411Kb lim: 4096 exec/s: 24745 rss: 592Mb L: 1847/4096 MS: 1 EraseBytes-
#27523554	REDUCE cov: 1288 ft: 3680 corp: 813/411Kb lim: 4096 exec/s: 24751 rss: 592Mb L: 4008/4096 MS: 5 PersAutoDict-EraseBytes-ShuffleBytes-PersAutoDict-CopyPart- DE: "\001q"-"\001\000\000\000\000\000\000\000"-
#27533836	REDUCE cov: 1288 ft: 3680 corp: 813/411Kb lim: 4096 exec/s: 24738 rss: 592Mb L: 950/4096 MS: 2 CopyPart-EraseBytes-
#27556838	REDUCE cov: 1288 ft: 3680 corp: 813/411Kb lim: 4096 exec/s: 24736 rss: 592Mb L: 1517/4096 MS: 2 ShuffleBytes-EraseBytes-
#27632924	REDUCE cov: 1288 ft: 3680 corp: 813/411Kb lim: 4096 exec/s: 24738 rss: 592Mb L: 1123/4096 MS: 1 EraseBytes-
#27649636	REDUCE cov: 1288 ft: 3680 corp: 813/411Kb lim: 4096 exec/s: 24731 rss: 592Mb L: 1142/4096 MS: 2 InsertByte-EraseBytes-
#27708122	REDUCE cov: 1288 ft: 3680 corp: 813/411Kb lim: 4096 exec/s: 24739 rss: 592Mb L: 568/4096 MS: 1 EraseBytes-
#27769173	REDUCE cov: 1288 ft: 3680 corp: 813/411Kb lim: 4096 exec/s: 24727 rss: 592Mb L: 567/4096 MS: 1 EraseBytes-
#27801614	REDUCE cov: 1288 ft: 3680 corp: 813/411Kb lim: 4096 exec/s: 24734 rss: 592Mb L: 526/4096 MS: 1 EraseBytes-
#27814718	REDUCE cov: 1288 ft: 3680 corp: 813/411Kb lim: 4096 exec/s: 24724 rss: 592Mb L: 265/4096 MS: 4 ChangeBinInt-ChangeBit-EraseBytes-CopyPart-
#27823454	REDUCE cov: 1288 ft: 3680 corp: 813/411Kb lim: 4096 exec/s: 24731 rss: 592Mb L: 1737/4096 MS: 1 EraseBytes-
#27974079	REDUCE cov: 1288 ft: 3680 corp: 813/411Kb lim: 4096 exec/s: 24733 rss: 592Mb L: 3136/4096 MS: 5 ShuffleBytes-CrossOver-ChangeBinInt-ChangeByte-CopyPart-
#27977111	REDUCE cov: 1288 ft: 3680 corp: 813/411Kb lim: 4096 exec/s: 24736 rss: 592Mb L: 481/4096 MS: 2 EraseBytes-PersAutoDict- DE: "\001q"-
#27999448	REDUCE cov: 1288 ft: 3680 corp: 813/411Kb lim: 4096 exec/s: 24734 rss: 592Mb L: 405/4096 MS: 2 CopyPart-EraseBytes-
#28023586	REDUCE cov: 1288 ft: 3680 corp: 813/411Kb lim: 4096 exec/s: 24733 rss: 592Mb L: 1102/4096 MS: 3 PersAutoDict-ChangeByte-EraseBytes- DE: "\002\000"-
#28039138	REDUCE cov: 1288 ft: 3680 corp: 813/411Kb lim: 4096 exec/s: 24725 rss: 592Mb L: 322/4096 MS: 2 ShuffleBytes-EraseBytes-
#28050864	REDUCE cov: 1288 ft: 3680 corp: 813/411Kb lim: 4096 exec/s: 24736 rss: 592Mb L: 433/4096 MS: 1 EraseBytes-
#28067070	REDUCE cov: 1288 ft: 3680 corp: 813/411Kb lim: 4096 exec/s: 24728 rss: 592Mb L: 264/4096 MS: 1 EraseBytes-
#28152496	REDUCE cov: 1288 ft: 3680 corp: 813/411Kb lim: 4096 exec/s: 24738 rss: 592Mb L: 2673/4096 MS: 1 EraseBytes-
#28190387	REDUCE cov: 1288 ft: 3680 corp: 813/411Kb lim: 4096 exec/s: 24750 rss: 592Mb L: 1508/4096 MS: 1 EraseBytes-
#28202202	REDUCE cov: 1288 ft: 3680 corp: 813/411Kb lim: 4096 exec/s: 24738 rss: 592Mb L: 2643/4096 MS: 5 InsertRepeatedBytes-ShuffleBytes-InsertByte-CopyPart-EraseBytes-
#28232818	REDUCE cov: 1288 ft: 3680 corp: 813/411Kb lim: 4096 exec/s: 24743 rss: 592Mb L: 3135/4096 MS: 1 EraseBytes-
#28272510	REDUCE cov: 1288 ft: 3680 corp: 813/411Kb lim: 4096 exec/s: 24735 rss: 592Mb L: 135/4096 MS: 2 CopyPart-EraseBytes-
#28314556	REDUCE cov: 1288 ft: 3680 corp: 813/411Kb lim: 4096 exec/s: 24750 rss: 592Mb L: 363/4096 MS: 1 EraseBytes-
#28502192	REDUCE cov: 1288 ft: 3680 corp: 813/411Kb lim: 4096 exec/s: 24741 rss: 592Mb L: 890/4096 MS: 1 EraseBytes-
#28604708	REDUCE cov: 1288 ft: 3680 corp: 813/411Kb lim: 4096 exec/s: 24765 rss: 592Mb L: 268/4096 MS: 1 EraseBytes-
#28794058	REDUCE cov: 1288 ft: 3680 corp: 813/411Kb lim: 4096 exec/s: 24758 rss: 592Mb L: 4038/4096 MS: 5 ChangeBit-ChangeByte-CMP-CopyPart-EraseBytes- DE: "\000\000\000\000"-
#28813761	REDUCE cov: 1288 ft: 3680 corp: 813/411Kb lim: 4096 exec/s: 24775 rss: 592Mb L: 1719/4096 MS: 3 EraseBytes-ChangeByte-ChangeByte-
#28840013	REDUCE cov: 1288 ft: 3680 corp: 813/411Kb lim: 4096 exec/s: 24776 rss: 592Mb L: 251/4096 MS: 2 ChangeBit-EraseBytes-
#29014675	REDUCE cov: 1288 ft: 3680 corp: 813/411Kb lim: 4096 exec/s: 24777 rss: 592Mb L: 1245/4096 MS: 2 ShuffleBytes-EraseBytes-
#29087748	REDUCE cov: 1288 ft: 3680 corp: 813/411Kb lim: 4096 exec/s: 24776 rss: 592Mb L: 266/4096 MS: 3 ChangeBit-EraseBytes-CopyPart-
#29095789	REDUCE cov: 1288 ft: 3680 corp: 813/411Kb lim: 4096 exec/s: 24783 rss: 592Mb L: 464/4096 MS: 1 EraseBytes-
#29117860	REDUCE cov: 1288 ft: 3680 corp: 813/411Kb lim: 4096 exec/s: 24781 rss: 592Mb L: 1265/4096 MS: 1 EraseBytes-
#29216846	REDUCE cov: 1288 ft: 3680 corp: 813/411Kb lim: 4096 exec/s: 24781 rss: 592Mb L: 265/4096 MS: 1 EraseBytes-
#29222975	REDUCE cov: 1288 ft: 3680 corp: 813/411Kb lim: 4096 exec/s: 24786 rss: 592Mb L: 278/4096 MS: 4 CMP-CopyPart-ShuffleBytes-EraseBytes- DE: "\377\377\377\377\377\377\377\022"-
#29254171	REDUCE cov: 1288 ft: 3680 corp: 813/411Kb lim: 4096 exec/s: 24791 rss: 592Mb L: 1724/4096 MS: 1 EraseBytes-
#29260373	REDUCE cov: 1288 ft: 3680 corp: 813/411Kb lim: 4096 exec/s: 24775 rss: 592Mb L: 1136/4096 MS: 2 ShuffleBytes-EraseBytes-
#29327854	REDUCE cov: 1288 ft: 3680 corp: 813/411Kb lim: 4096 exec/s: 24791 rss: 592Mb L: 427/4096 MS: 1 EraseBytes-
#29353296	REDUCE cov: 1288 ft: 3680 corp: 813/411Kb lim: 4096 exec/s: 24791 rss: 592Mb L: 411/4096 MS: 2 ShuffleBytes-EraseBytes-
#29358062	REDUCE cov: 1288 ft: 3680 corp: 813/411Kb lim: 4096 exec/s: 24795 rss: 592Mb L: 619/4096 MS: 1 EraseBytes-
#29465119	REDUCE cov: 1288 ft: 3680 corp: 813/411Kb lim: 4096 exec/s: 24802 rss: 592Mb L: 1268/4096 MS: 2 CrossOver-EraseBytes-
#29483275	REDUCE cov: 1288 ft: 3680 corp: 813/411Kb lim: 4096 exec/s: 24796 rss: 592Mb L: 3957/4096 MS: 1 EraseBytes-
#29509776	REDUCE cov: 1288 ft: 3680 corp: 813/411Kb lim: 4096 exec/s: 24798 rss: 592Mb L: 1841/4096 MS: 1 EraseBytes-
#29545142	REDUCE cov: 1288 ft: 3680 corp: 813/411Kb lim: 4096 exec/s: 24807 rss: 592Mb L: 643/4096 MS: 1 EraseBytes-
#29566098	REDUCE cov: 1288 ft: 3680 corp: 813/411Kb lim: 4096 exec/s: 24803 rss: 592Mb L: 1839/4096 MS: 1 EraseBytes-
#29678799	REDUCE cov: 1288 ft: 3680 corp: 813/411Kb lim: 4096 exec/s: 24794 rss: 592Mb L: 254/4096 MS: 1 EraseBytes-
#29682785	REDUCE cov: 1288 ft: 3680 corp: 813/411Kb lim: 4096 exec/s: 24797 rss: 592Mb L: 174/4096 MS: 1 EraseBytes-
#29710496	REDUCE cov: 1288 ft: 3680 corp: 813/411Kb lim: 4096 exec/s: 24800 rss: 592Mb L: 675/4096 MS: 1 EraseBytes-
#29892328	REDUCE cov: 1288 ft: 3680 corp: 813/411Kb lim: 4096 exec/s: 24806 rss: 592Mb L: 3173/4096 MS: 2 ShuffleBytes-EraseBytes-
#29945364	REDUCE cov: 1288 ft: 3680 corp: 813/411Kb lim: 4096 exec/s: 24809 rss: 592Mb L: 1100/4096 MS: 1 CrossOver-
#29957245	REDUCE cov: 1288 ft: 3680 corp: 813/411Kb lim: 4096 exec/s: 24819 rss: 592Mb L: 1267/4096 MS: 1 EraseBytes-
#30029576	REDUCE cov: 1288 ft: 3680 corp: 813/411Kb lim: 4096 exec/s: 24817 rss: 592Mb L: 126/4096 MS: 1 EraseBytes-
#30031132	REDUCE cov: 1288 ft: 3680 corp: 813/411Kb lim: 4096 exec/s: 24819 rss: 592Mb L: 3746/4096 MS: 1 EraseBytes-
#30091178	REDUCE cov: 1288 ft: 3680 corp: 813/411Kb lim: 4096 exec/s: 24827 rss: 592Mb L: 545/4096 MS: 1 EraseBytes-
#30274644	REDUCE cov: 1288 ft: 3680 corp: 813/411Kb lim: 4096 exec/s: 24835 rss: 592Mb L: 1727/4096 MS: 1 EraseBytes-
#30301446	REDUCE cov: 1288 ft: 3680 corp: 813/411Kb lim: 4096 exec/s: 24837 rss: 592Mb L: 618/4096 MS: 2 InsertByte-EraseBytes-
#30321802	REDUCE cov: 1288 ft: 3680 corp: 813/411Kb lim: 4096 exec/s: 24853 rss: 592Mb L: 2593/4096 MS: 1 EraseBytes-
#30384409	REDUCE cov: 1288 ft: 3680 corp: 813/411Kb lim: 4096 exec/s: 24844 rss: 592Mb L: 293/4096 MS: 2 CopyPart-EraseBytes-
#30428830	REDUCE cov: 1288 ft: 3680 corp: 813/411Kb lim: 4096 exec/s: 24860 rss: 592Mb L: 123/4096 MS: 1 EraseBytes-
#30499166	REDUCE cov: 1288 ft: 3680 corp: 813/411Kb lim: 4096 exec/s: 24856 rss: 592Mb L: 3225/4096 MS: 1 EraseBytes-
#30516427	REDUCE cov: 1288 ft: 3680 corp: 813/411Kb lim: 4096 exec/s: 24850 rss: 592Mb L: 1713/4096 MS: 1 EraseBytes-
#30518143	REDUCE cov: 1288 ft: 3680 corp: 813/411Kb lim: 4096 exec/s: 24851 rss: 592Mb L: 404/4096 MS: 1 EraseBytes-
#30519344	REDUCE cov: 1288 ft: 3680 corp: 813/411Kb lim: 4096 exec/s: 24852 rss: 592Mb L: 1711/4096 MS: 1 EraseBytes-
#30549310	REDUCE cov: 1288 ft: 3680 corp: 813/411Kb lim: 4096 exec/s: 24857 rss: 592Mb L: 500/4096 MS: 1 EraseBytes-
#30593178	REDUCE cov: 1288 ft: 3680 corp: 813/411Kb lim: 4096 exec/s: 24872 rss: 592Mb L: 577/4096 MS: 3 InsertByte-ChangeBit-EraseBytes-
#30659404	REDUCE cov: 1288 ft: 3680 corp: 813/411Kb lim: 4096 exec/s: 24865 rss: 592Mb L: 173/4096 MS: 1 EraseBytes-
#30727250	REDUCE cov: 1288 ft: 3680 corp: 813/411Kb lim: 4096 exec/s: 24880 rss: 592Mb L: 1148/4096 MS: 1 EraseBytes-
#30759261	REDUCE cov: 1288 ft: 3680 corp: 813/411Kb lim: 4096 exec/s: 24866 rss: 592Mb L: 3377/4096 MS: 1 EraseBytes-
#30779633	REDUCE cov: 1288 ft: 3680 corp: 813/411Kb lim: 4096 exec/s: 24882 rss: 592Mb L: 281/4096 MS: 2 EraseBytes-CopyPart-
#30792339	REDUCE cov: 1288 ft: 3680 corp: 813/411Kb lim: 4096 exec/s: 24872 rss: 592Mb L: 432/4096 MS: 1 EraseBytes-
#30803540	REDUCE cov: 1288 ft: 3680 corp: 813/411Kb lim: 4096 exec/s: 24881 rss: 592Mb L: 2842/4096 MS: 1 EraseBytes-
#30827746	REDUCE cov: 1288 ft: 3680 corp: 813/411Kb lim: 4096 exec/s: 24881 rss: 592Mb L: 490/4096 MS: 1 EraseBytes-
#30855327	REDUCE cov: 1288 ft: 3680 corp: 813/411Kb lim: 4096 exec/s: 24883 rss: 592Mb L: 425/4096 MS: 1 EraseBytes-
#30874801	REDUCE cov: 1288 ft: 3680 corp: 813/411Kb lim: 4096 exec/s: 24878 rss: 592Mb L: 2138/4096 MS: 4 CopyPart-InsertByte-PersAutoDict-EraseBytes- DE: "\001\000\000&"-
#30904584	REDUCE cov: 1288 ft: 3680 corp: 813/411Kb lim: 4096 exec/s: 24882 rss: 592Mb L: 890/4096 MS: 3 ChangeByte-EraseBytes-CopyPart-
#30962450	REDUCE cov: 1288 ft: 3680 corp: 813/411Kb lim: 4096 exec/s: 24889 rss: 592Mb L: 1798/4096 MS: 1 EraseBytes-
#31000983	REDUCE cov: 1288 ft: 3680 corp: 813/411Kb lim: 4096 exec/s: 24900 rss: 592Mb L: 3185/4096 MS: 3 EraseBytes-EraseBytes-CopyPart-
#31030852	REDUCE cov: 1288 ft: 3680 corp: 813/411Kb lim: 4096 exec/s: 24904 rss: 592Mb L: 2198/4096 MS: 4 ShuffleBytes-InsertByte-PersAutoDict-EraseBytes- DE: "\002\000"-
#31039008	REDUCE cov: 1288 ft: 3680 corp: 813/411Kb lim: 4096 exec/s: 24890 rss: 592Mb L: 3174/4096 MS: 1 EraseBytes-
#31071350	REDUCE cov: 1288 ft: 3680 corp: 813/411Kb lim: 4096 exec/s: 24896 rss: 592Mb L: 883/4096 MS: 1 EraseBytes-
#31081182	REDUCE cov: 1288 ft: 3680 corp: 813/411Kb lim: 4096 exec/s: 24904 rss: 592Mb L: 2169/4096 MS: 2 EraseBytes-CrossOver-
#31097673	REDUCE cov: 1288 ft: 3680 corp: 813/411Kb lim: 4096 exec/s: 24898 rss: 592Mb L: 1147/4096 MS: 1 EraseBytes-
#31150939	REDUCE cov: 1288 ft: 3680 corp: 813/411Kb lim: 4096 exec/s: 24900 rss: 592Mb L: 982/4096 MS: 1 EraseBytes-
#31192330	REDUCE cov: 1288 ft: 3680 corp: 813/411Kb lim: 4096 exec/s: 24914 rss: 592Mb L: 3172/4096 MS: 1 EraseBytes-
#31206992	REDUCE cov: 1288 ft: 3680 corp: 813/411Kb lim: 4096 exec/s: 24905 rss: 592Mb L: 473/4096 MS: 2 CopyPart-EraseBytes-
#31229873	REDUCE cov: 1288 ft: 3680 corp: 813/411Kb lim: 4096 exec/s: 24924 rss: 592Mb L: 1726/4096 MS: 1 EraseBytes-
#31265160	REDUCE cov: 1288 ft: 3680 corp: 813/411Kb lim: 4096 exec/s: 24912 rss: 592Mb L: 1504/4096 MS: 2 ChangeASCIIInt-EraseBytes-
#31302383	REDUCE cov: 1288 ft: 3680 corp: 813/411Kb lim: 4096 exec/s: 24922 rss: 592Mb L: 458/4096 MS: 3 InsertRepeatedBytes-PersAutoDict-EraseBytes- DE: "\001q"-
#31344824	REDUCE cov: 1288 ft: 3680 corp: 813/411Kb lim: 4096 exec/s: 24916 rss: 592Mb L: 574/4096 MS: 1 EraseBytes-
#31359475	REDUCE cov: 1288 ft: 3680 corp: 813/411Kb lim: 4096 exec/s: 24928 rss: 592Mb L: 1405/4096 MS: 1 EraseBytes-
#31363476	REDUCE cov: 1288 ft: 3680 corp: 813/411Kb lim: 4096 exec/s: 24911 rss: 592Mb L: 489/4096 MS: 1 EraseBytes-
#31377563	REDUCE cov: 1288 ft: 3680 corp: 813/411Kb lim: 4096 exec/s: 24922 rss: 592Mb L: 1244/4096 MS: 2 ChangeASCIIInt-EraseBytes-
#31388309	REDUCE cov: 1288 ft: 3680 corp: 813/411Kb lim: 4096 exec/s: 24911 rss: 592Mb L: 594/4096 MS: 1 EraseBytes-
#31415340	REDUCE cov: 1288 ft: 3680 corp: 813/411Kb lim: 4096 exec/s: 24913 rss: 592Mb L: 473/4096 MS: 1 EraseBytes-
#31470457	REDUCE cov: 1288 ft: 3680 corp: 813/411Kb lim: 4096 exec/s: 24936 rss: 592Mb L: 430/4096 MS: 2 InsertByte-EraseBytes-
#31485338	REDUCE cov: 1288 ft: 3680 corp: 813/411Kb lim: 4096 exec/s: 24929 rss: 592Mb L: 104/4096 MS: 1 EraseBytes-
#31613849	REDUCE cov: 1288 ft: 3680 corp: 813/411Kb lim: 4096 exec/s: 24932 rss: 592Mb L: 2746/4096 MS: 1 EraseBytes-
#31617930	REDUCE cov: 1288 ft: 3680 corp: 813/411Kb lim: 4096 exec/s: 24935 rss: 592Mb L: 518/4096 MS: 1 EraseBytes-
#31626072	REDUCE cov: 1288 ft: 3680 corp: 813/411Kb lim: 4096 exec/s: 24922 rss: 592Mb L: 2639/4096 MS: 2 CrossOver-EraseBytes-
#31627740	REDUCE cov: 1288 ft: 3680 corp: 813/411Kb lim: 4096 exec/s: 24923 rss: 592Mb L: 673/4096 MS: 3 CopyPart-ChangeBit-EraseBytes-
#31756241	REDUCE cov: 1288 ft: 3680 corp: 813/411Kb lim: 4096 exec/s: 24926 rss: 592Mb L: 346/4096 MS: 1 EraseBytes-
#31810457	REDUCE cov: 1288 ft: 3680 corp: 813/411Kb lim: 4096 exec/s: 24929 rss: 592Mb L: 751/4096 MS: 1 EraseBytes-
#31823049	REDUCE cov: 1288 ft: 3680 corp: 813/411Kb lim: 4096 exec/s: 24920 rss: 592Mb L: 2736/4096 MS: 2 InsertByte-EraseBytes-
#31890080	REDUCE cov: 1288 ft: 3680 corp: 813/411Kb lim: 4096 exec/s: 24914 rss: 592Mb L: 1546/4096 MS: 1 EraseBytes-
#32124611	REDUCE cov: 1288 ft: 3680 corp: 813/411Kb lim: 4096 exec/s: 24922 rss: 592Mb L: 2125/4096 MS: 1 EraseBytes-
#32173923	REDUCE cov: 1288 ft: 3680 corp: 813/411Kb lim: 4096 exec/s: 24921 rss: 592Mb L: 249/4096 MS: 2 ChangeByte-EraseBytes-
#32194184	REDUCE cov: 1288 ft: 3680 corp: 813/411Kb lim: 4096 exec/s: 24918 rss: 592Mb L: 1083/4096 MS: 1 EraseBytes-
#32246930	REDUCE cov: 1288 ft: 3680 corp: 813/411Kb lim: 4096 exec/s: 24920 rss: 592Mb L: 516/4096 MS: 1 EraseBytes-
#32279831	REDUCE cov: 1288 ft: 3680 corp: 813/411Kb lim: 4096 exec/s: 24926 rss: 592Mb L: 401/4096 MS: 1 EraseBytes-
#32297583	REDUCE cov: 1288 ft: 3680 corp: 813/411Kb lim: 4096 exec/s: 24920 rss: 592Mb L: 642/4096 MS: 2 ShuffleBytes-EraseBytes-
#32412109	REDUCE cov: 1288 ft: 3680 corp: 813/411Kb lim: 4096 exec/s: 24932 rss: 592Mb L: 316/4096 MS: 1 EraseBytes-
#32512565	REDUCE cov: 1288 ft: 3680 corp: 813/411Kb lim: 4096 exec/s: 24932 rss: 592Mb L: 122/4096 MS: 1 EraseBytes-
#32516952	REDUCE cov: 1288 ft: 3680 corp: 813/411Kb lim: 4096 exec/s: 24936 rss: 592Mb L: 544/4096 MS: 2 ShuffleBytes-EraseBytes-
#32520443	REDUCE cov: 1288 ft: 3680 corp: 813/411Kb lim: 4096 exec/s: 24938 rss: 592Mb L: 1312/4096 MS: 1 EraseBytes-
#32586260	REDUCE cov: 1288 ft: 3680 corp: 813/411Kb lim: 4096 exec/s: 24951 rss: 592Mb L: 96/4096 MS: 2 InsertByte-EraseBytes-
#32593126	REDUCE cov: 1288 ft: 3680 corp: 813/411Kb lim: 4096 exec/s: 24937 rss: 592Mb L: 1584/4096 MS: 1 EraseBytes-
#32595517	REDUCE cov: 1288 ft: 3680 corp: 813/411Kb lim: 4096 exec/s: 24939 rss: 592Mb L: 1497/4096 MS: 1 EraseBytes-
#32700984	REDUCE cov: 1288 ft: 3680 corp: 813/411Kb lim: 4096 exec/s: 24886 rss: 592Mb L: 984/4096 MS: 2 CopyPart-EraseBytes-
#32779634	REDUCE cov: 1288 ft: 3680 corp: 813/411Kb lim: 4096 exec/s: 24814 rss: 592Mb L: 253/4096 MS: 5 EraseBytes-ShuffleBytes-CopyPart-CopyPart-EraseBytes-
#32794085	REDUCE cov: 1288 ft: 3680 corp: 813/411Kb lim: 4096 exec/s: 24787 rss: 592Mb L: 1243/4096 MS: 1 EraseBytes-
#32815876	REDUCE cov: 1288 ft: 3680 corp: 813/411Kb lim: 4096 exec/s: 24766 rss: 592Mb L: 881/4096 MS: 1 EraseBytes-
#32920618	REDUCE cov: 1288 ft: 3680 corp: 813/411Kb lim: 4096 exec/s: 24715 rss: 592Mb L: 344/4096 MS: 2 EraseBytes-CopyPart-
#33045889	REDUCE cov: 1288 ft: 3680 corp: 813/411Kb lim: 4096 exec/s: 24697 rss: 592Mb L: 315/4096 MS: 1 EraseBytes-
#33218532	REDUCE cov: 1288 ft: 3680 corp: 813/411Kb lim: 4096 exec/s: 24716 rss: 592Mb L: 2107/4096 MS: 3 ChangeBit-CrossOver-EraseBytes-
#33227543	REDUCE cov: 1288 ft: 3680 corp: 813/411Kb lim: 4096 exec/s: 24704 rss: 592Mb L: 1262/4096 MS: 1 EraseBytes-
#33267002	REDUCE cov: 1288 ft: 3680 corp: 813/411Kb lim: 4096 exec/s: 24715 rss: 592Mb L: 3644/4096 MS: 4 CrossOver-ShuffleBytes-ChangeBit-EraseBytes-
#33270575	REDUCE cov: 1288 ft: 3680 corp: 813/411Kb lim: 4096 exec/s: 24718 rss: 592Mb L: 872/4096 MS: 3 CopyPart-EraseBytes-CopyPart-
#33337297	REDUCE cov: 1288 ft: 3680 corp: 813/411Kb lim: 4096 exec/s: 24730 rss: 592Mb L: 1805/4096 MS: 2 ChangeBit-EraseBytes-
#33350908	REDUCE cov: 1288 ft: 3680 corp: 813/411Kb lim: 4096 exec/s: 24722 rss: 592Mb L: 408/4096 MS: 1 EraseBytes-
#33352096	REDUCE cov: 1288 ft: 3680 corp: 813/411Kb lim: 4096 exec/s: 24723 rss: 592Mb L: 1265/4096 MS: 3 EraseBytes-InsertByte-CopyPart-
#33367431	REDUCE cov: 1288 ft: 3680 corp: 813/411Kb lim: 4096 exec/s: 24734 rss: 592Mb L: 516/4096 MS: 5 EraseBytes-ShuffleBytes-EraseBytes-EraseBytes-CopyPart-
#33381940	REDUCE cov: 1288 ft: 3680 corp: 813/411Kb lim: 4096 exec/s: 24727 rss: 592Mb L: 2181/4096 MS: 4 InsertByte-PersAutoDict-ChangeASCIIInt-EraseBytes- DE: "\002\000"-
#33463236	REDUCE cov: 1288 ft: 3680 corp: 813/411Kb lim: 4096 exec/s: 24732 rss: 592Mb L: 878/4096 MS: 1 EraseBytes-
#33513352	REDUCE cov: 1288 ft: 3680 corp: 813/410Kb lim: 4096 exec/s: 24751 rss: 592Mb L: 543/4096 MS: 1 EraseBytes-
#33541643	REDUCE cov: 1288 ft: 3680 corp: 813/410Kb lim: 4096 exec/s: 24735 rss: 592Mb L: 1359/4096 MS: 1 EraseBytes-
#33554432	pulse  cov: 1288 ft: 3680 corp: 813/410Kb lim: 4096 exec/s: 24745 rss: 592Mb
#33560054	REDUCE cov: 1288 ft: 3680 corp: 813/410Kb lim: 4096 exec/s: 24749 rss: 592Mb L: 4060/4096 MS: 1 EraseBytes-
#33571216	REDUCE cov: 1288 ft: 3680 corp: 813/410Kb lim: 4096 exec/s: 24739 rss: 592Mb L: 211/4096 MS: 2 EraseBytes-CopyPart-
#33593342	REDUCE cov: 1288 ft: 3680 corp: 813/410Kb lim: 4096 exec/s: 24755 rss: 592Mb L: 515/4096 MS: 1 EraseBytes-
#33645363	REDUCE cov: 1288 ft: 3680 corp: 813/410Kb lim: 4096 exec/s: 24757 rss: 592Mb L: 377/4096 MS: 1 EraseBytes-
#33655535	REDUCE cov: 1288 ft: 3680 corp: 813/410Kb lim: 4096 exec/s: 24746 rss: 592Mb L: 1686/4096 MS: 2 ChangeASCIIInt-EraseBytes-
#33657537	REDUCE cov: 1288 ft: 3680 corp: 813/410Kb lim: 4096 exec/s: 24748 rss: 592Mb L: 367/4096 MS: 2 CopyPart-EraseBytes-
#33668833	REDUCE cov: 1288 ft: 3680 corp: 813/410Kb lim: 4096 exec/s: 24756 rss: 592Mb L: 120/4096 MS: 1 EraseBytes-
#33697344	REDUCE cov: 1288 ft: 3680 corp: 813/410Kb lim: 4096 exec/s: 24759 rss: 592Mb L: 1792/4096 MS: 1 EraseBytes-
#33704725	REDUCE cov: 1288 ft: 3680 corp: 813/410Kb lim: 4096 exec/s: 24746 rss: 592Mb L: 858/4096 MS: 1 EraseBytes-
#33731946	REDUCE cov: 1288 ft: 3680 corp: 813/410Kb lim: 4096 exec/s: 24748 rss: 592Mb L: 1060/4096 MS: 1 EraseBytes-
#33769557	REDUCE cov: 1288 ft: 3680 corp: 813/410Kb lim: 4096 exec/s: 24757 rss: 592Mb L: 283/4096 MS: 1 EraseBytes-
#33787489	REDUCE cov: 1288 ft: 3680 corp: 813/410Kb lim: 4096 exec/s: 24752 rss: 592Mb L: 903/4096 MS: 2 ChangeBinInt-EraseBytes-
#33788470	REDUCE cov: 1288 ft: 3680 corp: 813/410Kb lim: 4096 exec/s: 24753 rss: 592Mb L: 341/4096 MS: 1 EraseBytes-
#33805094	REDUCE cov: 1288 ft: 3680 corp: 813/410Kb lim: 4096 exec/s: 24765 rss: 592Mb L: 232/4096 MS: 4 EraseBytes-CopyPart-ChangeByte-CopyPart-
#33868740	REDUCE cov: 1288 ft: 3680 corp: 813/410Kb lim: 4096 exec/s: 24775 rss: 592Mb L: 2669/4096 MS: 1 EraseBytes-
#33895452	REDUCE cov: 1288 ft: 3680 corp: 813/410Kb lim: 4096 exec/s: 24759 rss: 592Mb L: 902/4096 MS: 2 InsertByte-EraseBytes-
#33912378	REDUCE cov: 1288 ft: 3680 corp: 813/410Kb lim: 4096 exec/s: 24771 rss: 592Mb L: 2197/4096 MS: 1 EraseBytes-
#33942600	REDUCE cov: 1288 ft: 3680 corp: 813/410Kb lim: 4096 exec/s: 24775 rss: 592Mb L: 1264/4096 MS: 2 InsertByte-EraseBytes-
#33961508	REDUCE cov: 1288 ft: 3681 corp: 814/414Kb lim: 4096 exec/s: 24753 rss: 592Mb L: 4022/4096 MS: 3 PersAutoDict-EraseBytes-CopyPart- DE: "\000\000\000\003"-
#34102584	REDUCE cov: 1288 ft: 3681 corp: 814/414Kb lim: 4096 exec/s: 24765 rss: 592Mb L: 2532/4096 MS: 1 EraseBytes-
#34132820	REDUCE cov: 1288 ft: 3681 corp: 814/414Kb lim: 4096 exec/s: 24769 rss: 592Mb L: 1463/4096 MS: 1 CrossOver-
#34249014	REDUCE cov: 1288 ft: 3681 corp: 814/414Kb lim: 4096 exec/s: 24782 rss: 592Mb L: 1234/4096 MS: 4 CopyPart-InsertByte-ChangeASCIIInt-EraseBytes-
#34335596	REDUCE cov: 1288 ft: 3681 corp: 814/414Kb lim: 4096 exec/s: 24808 rss: 592Mb L: 485/4096 MS: 2 ChangeBit-EraseBytes-
#34393657	REDUCE cov: 1288 ft: 3681 corp: 814/414Kb lim: 4096 exec/s: 24815 rss: 592Mb L: 539/4096 MS: 1 EraseBytes-
#34571610	REDUCE cov: 1288 ft: 3681 corp: 814/414Kb lim: 4096 exec/s: 24835 rss: 592Mb L: 979/4096 MS: 3 CopyPart-ChangeASCIIInt-EraseBytes-
#34594946	REDUCE cov: 1288 ft: 3681 corp: 814/414Kb lim: 4096 exec/s: 24834 rss: 592Mb L: 1302/4096 MS: 1 EraseBytes-
#34830082	REDUCE cov: 1288 ft: 3681 corp: 814/414Kb lim: 4096 exec/s: 24860 rss: 592Mb L: 515/4096 MS: 1 EraseBytes-
#34834129	REDUCE cov: 1288 ft: 3681 corp: 814/414Kb lim: 4096 exec/s: 24863 rss: 592Mb L: 161/4096 MS: 2 EraseBytes-CopyPart-
#34909927	REDUCE cov: 1288 ft: 3681 corp: 814/414Kb lim: 4096 exec/s: 24864 rss: 592Mb L: 566/4096 MS: 3 InsertByte-EraseBytes-CopyPart-
#34945993	REDUCE cov: 1288 ft: 3681 corp: 814/414Kb lim: 4096 exec/s: 24872 rss: 592Mb L: 1310/4096 MS: 1 EraseBytes-
#35094134	REDUCE cov: 1288 ft: 3681 corp: 814/414Kb lim: 4096 exec/s: 24889 rss: 592Mb L: 231/4096 MS: 1 EraseBytes-
#35097771	REDUCE cov: 1288 ft: 3681 corp: 814/414Kb lim: 4096 exec/s: 24892 rss: 592Mb L: 361/4096 MS: 2 ShuffleBytes-EraseBytes-
#35111243	REDUCE cov: 1288 ft: 3681 corp: 814/414Kb lim: 4096 exec/s: 24901 rss: 592Mb L: 870/4096 MS: 2 ShuffleBytes-EraseBytes-
#35221480	REDUCE cov: 1288 ft: 3681 corp: 814/414Kb lim: 4096 exec/s: 24909 rss: 592Mb L: 1079/4096 MS: 2 ShuffleBytes-EraseBytes-
#35241136	REDUCE cov: 1288 ft: 3681 corp: 814/414Kb lim: 4096 exec/s: 24905 rss: 592Mb L: 429/4096 MS: 1 EraseBytes-
#35249963	REDUCE cov: 1288 ft: 3681 corp: 814/414Kb lim: 4096 exec/s: 24911 rss: 592Mb L: 2570/4096 MS: 2 ChangeASCIIInt-EraseBytes-
#35305581	REDUCE cov: 1288 ft: 3681 corp: 814/414Kb lim: 4096 exec/s: 24915 rss: 592Mb L: 187/4096 MS: 3 ShuffleBytes-ChangeBit-EraseBytes-
#35410392	REDUCE cov: 1288 ft: 3681 corp: 814/414Kb lim: 4096 exec/s: 24936 rss: 592Mb L: 119/4096 MS: 1 EraseBytes-
#35472097	REDUCE cov: 1288 ft: 3681 corp: 814/414Kb lim: 4096 exec/s: 24945 rss: 592Mb L: 1574/4096 MS: 5 ChangeASCIIInt-ChangeByte-ChangeBinInt-EraseBytes-CopyPart-
#35538293	REDUCE cov: 1288 ft: 3681 corp: 814/414Kb lim: 4096 exec/s: 24956 rss: 592Mb L: 2355/4096 MS: 1 EraseBytes-
#35638934	REDUCE cov: 1288 ft: 3681 corp: 814/414Kb lim: 4096 exec/s: 24957 rss: 592Mb L: 1462/4096 MS: 1 EraseBytes-
#35650190	REDUCE cov: 1288 ft: 3681 corp: 814/414Kb lim: 4096 exec/s: 24965 rss: 592Mb L: 2376/4096 MS: 1 EraseBytes-
#35677166	REDUCE cov: 1288 ft: 3681 corp: 814/414Kb lim: 4096 exec/s: 24966 rss: 592Mb L: 485/4096 MS: 1 EraseBytes-
#35696303	REDUCE cov: 1288 ft: 3681 corp: 814/414Kb lim: 4096 exec/s: 24962 rss: 592Mb L: 766/4096 MS: 2 ChangeBinInt-EraseBytes-
#35735260	REDUCE cov: 1288 ft: 3681 corp: 814/414Kb lim: 4096 exec/s: 24972 rss: 592Mb L: 1788/4096 MS: 2 EraseBytes-CopyPart-
#35804851	REDUCE cov: 1288 ft: 3681 corp: 814/414Kb lim: 4096 exec/s: 24968 rss: 592Mb L: 831/4096 MS: 1 EraseBytes-
#35815692	REDUCE cov: 1288 ft: 3681 corp: 814/414Kb lim: 4096 exec/s: 24976 rss: 592Mb L: 1834/4096 MS: 1 EraseBytes-
#35819783	REDUCE cov: 1288 ft: 3681 corp: 814/414Kb lim: 4096 exec/s: 24978 rss: 592Mb L: 282/4096 MS: 1 EraseBytes-
#35861719	REDUCE cov: 1288 ft: 3681 corp: 814/414Kb lim: 4096 exec/s: 24973 rss: 592Mb L: 203/4096 MS: 1 EraseBytes-
#35861815	REDUCE cov: 1288 ft: 3681 corp: 814/414Kb lim: 4096 exec/s: 24973 rss: 592Mb L: 1984/4096 MS: 1 EraseBytes-
#35894717	REDUCE cov: 1288 ft: 3681 corp: 814/414Kb lim: 4096 exec/s: 24978 rss: 592Mb L: 1496/4096 MS: 2 ChangeByte-EraseBytes-
#35910738	REDUCE cov: 1288 ft: 3681 corp: 814/414Kb lim: 4096 exec/s: 24990 rss: 592Mb L: 400/4096 MS: 1 EraseBytes-
#35921684	REDUCE cov: 1288 ft: 3681 corp: 814/414Kb lim: 4096 exec/s: 24980 rss: 592Mb L: 565/4096 MS: 1 EraseBytes-
#35934447	REDUCE cov: 1288 ft: 3681 corp: 814/414Kb lim: 4096 exec/s: 24989 rss: 592Mb L: 2695/4096 MS: 3 ChangeASCIIInt-ChangeBit-EraseBytes-
#36019148	REDUCE cov: 1288 ft: 3681 corp: 814/414Kb lim: 4096 exec/s: 24995 rss: 592Mb L: 1718/4096 MS: 1 EraseBytes-
#36060029	REDUCE cov: 1288 ft: 3681 corp: 814/414Kb lim: 4096 exec/s: 25006 rss: 592Mb L: 401/4096 MS: 1 EraseBytes-
#36171656	REDUCE cov: 1288 ft: 3681 corp: 814/414Kb lim: 4096 exec/s: 25014 rss: 592Mb L: 1024/4096 MS: 2 EraseBytes-CopyPart-
#36300167	REDUCE cov: 1288 ft: 3681 corp: 814/414Kb lim: 4096 exec/s: 25034 rss: 592Mb L: 89/4096 MS: 1 EraseBytes-
#36312241	REDUCE cov: 1288 ft: 3681 corp: 814/414Kb lim: 4096 exec/s: 25025 rss: 592Mb L: 514/4096 MS: 4 ChangeByte-EraseBytes-PersAutoDict-ChangeByte- DE: "\002\000"-
#36315932	REDUCE cov: 1288 ft: 3681 corp: 814/414Kb lim: 4096 exec/s: 25028 rss: 592Mb L: 617/4096 MS: 1 EraseBytes-
#36506798	REDUCE cov: 1288 ft: 3681 corp: 814/414Kb lim: 4096 exec/s: 25056 rss: 592Mb L: 281/4096 MS: 1 EraseBytes-
#36595079	REDUCE cov: 1288 ft: 3681 corp: 814/414Kb lim: 4096 exec/s: 25065 rss: 592Mb L: 472/4096 MS: 1 EraseBytes-
#36643092	REDUCE cov: 1288 ft: 3681 corp: 814/414Kb lim: 4096 exec/s: 25063 rss: 592Mb L: 3114/4096 MS: 3 ChangeASCIIInt-CopyPart-EraseBytes-
#36656588	REDUCE cov: 1288 ft: 3681 corp: 814/414Kb lim: 4096 exec/s: 25072 rss: 592Mb L: 406/4096 MS: 1 EraseBytes-
#36763190	REDUCE cov: 1288 ft: 3681 corp: 814/414Kb lim: 4096 exec/s: 25077 rss: 592Mb L: 1582/4096 MS: 2 CrossOver-EraseBytes-
#36871572	REDUCE cov: 1288 ft: 3681 corp: 814/414Kb lim: 4096 exec/s: 25099 rss: 592Mb L: 607/4096 MS: 2 ChangeBit-EraseBytes-
#36894883	REDUCE cov: 1288 ft: 3681 corp: 814/414Kb lim: 4096 exec/s: 25098 rss: 592Mb L: 641/4096 MS: 1 EraseBytes-
#36967859	REDUCE cov: 1288 ft: 3681 corp: 814/414Kb lim: 4096 exec/s: 25096 rss: 592Mb L: 426/4096 MS: 1 EraseBytes-
#36988095	REDUCE cov: 1288 ft: 3681 corp: 814/414Kb lim: 4096 exec/s: 25110 rss: 592Mb L: 313/4096 MS: 1 EraseBytes-
#37012293	REDUCE cov: 1288 ft: 3681 corp: 814/414Kb lim: 4096 exec/s: 25110 rss: 592Mb L: 3484/4096 MS: 3 PersAutoDict-InsertByte-EraseBytes- DE: "\002\000"-
#37072334	REDUCE cov: 1288 ft: 3681 corp: 814/414Kb lim: 4096 exec/s: 25116 rss: 592Mb L: 372/4096 MS: 1 EraseBytes-
#37072684	REDUCE cov: 1288 ft: 3681 corp: 814/414Kb lim: 4096 exec/s: 25116 rss: 592Mb L: 2614/4096 MS: 5 CopyPart-ChangeBinInt-ChangeASCIIInt-InsertByte-EraseBytes-
#37084415	REDUCE cov: 1288 ft: 3681 corp: 814/414Kb lim: 4096 exec/s: 25107 rss: 592Mb L: 342/4096 MS: 1 EraseBytes-
#37088668	REDUCE cov: 1288 ft: 3681 corp: 814/414Kb lim: 4096 exec/s: 25110 rss: 592Mb L: 898/4096 MS: 3 EraseBytes-InsertByte-ChangeByte-
#37233794	REDUCE cov: 1288 ft: 3681 corp: 814/414Kb lim: 4096 exec/s: 25124 rss: 592Mb L: 1536/4096 MS: 1 EraseBytes-
#37286218	REDUCE cov: 1288 ft: 3681 corp: 814/414Kb lim: 4096 exec/s: 25125 rss: 592Mb L: 845/4096 MS: 4 EraseBytes-CopyPart-EraseBytes-CopyPart-
#37315529	REDUCE cov: 1288 ft: 3681 corp: 814/414Kb lim: 4096 exec/s: 25128 rss: 592Mb L: 210/4096 MS: 1 EraseBytes-
#37426700	REDUCE cov: 1288 ft: 3681 corp: 814/414Kb lim: 4096 exec/s: 25135 rss: 592Mb L: 279/4096 MS: 1 EraseBytes-
#37462909	REDUCE cov: 1288 ft: 3681 corp: 814/414Kb lim: 4096 exec/s: 25142 rss: 592Mb L: 3145/4096 MS: 4 ChangeBit-InsertByte-InsertByte-EraseBytes-
#37472180	REDUCE cov: 1288 ft: 3681 corp: 814/414Kb lim: 4096 exec/s: 25132 rss: 592Mb L: 1049/4096 MS: 1 EraseBytes-
#37478611	REDUCE cov: 1288 ft: 3681 corp: 814/414Kb lim: 4096 exec/s: 25136 rss: 592Mb L: 186/4096 MS: 1 EraseBytes-
#37774323	REDUCE cov: 1288 ft: 3681 corp: 814/414Kb lim: 4096 exec/s: 25166 rss: 592Mb L: 1796/4096 MS: 2 InsertByte-EraseBytes-
#37891144	REDUCE cov: 1288 ft: 3681 corp: 814/414Kb lim: 4096 exec/s: 25176 rss: 592Mb L: 836/4096 MS: 1 EraseBytes-
#37901167	REDUCE cov: 1288 ft: 3681 corp: 814/414Kb lim: 4096 exec/s: 25183 rss: 592Mb L: 593/4096 MS: 3 InsertByte-ChangeBit-EraseBytes-
#37941788	REDUCE cov: 1288 ft: 3681 corp: 814/414Kb lim: 4096 exec/s: 25177 rss: 592Mb L: 397/4096 MS: 1 EraseBytes-
#37981671	REDUCE cov: 1288 ft: 3681 corp: 814/414Kb lim: 4096 exec/s: 25186 rss: 592Mb L: 565/4096 MS: 3 ShuffleBytes-InsertByte-EraseBytes-
#37994003	REDUCE cov: 1288 ft: 3681 corp: 814/414Kb lim: 4096 exec/s: 25178 rss: 592Mb L: 2372/4096 MS: 2 InsertByte-EraseBytes-
#38131050	REDUCE cov: 1288 ft: 3681 corp: 814/414Kb lim: 4096 exec/s: 25202 rss: 592Mb L: 3103/4096 MS: 2 ChangeBit-EraseBytes-
#38160276	REDUCE cov: 1288 ft: 3681 corp: 814/414Kb lim: 4096 exec/s: 25204 rss: 592Mb L: 56/4096 MS: 1 EraseBytes-
#38167217	REDUCE cov: 1288 ft: 3681 corp: 814/414Kb lim: 4096 exec/s: 25209 rss: 592Mb L: 2526/4096 MS: 1 EraseBytes-
#38215329	REDUCE cov: 1288 ft: 3681 corp: 814/414Kb lim: 4096 exec/s: 25208 rss: 592Mb L: 1228/4096 MS: 2 ChangeBinInt-EraseBytes-
#38229305	REDUCE cov: 1288 ft: 3681 corp: 814/414Kb lim: 4096 exec/s: 25200 rss: 592Mb L: 202/4096 MS: 1 EraseBytes-
#38258206	REDUCE cov: 1288 ft: 3681 corp: 814/414Kb lim: 4096 exec/s: 25203 rss: 592Mb L: 466/4096 MS: 1 EraseBytes-
#38302794	REDUCE cov: 1288 ft: 3681 corp: 814/414Kb lim: 4096 exec/s: 25199 rss: 592Mb L: 2597/4096 MS: 3 CrossOver-ShuffleBytes-EraseBytes-
#38456515	REDUCE cov: 1288 ft: 3681 corp: 814/414Kb lim: 4096 exec/s: 25217 rss: 592Mb L: 655/4096 MS: 1 EraseBytes-
#38515766	REDUCE cov: 1288 ft: 3681 corp: 814/414Kb lim: 4096 exec/s: 25223 rss: 592Mb L: 1709/4096 MS: 1 EraseBytes-
#38553308	REDUCE cov: 1288 ft: 3681 corp: 814/414Kb lim: 4096 exec/s: 25231 rss: 592Mb L: 2553/4096 MS: 2 PersAutoDict-EraseBytes- DE: "\001\000\000&"-
#38591884	REDUCE cov: 1288 ft: 3681 corp: 814/414Kb lim: 4096 exec/s: 25239 rss: 592Mb L: 48/4096 MS: 1 EraseBytes-
#38750315	REDUCE cov: 1288 ft: 3681 corp: 814/414Kb lim: 4096 exec/s: 25260 rss: 592Mb L: 504/4096 MS: 1 EraseBytes-
#38836542	REDUCE cov: 1288 ft: 3681 corp: 814/414Kb lim: 4096 exec/s: 25251 rss: 592Mb L: 462/4096 MS: 2 ChangeASCIIInt-EraseBytes-
#38879798	REDUCE cov: 1288 ft: 3681 corp: 814/414Kb lim: 4096 exec/s: 25263 rss: 592Mb L: 1974/4096 MS: 1 EraseBytes-
#38926234	REDUCE cov: 1288 ft: 3681 corp: 814/414Kb lim: 4096 exec/s: 25260 rss: 592Mb L: 460/4096 MS: 1 EraseBytes-
#38936153	REDUCE cov: 1288 ft: 3681 corp: 814/414Kb lim: 4096 exec/s: 25266 rss: 592Mb L: 3656/4096 MS: 4 ChangeASCIIInt-PersAutoDict-ChangeByte-EraseBytes- DE: "\001q"-
#38938084	REDUCE cov: 1288 ft: 3681 corp: 814/414Kb lim: 4096 exec/s: 25268 rss: 592Mb L: 428/4096 MS: 1 EraseBytes-
#38980100	REDUCE cov: 1288 ft: 3681 corp: 814/414Kb lim: 4096 exec/s: 25262 rss: 592Mb L: 1956/4096 MS: 1 EraseBytes-
#39020176	REDUCE cov: 1288 ft: 3681 corp: 814/414Kb lim: 4096 exec/s: 25272 rss: 592Mb L: 503/4096 MS: 1 EraseBytes-
#39050287	REDUCE cov: 1288 ft: 3681 corp: 814/414Kb lim: 4096 exec/s: 25275 rss: 592Mb L: 508/4096 MS: 1 EraseBytes-
#39117688	REDUCE cov: 1288 ft: 3681 corp: 814/414Kb lim: 4096 exec/s: 25286 rss: 592Mb L: 606/4096 MS: 1 EraseBytes-
#39182834	REDUCE cov: 1288 ft: 3681 corp: 814/414Kb lim: 4096 exec/s: 25295 rss: 592Mb L: 32/4096 MS: 1 EraseBytes-
#39265355	REDUCE cov: 1288 ft: 3681 corp: 814/414Kb lim: 4096 exec/s: 25299 rss: 592Mb L: 2714/4096 MS: 1 EraseBytes-
#39404921	REDUCE cov: 1288 ft: 3681 corp: 814/414Kb lim: 4096 exec/s: 25308 rss: 592Mb L: 2554/4096 MS: 1 EraseBytes-
#39490416	REDUCE cov: 1288 ft: 3681 corp: 814/413Kb lim: 4096 exec/s: 25314 rss: 592Mb L: 3479/4096 MS: 5 ChangeBinInt-InsertByte-ChangeBinInt-ChangeASCIIInt-EraseBytes-
#39501922	REDUCE cov: 1288 ft: 3681 corp: 814/413Kb lim: 4096 exec/s: 25321 rss: 592Mb L: 827/4096 MS: 1 EraseBytes-
#39518218	REDUCE cov: 1288 ft: 3681 corp: 814/413Kb lim: 4096 exec/s: 25315 rss: 592Mb L: 2866/4096 MS: 1 EraseBytes-
#39539819	REDUCE cov: 1288 ft: 3681 corp: 814/413Kb lim: 4096 exec/s: 25313 rss: 592Mb L: 312/4096 MS: 1 EraseBytes-
#39570670	REDUCE cov: 1288 ft: 3681 corp: 814/413Kb lim: 4096 exec/s: 25317 rss: 592Mb L: 320/4096 MS: 1 EraseBytes-
#39649613	REDUCE cov: 1288 ft: 3681 corp: 814/413Kb lim: 4096 exec/s: 25319 rss: 592Mb L: 3144/4096 MS: 3 ChangeBinInt-ChangeByte-EraseBytes-
#39681389	REDUCE cov: 1288 ft: 3681 corp: 814/413Kb lim: 4096 exec/s: 25323 rss: 592Mb L: 408/4096 MS: 1 EraseBytes-
#39727820	REDUCE cov: 1288 ft: 3681 corp: 814/413Kb lim: 4096 exec/s: 25336 rss: 592Mb L: 894/4096 MS: 1 EraseBytes-
#39793964	REDUCE cov: 1288 ft: 3681 corp: 814/413Kb lim: 4096 exec/s: 25346 rss: 592Mb L: 386/4096 MS: 4 EraseBytes-ShuffleBytes-CMP-CrossOver- DE: "\001\002"-
#39801576	REDUCE cov: 1288 ft: 3681 corp: 814/413Kb lim: 4096 exec/s: 25335 rss: 592Mb L: 136/4096 MS: 2 CopyPart-EraseBytes-
#39815853	REDUCE cov: 1288 ft: 3681 corp: 814/413Kb lim: 4096 exec/s: 25344 rss: 592Mb L: 3145/4096 MS: 2 ChangeByte-EraseBytes-
#39827689	REDUCE cov: 1288 ft: 3681 corp: 814/413Kb lim: 4096 exec/s: 25335 rss: 592Mb L: 309/4096 MS: 1 EraseBytes-
#39836256	REDUCE cov: 1288 ft: 3681 corp: 814/413Kb lim: 4096 exec/s: 25341 rss: 592Mb L: 1132/4096 MS: 2 InsertByte-EraseBytes-
#39987282	REDUCE cov: 1288 ft: 3681 corp: 814/413Kb lim: 4096 exec/s: 25356 rss: 592Mb L: 209/4096 MS: 1 EraseBytes-
#40037050	REDUCE cov: 1288 ft: 3681 corp: 814/413Kb lim: 4096 exec/s: 25355 rss: 592Mb L: 172/4096 MS: 3 ChangeASCIIInt-CopyPart-EraseBytes-
#40142972	REDUCE cov: 1288 ft: 3681 corp: 814/413Kb lim: 4096 exec/s: 25374 rss: 592Mb L: 586/4096 MS: 2 ShuffleBytes-EraseBytes-
#40224093	REDUCE cov: 1288 ft: 3681 corp: 814/413Kb lim: 4096 exec/s: 25377 rss: 592Mb L: 1048/4096 MS: 1 EraseBytes-
#40280079	REDUCE cov: 1288 ft: 3681 corp: 814/413Kb lim: 4096 exec/s: 25381 rss: 592Mb L: 826/4096 MS: 1 EraseBytes-
#40285350	REDUCE cov: 1288 ft: 3681 corp: 814/413Kb lim: 4096 exec/s: 25384 rss: 592Mb L: 3351/4096 MS: 1 EraseBytes-
#40300811	REDUCE cov: 1288 ft: 3681 corp: 814/413Kb lim: 4096 exec/s: 25378 rss: 592Mb L: 339/4096 MS: 1 EraseBytes-
#40383032	REDUCE cov: 1288 ft: 3681 corp: 814/413Kb lim: 4096 exec/s: 25382 rss: 592Mb L: 305/4096 MS: 1 EraseBytes-
#40429582	REDUCE cov: 1288 ft: 3681 corp: 814/413Kb lim: 4096 exec/s: 25395 rss: 592Mb L: 516/4096 MS: 5 ChangeBinInt-InsertByte-ShuffleBytes-CrossOver-EraseBytes-
#40478831	REDUCE cov: 1288 ft: 3681 corp: 814/413Kb lim: 4096 exec/s: 25394 rss: 592Mb L: 833/4096 MS: 4 CrossOver-InsertByte-ShuffleBytes-CrossOver-
#40542028	REDUCE cov: 1288 ft: 3681 corp: 814/413Kb lim: 4096 exec/s: 25402 rss: 592Mb L: 453/4096 MS: 2 CMP-EraseBytes- DE: "\001\000\000z"-
#40591585	REDUCE cov: 1288 ft: 3681 corp: 814/413Kb lim: 4096 exec/s: 25401 rss: 592Mb L: 716/4096 MS: 2 EraseBytes-CopyPart-
#40622622	REDUCE cov: 1288 ft: 3681 corp: 814/413Kb lim: 4096 exec/s: 25405 rss: 592Mb L: 1045/4096 MS: 2 CrossOver-EraseBytes-
#40630238	REDUCE cov: 1288 ft: 3681 corp: 814/413Kb lim: 4096 exec/s: 25409 rss: 592Mb L: 2553/4096 MS: 1 EraseBytes-
#40645850	REDUCE cov: 1288 ft: 3681 corp: 814/413Kb lim: 4096 exec/s: 25419 rss: 592Mb L: 3114/4096 MS: 2 ShuffleBytes-EraseBytes-
#40666796	REDUCE cov: 1288 ft: 3681 corp: 814/413Kb lim: 4096 exec/s: 25416 rss: 592Mb L: 1248/4096 MS: 1 EraseBytes-
#40671147	REDUCE cov: 1288 ft: 3681 corp: 814/413Kb lim: 4096 exec/s: 25419 rss: 592Mb L: 765/4096 MS: 1 EraseBytes-
#40737158	REDUCE cov: 1288 ft: 3681 corp: 814/413Kb lim: 4096 exec/s: 25413 rss: 592Mb L: 1578/4096 MS: 1 EraseBytes-
#40805155	REDUCE cov: 1288 ft: 3681 corp: 814/413Kb lim: 4096 exec/s: 25423 rss: 592Mb L: 402/4096 MS: 2 CopyPart-EraseBytes-
#40979601	REDUCE cov: 1288 ft: 3681 corp: 814/413Kb lim: 4096 exec/s: 25437 rss: 592Mb L: 280/4096 MS: 1 EraseBytes-
#41011213	REDUCE cov: 1288 ft: 3681 corp: 814/413Kb lim: 4096 exec/s: 25441 rss: 592Mb L: 2718/4096 MS: 2 ChangeBit-EraseBytes-
#41062069	REDUCE cov: 1288 ft: 3681 corp: 814/413Kb lim: 4096 exec/s: 25441 rss: 592Mb L: 1400/4096 MS: 1 EraseBytes-
#41108400	REDUCE cov: 1288 ft: 3681 corp: 814/413Kb lim: 4096 exec/s: 25454 rss: 592Mb L: 360/4096 MS: 1 EraseBytes-
#41183276	REDUCE cov: 1288 ft: 3681 corp: 814/413Kb lim: 4096 exec/s: 25453 rss: 592Mb L: 459/4096 MS: 1 EraseBytes-
#41265724	REDUCE cov: 1288 ft: 3681 corp: 814/413Kb lim: 4096 exec/s: 25456 rss: 592Mb L: 3348/4096 MS: 3 ChangeBit-ChangeBit-EraseBytes-
#41271461	REDUCE cov: 1288 ft: 3681 corp: 814/413Kb lim: 4096 exec/s: 25460 rss: 592Mb L: 831/4096 MS: 2 CopyPart-EraseBytes-
#41283097	REDUCE cov: 1288 ft: 3681 corp: 814/413Kb lim: 4096 exec/s: 25467 rss: 592Mb L: 1023/4096 MS: 1 EraseBytes-
#41349968	REDUCE cov: 1288 ft: 3681 corp: 814/413Kb lim: 4096 exec/s: 25461 rss: 592Mb L: 603/4096 MS: 1 EraseBytes-
#41379755	REDUCE cov: 1288 ft: 3681 corp: 814/413Kb lim: 4096 exec/s: 25464 rss: 592Mb L: 1039/4096 MS: 2 InsertRepeatedBytes-EraseBytes-
#41400251	REDUCE cov: 1288 ft: 3681 corp: 814/413Kb lim: 4096 exec/s: 25461 rss: 592Mb L: 420/4096 MS: 1 EraseBytes-
#41559777	REDUCE cov: 1288 ft: 3681 corp: 814/413Kb lim: 4096 exec/s: 25481 rss: 592Mb L: 3143/4096 MS: 1 EraseBytes-
#41572233	REDUCE cov: 1288 ft: 3681 corp: 814/413Kb lim: 4096 exec/s: 25488 rss: 592Mb L: 398/4096 MS: 1 EraseBytes-
#41643155	REDUCE cov: 1288 ft: 3681 corp: 814/413Kb lim: 4096 exec/s: 25485 rss: 592Mb L: 450/4096 MS: 2 ShuffleBytes-EraseBytes-
#41794666	REDUCE cov: 1288 ft: 3681 corp: 814/413Kb lim: 4096 exec/s: 25500 rss: 592Mb L: 201/4096 MS: 1 EraseBytes-
#41818257	REDUCE cov: 1288 ft: 3681 corp: 814/413Kb lim: 4096 exec/s: 25498 rss: 592Mb L: 448/4096 MS: 1 EraseBytes-
#41869403	REDUCE cov: 1288 ft: 3681 corp: 814/413Kb lim: 4096 exec/s: 25514 rss: 592Mb L: 3058/4096 MS: 1 EraseBytes-
#41991655	REDUCE cov: 1288 ft: 3681 corp: 814/413Kb lim: 4096 exec/s: 25526 rss: 592Mb L: 208/4096 MS: 2 ShuffleBytes-EraseBytes-
#42020641	REDUCE cov: 1288 ft: 3681 corp: 814/413Kb lim: 4096 exec/s: 25528 rss: 592Mb L: 1262/4096 MS: 1 EraseBytes-
#42110607	REDUCE cov: 1288 ft: 3681 corp: 814/413Kb lim: 4096 exec/s: 25537 rss: 592Mb L: 859/4096 MS: 1 EraseBytes-
#42237328	REDUCE cov: 1288 ft: 3681 corp: 814/413Kb lim: 4096 exec/s: 25536 rss: 592Mb L: 542/4096 MS: 1 EraseBytes-
#42261554	REDUCE cov: 1288 ft: 3681 corp: 814/413Kb lim: 4096 exec/s: 25551 rss: 592Mb L: 418/4096 MS: 1 EraseBytes-
#42476470	REDUCE cov: 1288 ft: 3681 corp: 814/413Kb lim: 4096 exec/s: 25557 rss: 592Mb L: 201/4096 MS: 1 EraseBytes-
#42508811	REDUCE cov: 1288 ft: 3681 corp: 814/413Kb lim: 4096 exec/s: 25561 rss: 592Mb L: 1156/4096 MS: 1 EraseBytes-
#42588952	REDUCE cov: 1288 ft: 3681 corp: 814/413Kb lim: 4096 exec/s: 25563 rss: 592Mb L: 152/4096 MS: 1 EraseBytes-
#42663604	REDUCE cov: 1288 ft: 3681 corp: 814/413Kb lim: 4096 exec/s: 25577 rss: 592Mb L: 3641/4096 MS: 2 ChangeASCIIInt-EraseBytes-
#42665236	REDUCE cov: 1288 ft: 3681 corp: 814/413Kb lim: 4096 exec/s: 25578 rss: 592Mb L: 830/4096 MS: 2 ChangeBit-CrossOver-
#42735203	REDUCE cov: 1288 ft: 3681 corp: 814/413Kb lim: 4096 exec/s: 25589 rss: 592Mb L: 513/4096 MS: 2 ChangeBit-EraseBytes-
#42859439	REDUCE cov: 1288 ft: 3681 corp: 814/413Kb lim: 4096 exec/s: 25603 rss: 592Mb L: 829/4096 MS: 1 EraseBytes-
#42936384	REDUCE cov: 1288 ft: 3681 corp: 814/413Kb lim: 4096 exec/s: 25603 rss: 592Mb L: 1395/4096 MS: 5 CopyPart-PersAutoDict-InsertByte-ChangeByte-EraseBytes- DE: "\001\000\000\000\000\000\004B"-
#43199125	REDUCE cov: 1288 ft: 3681 corp: 814/413Kb lim: 4096 exec/s: 25622 rss: 592Mb L: 171/4096 MS: 1 EraseBytes-
#43207010	REDUCE cov: 1288 ft: 3682 corp: 815/417Kb lim: 4096 exec/s: 25626 rss: 592Mb L: 4072/4096 MS: 5 CopyPart-CopyPart-InsertRepeatedBytes-PersAutoDict-CopyPart- DE: "\001\000\000\000\000\000\000\000"-
#43262936	REDUCE cov: 1288 ft: 3682 corp: 815/417Kb lim: 4096 exec/s: 25629 rss: 592Mb L: 502/4096 MS: 1 EraseBytes-
#43282127	REDUCE cov: 1288 ft: 3682 corp: 815/417Kb lim: 4096 exec/s: 25625 rss: 592Mb L: 405/4096 MS: 1 EraseBytes-
#43460569	REDUCE cov: 1288 ft: 3682 corp: 815/417Kb lim: 4096 exec/s: 25655 rss: 592Mb L: 420/4096 MS: 2 ShuffleBytes-EraseBytes-
#43478113	REDUCE cov: 1288 ft: 3682 corp: 815/417Kb lim: 4096 exec/s: 25650 rss: 592Mb L: 1036/4096 MS: 4 PersAutoDict-ChangeBit-ShuffleBytes-EraseBytes- DE: "\000\000\000\003"-
#43557739	REDUCE cov: 1288 ft: 3682 corp: 815/417Kb lim: 4096 exec/s: 25652 rss: 592Mb L: 2105/4096 MS: 1 EraseBytes-
#43599027	REDUCE cov: 1288 ft: 3682 corp: 815/417Kb lim: 4096 exec/s: 25661 rss: 592Mb L: 3422/4096 MS: 3 EraseBytes-ChangeBinInt-CopyPart-
#43691883	REDUCE cov: 1288 ft: 3682 corp: 815/417Kb lim: 4096 exec/s: 25670 rss: 592Mb L: 750/4096 MS: 1 EraseBytes-
#43709511	REDUCE cov: 1288 ft: 3682 corp: 815/417Kb lim: 4096 exec/s: 25666 rss: 592Mb L: 640/4096 MS: 3 ChangeByte-InsertByte-EraseBytes-
#43783835	REDUCE cov: 1288 ft: 3682 corp: 815/417Kb lim: 4096 exec/s: 25679 rss: 592Mb L: 3094/4096 MS: 4 ChangeBit-ShuffleBytes-ShuffleBytes-EraseBytes-
#43804271	REDUCE cov: 1288 ft: 3682 corp: 815/417Kb lim: 4096 exec/s: 25676 rss: 592Mb L: 415/4096 MS: 1 EraseBytes-
#43805347	REDUCE cov: 1288 ft: 3682 corp: 815/417Kb lim: 4096 exec/s: 25677 rss: 592Mb L: 1787/4096 MS: 1 EraseBytes-
#43828538	REDUCE cov: 1288 ft: 3682 corp: 815/417Kb lim: 4096 exec/s: 25675 rss: 592Mb L: 301/4096 MS: 1 EraseBytes-
#43915856	REDUCE cov: 1288 ft: 3682 corp: 815/417Kb lim: 4096 exec/s: 25681 rss: 592Mb L: 1939/4096 MS: 3 CMP-PersAutoDict-EraseBytes- DE: "\027\000\000\000"-"\000\000\000\003"-
#43930162	REDUCE cov: 1288 ft: 3682 corp: 815/417Kb lim: 4096 exec/s: 25690 rss: 592Mb L: 2590/4096 MS: 1 EraseBytes-
#43995093	REDUCE cov: 1288 ft: 3682 corp: 815/417Kb lim: 4096 exec/s: 25698 rss: 592Mb L: 2552/4096 MS: 1 EraseBytes-
#44036009	REDUCE cov: 1288 ft: 3682 corp: 815/417Kb lim: 4096 exec/s: 25691 rss: 592Mb L: 1786/4096 MS: 1 EraseBytes-
#44086686	REDUCE cov: 1288 ft: 3682 corp: 815/417Kb lim: 4096 exec/s: 25691 rss: 592Mb L: 498/4096 MS: 2 InsertByte-EraseBytes-
#44108127	REDUCE cov: 1288 ft: 3682 corp: 815/417Kb lim: 4096 exec/s: 25704 rss: 592Mb L: 538/4096 MS: 1 EraseBytes-
#44158268	REDUCE cov: 1288 ft: 3682 corp: 815/417Kb lim: 4096 exec/s: 25703 rss: 592Mb L: 3939/4096 MS: 1 EraseBytes-
#44165404	REDUCE cov: 1288 ft: 3682 corp: 815/417Kb lim: 4096 exec/s: 25707 rss: 592Mb L: 1371/4096 MS: 1 EraseBytes-
#44188315	REDUCE cov: 1288 ft: 3682 corp: 815/417Kb lim: 4096 exec/s: 25705 rss: 592Mb L: 366/4096 MS: 1 EraseBytes-
#44253346	REDUCE cov: 1288 ft: 3682 corp: 815/417Kb lim: 4096 exec/s: 25713 rss: 592Mb L: 3413/4096 MS: 1 EraseBytes-
#44317582	REDUCE cov: 1288 ft: 3682 corp: 815/417Kb lim: 4096 exec/s: 25721 rss: 592Mb L: 514/4096 MS: 1 EraseBytes-
#44459139	REDUCE cov: 1288 ft: 3682 corp: 815/417Kb lim: 4096 exec/s: 25728 rss: 592Mb L: 1309/4096 MS: 2 ChangeBit-EraseBytes-
#44511350	REDUCE cov: 1288 ft: 3682 corp: 815/417Kb lim: 4096 exec/s: 25729 rss: 592Mb L: 385/4096 MS: 1 EraseBytes-
#44526996	REDUCE cov: 1288 ft: 3682 corp: 815/417Kb lim: 4096 exec/s: 25738 rss: 592Mb L: 425/4096 MS: 1 EraseBytes-
#44538347	REDUCE cov: 1288 ft: 3682 corp: 815/417Kb lim: 4096 exec/s: 25744 rss: 592Mb L: 540/4096 MS: 1 EraseBytes-
#44567453	REDUCE cov: 1288 ft: 3682 corp: 815/417Kb lim: 4096 exec/s: 25746 rss: 592Mb L: 823/4096 MS: 1 EraseBytes-
#44604454	REDUCE cov: 1288 ft: 3682 corp: 815/417Kb lim: 4096 exec/s: 25738 rss: 592Mb L: 275/4096 MS: 1 EraseBytes-
#44781555	REDUCE cov: 1288 ft: 3682 corp: 815/417Kb lim: 4096 exec/s: 25751 rss: 592Mb L: 281/4096 MS: 1 EraseBytes-
#44803942	REDUCE cov: 1288 ft: 3682 corp: 815/417Kb lim: 4096 exec/s: 25764 rss: 592Mb L: 253/4096 MS: 2 ChangeBinInt-EraseBytes-
#44846223	REDUCE cov: 1288 ft: 3682 corp: 815/417Kb lim: 4096 exec/s: 25758 rss: 592Mb L: 417/4096 MS: 1 EraseBytes-
#44914509	REDUCE cov: 1288 ft: 3682 corp: 815/417Kb lim: 4096 exec/s: 25768 rss: 592Mb L: 801/4096 MS: 1 EraseBytes-
#44957706	REDUCE cov: 1288 ft: 3682 corp: 815/417Kb lim: 4096 exec/s: 25778 rss: 592Mb L: 2678/4096 MS: 2 EraseBytes-CopyPart-
#44969152	REDUCE cov: 1288 ft: 3682 corp: 815/417Kb lim: 4096 exec/s: 25770 rss: 592Mb L: 251/4096 MS: 1 EraseBytes-
#44981393	REDUCE cov: 1288 ft: 3682 corp: 815/417Kb lim: 4096 exec/s: 25777 rss: 592Mb L: 1034/4096 MS: 1 EraseBytes-
#44984634	REDUCE cov: 1288 ft: 3682 corp: 815/417Kb lim: 4096 exec/s: 25779 rss: 592Mb L: 87/4096 MS: 1 EraseBytes-
#45008120	REDUCE cov: 1288 ft: 3682 corp: 815/417Kb lim: 4096 exec/s: 25777 rss: 592Mb L: 2840/4096 MS: 1 EraseBytes-
#45026281	REDUCE cov: 1288 ft: 3682 corp: 815/417Kb lim: 4096 exec/s: 25773 rss: 592Mb L: 516/4096 MS: 1 EraseBytes-
#45050835	REDUCE cov: 1288 ft: 3682 corp: 815/417Kb lim: 4096 exec/s: 25772 rss: 592Mb L: 94/4096 MS: 4 InsertByte-ChangeBinInt-CopyPart-EraseBytes-
#45080601	REDUCE cov: 1288 ft: 3682 corp: 815/417Kb lim: 4096 exec/s: 25775 rss: 592Mb L: 280/4096 MS: 1 EraseBytes-
#45130087	REDUCE cov: 1288 ft: 3682 corp: 815/417Kb lim: 4096 exec/s: 25773 rss: 592Mb L: 1146/4096 MS: 1 EraseBytes-
#45197068	REDUCE cov: 1288 ft: 3682 corp: 815/417Kb lim: 4096 exec/s: 25782 rss: 592Mb L: 200/4096 MS: 1 EraseBytes-
#45285859	REDUCE cov: 1288 ft: 3682 corp: 815/417Kb lim: 4096 exec/s: 25789 rss: 592Mb L: 300/4096 MS: 1 EraseBytes-
#45498770	REDUCE cov: 1288 ft: 3682 corp: 815/417Kb lim: 4096 exec/s: 25792 rss: 592Mb L: 888/4096 MS: 1 EraseBytes-
#45505741	REDUCE cov: 1288 ft: 3682 corp: 815/417Kb lim: 4096 exec/s: 25796 rss: 592Mb L: 1572/4096 MS: 1 EraseBytes-
#45526809	REDUCE cov: 1288 ft: 3682 corp: 815/417Kb lim: 4096 exec/s: 25794 rss: 592Mb L: 654/4096 MS: 3 ChangeASCIIInt-ShuffleBytes-EraseBytes-
#45545220	REDUCE cov: 1288 ft: 3682 corp: 815/417Kb lim: 4096 exec/s: 25790 rss: 592Mb L: 338/4096 MS: 1 EraseBytes-
#45591936	REDUCE cov: 1288 ft: 3682 corp: 815/417Kb lim: 4096 exec/s: 25801 rss: 592Mb L: 886/4096 MS: 1 EraseBytes-
#45683512	REDUCE cov: 1288 ft: 3682 corp: 815/417Kb lim: 4096 exec/s: 25795 rss: 592Mb L: 2544/4096 MS: 1 EraseBytes-
#45728603	REDUCE cov: 1288 ft: 3682 corp: 815/417Kb lim: 4096 exec/s: 25806 rss: 592Mb L: 424/4096 MS: 1 EraseBytes-
#45800259	REDUCE cov: 1288 ft: 3682 corp: 815/417Kb lim: 4096 exec/s: 25802 rss: 592Mb L: 564/4096 MS: 1 EraseBytes-
#45823120	REDUCE cov: 1288 ft: 3682 corp: 815/417Kb lim: 4096 exec/s: 25801 rss: 592Mb L: 264/4096 MS: 1 EraseBytes-
#45838171	REDUCE cov: 1288 ft: 3682 corp: 815/417Kb lim: 4096 exec/s: 25809 rss: 592Mb L: 1290/4096 MS: 1 EraseBytes-
#45885767	REDUCE cov: 1288 ft: 3682 corp: 815/417Kb lim: 4096 exec/s: 25807 rss: 592Mb L: 2711/4096 MS: 1 EraseBytes-
#45942388	REDUCE cov: 1288 ft: 3682 corp: 815/417Kb lim: 4096 exec/s: 25810 rss: 592Mb L: 2542/4096 MS: 1 EraseBytes-
#45949239	REDUCE cov: 1288 ft: 3682 corp: 815/417Kb lim: 4096 exec/s: 25814 rss: 592Mb L: 292/4096 MS: 1 EraseBytes-
#45951056	REDUCE cov: 1288 ft: 3682 corp: 815/417Kb lim: 4096 exec/s: 25815 rss: 592Mb L: 250/4096 MS: 2 ShuffleBytes-EraseBytes-
#46130562	REDUCE cov: 1288 ft: 3682 corp: 815/417Kb lim: 4096 exec/s: 25814 rss: 592Mb L: 365/4096 MS: 1 EraseBytes-
#46179708	REDUCE cov: 1288 ft: 3682 corp: 815/417Kb lim: 4096 exec/s: 25827 rss: 592Mb L: 2658/4096 MS: 1 EraseBytes-
#46187927	REDUCE cov: 1288 ft: 3682 corp: 815/417Kb lim: 4096 exec/s: 25817 rss: 592Mb L: 459/4096 MS: 4 CopyPart-EraseBytes-ChangeByte-CopyPart-
#46200269	REDUCE cov: 1288 ft: 3682 corp: 815/417Kb lim: 4096 exec/s: 25824 rss: 592Mb L: 2666/4096 MS: 2 PersAutoDict-EraseBytes- DE: "\000\000\000\000"-
#46242040	REDUCE cov: 1288 ft: 3682 corp: 815/417Kb lim: 4096 exec/s: 25833 rss: 592Mb L: 1571/4096 MS: 1 EraseBytes-
#46324158	REDUCE cov: 1288 ft: 3682 corp: 815/417Kb lim: 4096 exec/s: 25821 rss: 592Mb L: 2511/4096 MS: 3 ChangeBit-CopyPart-EraseBytes-
#46407434	REDUCE cov: 1288 ft: 3682 corp: 815/417Kb lim: 4096 exec/s: 25824 rss: 592Mb L: 457/4096 MS: 1 EraseBytes-
#46468972	REDUCE cov: 1288 ft: 3682 corp: 815/417Kb lim: 4096 exec/s: 25830 rss: 592Mb L: 2708/4096 MS: 3 ChangeByte-CrossOver-EraseBytes-
#46517311	REDUCE cov: 1288 ft: 3682 corp: 815/417Kb lim: 4096 exec/s: 25828 rss: 592Mb L: 278/4096 MS: 4 EraseBytes-EraseBytes-CopyPart-CopyPart-
#46698398	REDUCE cov: 1288 ft: 3682 corp: 815/417Kb lim: 4096 exec/s: 25843 rss: 592Mb L: 616/4096 MS: 2 ChangeBit-EraseBytes-
#46759874	REDUCE cov: 1288 ft: 3682 corp: 815/417Kb lim: 4096 exec/s: 25848 rss: 592Mb L: 141/4096 MS: 1 EraseBytes-
#46785328	REDUCE cov: 1288 ft: 3682 corp: 815/417Kb lim: 4096 exec/s: 25862 rss: 592Mb L: 1200/4096 MS: 4 ShuffleBytes-ShuffleBytes-ShuffleBytes-EraseBytes-
#46785729	REDUCE cov: 1288 ft: 3682 corp: 815/417Kb lim: 4096 exec/s: 25848 rss: 592Mb L: 279/4096 MS: 1 EraseBytes-
#46837110	REDUCE cov: 1288 ft: 3682 corp: 815/417Kb lim: 4096 exec/s: 25862 rss: 592Mb L: 452/4096 MS: 1 EraseBytes-
#46871235	REDUCE cov: 1288 ft: 3682 corp: 815/417Kb lim: 4096 exec/s: 25867 rss: 592Mb L: 2341/4096 MS: 5 ChangeBit-ChangeBit-ChangeByte-CopyPart-EraseBytes-
#46948573	REDUCE cov: 1288 ft: 3682 corp: 815/417Kb lim: 4096 exec/s: 25866 rss: 592Mb L: 1130/4096 MS: 3 ChangeBinInt-ShuffleBytes-EraseBytes-
#46951894	REDUCE cov: 1288 ft: 3682 corp: 815/417Kb lim: 4096 exec/s: 25868 rss: 592Mb L: 299/4096 MS: 1 EraseBytes-
#46990280	REDUCE cov: 1288 ft: 3682 corp: 815/417Kb lim: 4096 exec/s: 25875 rss: 592Mb L: 229/4096 MS: 1 EraseBytes-
#47020158	REDUCE cov: 1288 ft: 3682 corp: 815/417Kb lim: 4096 exec/s: 25863 rss: 592Mb L: 3138/4096 MS: 3 ChangeBinInt-CrossOver-EraseBytes-
#47061299	REDUCE cov: 1288 ft: 3682 corp: 815/417Kb lim: 4096 exec/s: 25872 rss: 592Mb L: 277/4096 MS: 1 EraseBytes-
#47116075	REDUCE cov: 1288 ft: 3682 corp: 815/417Kb lim: 4096 exec/s: 25873 rss: 592Mb L: 249/4096 MS: 1 EraseBytes-
#47293591	REDUCE cov: 1288 ft: 3682 corp: 815/417Kb lim: 4096 exec/s: 25885 rss: 592Mb L: 1054/4096 MS: 1 EraseBytes-
#47392487	REDUCE cov: 1288 ft: 3682 corp: 815/417Kb lim: 4096 exec/s: 25883 rss: 592Mb L: 403/4096 MS: 1 EraseBytes-
#47465783	REDUCE cov: 1288 ft: 3682 corp: 815/417Kb lim: 4096 exec/s: 25881 rss: 592Mb L: 86/4096 MS: 1 EraseBytes-
#47501299	REDUCE cov: 1288 ft: 3682 corp: 815/417Kb lim: 4096 exec/s: 25886 rss: 592Mb L: 634/4096 MS: 1 EraseBytes-
#47582530	REDUCE cov: 1288 ft: 3682 corp: 815/417Kb lim: 4096 exec/s: 25888 rss: 592Mb L: 158/4096 MS: 1 EraseBytes-
#47619051	REDUCE cov: 1288 ft: 3682 corp: 815/417Kb lim: 4096 exec/s: 25893 rss: 592Mb L: 376/4096 MS: 1 EraseBytes-
#47775932	REDUCE cov: 1288 ft: 3682 corp: 815/417Kb lim: 4096 exec/s: 25894 rss: 592Mb L: 1247/4096 MS: 1 EraseBytes-
#47780151	REDUCE cov: 1288 ft: 3682 corp: 815/417Kb lim: 4096 exec/s: 25897 rss: 592Mb L: 3133/4096 MS: 4 InsertByte-ShuffleBytes-ChangeByte-EraseBytes-
#47785462	REDUCE cov: 1288 ft: 3682 corp: 815/417Kb lim: 4096 exec/s: 25899 rss: 592Mb L: 226/4096 MS: 1 EraseBytes-
#48084812	REDUCE cov: 1288 ft: 3682 corp: 815/416Kb lim: 4096 exec/s: 25907 rss: 592Mb L: 1781/4096 MS: 5 ChangeASCIIInt-InsertByte-ChangeBinInt-PersAutoDict-EraseBytes- DE: "\001\000\000z"-
#48221972	DONE   cov: 1288 ft: 3682 corp: 815/416Kb lim: 4096 exec/s: 25911 rss: 592Mb
###### Recommended dictionary. ######
"\001\000\000\000\000\000\000>" # Uses: 1230896
"\001\000\000\000\000\000\000\000" # Uses: 544536
"\001\000\000\000\000\000\004B" # Uses: 492784
"\001\000\000&" # Uses: 471865
"\000\000\000\000\000\000\000\000" # Uses: 433252
"\000\000\000\003" # Uses: 232530
"\002\000" # Uses: 220610
"\001q" # Uses: 206352
"\000\000\000\000" # Uses: 166505
"\377\377\377\377\377\377\377\022" # Uses: 157720
"\001\002" # Uses: 64009
"\001\000\000z" # Uses: 57068
"\027\000\000\000" # Uses: 30752
###### End of recommended dictionary. ######
Done 48221972 runs in 1861 second(s)
stat::number_of_executed_units: 48221972
stat::average_exec_per_sec:     25911
stat::new_units_added:          1083
stat::slowest_unit_time_sec:    0
stat::peak_rss_mb:              592
