    Finished `release` profile [optimized + debuginfo] target(s) in 0.08s
    Finished `release` profile [optimized + debuginfo] target(s) in 0.06s
     Running `fuzz/target/x86_64-unknown-linux-gnu/release/graph_interchange_codec -artifact_prefix=/home/brianklam/Desktop/liminal/fuzz/artifacts/graph_interchange_codec/ -max_total_time=1800 -seed=20260725 -rss_limit_mb=4096 -print_final_stats=1 /home/brianklam/Desktop/liminal/fuzz/corpus/graph_interchange_codec`
INFO: Running with entropic power schedule (0xFF, 100).
INFO: Seed: 20260725
INFO: Loaded 1 modules   (12593 inline 8-bit counters): 12593 [0x55b7da9350d0, 0x55b7da938201), 
INFO: Loaded 1 PC tables (12593 PCs): 12593 [0x55b7da938208,0x55b7da969518), 
INFO:    37959 files found in /home/brianklam/Desktop/liminal/fuzz/corpus/graph_interchange_codec
INFO: -max_len is not provided; libFuzzer will not generate inputs larger than 4096 bytes
INFO: seed corpus: files: 37959 min: 1b max: 3905b total: 7893328b rss: 72Mb
#16384	pulse  cov: 3324 ft: 8333 corp: 3979/114Kb exec/s: 8192 rss: 266Mb
#32768	pulse  cov: 3729 ft: 11110 corp: 5458/272Kb exec/s: 8192 rss: 394Mb
#37960	INITED cov: 3740 ft: 11770 corp: 5704/549Kb exec/s: 7592 rss: 400Mb
#65536	pulse  cov: 3740 ft: 11770 corp: 5704/549Kb lim: 4096 exec/s: 13107 rss: 450Mb
#69078	NEW    cov: 3740 ft: 11771 corp: 5705/549Kb lim: 4096 exec/s: 13815 rss: 455Mb L: 127/3828 MS: 3 InsertByte-CrossOver-ChangeBit-
#69659	REDUCE cov: 3740 ft: 11771 corp: 5705/549Kb lim: 4096 exec/s: 13931 rss: 457Mb L: 96/3828 MS: 1 EraseBytes-
#131072	pulse  cov: 3740 ft: 11771 corp: 5705/549Kb lim: 4096 exec/s: 18724 rss: 568Mb
#150595	REDUCE cov: 3740 ft: 11771 corp: 5705/549Kb lim: 4096 exec/s: 21513 rss: 602Mb L: 95/3828 MS: 1 EraseBytes-
#157311	NEW    cov: 3740 ft: 11774 corp: 5706/549Kb lim: 4096 exec/s: 22473 rss: 614Mb L: 194/3828 MS: 1 InsertRepeatedBytes-
#167307	REDUCE cov: 3740 ft: 11774 corp: 5706/549Kb lim: 4096 exec/s: 23901 rss: 629Mb L: 2518/3828 MS: 1 EraseBytes-
#202828	REDUCE cov: 3740 ft: 11774 corp: 5706/549Kb lim: 4096 exec/s: 25353 rss: 699Mb L: 15/3828 MS: 1 EraseBytes-
#225586	REDUCE cov: 3740 ft: 11774 corp: 5706/549Kb lim: 4096 exec/s: 28198 rss: 701Mb L: 39/3828 MS: 3 ChangeBinInt-ChangeBinInt-EraseBytes-
#226432	REDUCE cov: 3740 ft: 11774 corp: 5706/549Kb lim: 4096 exec/s: 28304 rss: 701Mb L: 94/3828 MS: 1 EraseBytes-
#226948	REDUCE cov: 3740 ft: 11774 corp: 5706/549Kb lim: 4096 exec/s: 28368 rss: 701Mb L: 126/3828 MS: 1 EraseBytes-
#229719	REDUCE cov: 3740 ft: 11774 corp: 5706/549Kb lim: 4096 exec/s: 28714 rss: 701Mb L: 91/3828 MS: 1 EraseBytes-
#233679	NEW    cov: 3740 ft: 11777 corp: 5707/550Kb lim: 4096 exec/s: 29209 rss: 701Mb L: 286/3828 MS: 5 InsertRepeatedBytes-ChangeByte-InsertByte-CopyPart-ChangeBinInt-
#235780	REDUCE cov: 3740 ft: 11777 corp: 5707/550Kb lim: 4096 exec/s: 29472 rss: 701Mb L: 92/3828 MS: 1 EraseBytes-
#262144	pulse  cov: 3740 ft: 11777 corp: 5707/550Kb lim: 4096 exec/s: 29127 rss: 701Mb
#265501	REDUCE cov: 3740 ft: 11777 corp: 5707/550Kb lim: 4096 exec/s: 29500 rss: 701Mb L: 34/3828 MS: 1 EraseBytes-
#279492	REDUCE cov: 3740 ft: 11777 corp: 5707/550Kb lim: 4096 exec/s: 31054 rss: 702Mb L: 178/3828 MS: 1 EraseBytes-
#288093	REDUCE cov: 3740 ft: 11777 corp: 5707/550Kb lim: 4096 exec/s: 32010 rss: 702Mb L: 24/3828 MS: 1 EraseBytes-
#295365	REDUCE cov: 3740 ft: 11777 corp: 5707/550Kb lim: 4096 exec/s: 32818 rss: 702Mb L: 138/3828 MS: 2 ChangeByte-EraseBytes-
#320821	REDUCE cov: 3740 ft: 11777 corp: 5707/550Kb lim: 4096 exec/s: 35646 rss: 706Mb L: 110/3828 MS: 1 EraseBytes-
#352763	NEW    cov: 3740 ft: 11778 corp: 5708/550Kb lim: 4096 exec/s: 35276 rss: 706Mb L: 202/3828 MS: 2 ChangeByte-CMP- DE: "\001\000\000\000\000\000\000\327"-
#367614	REDUCE cov: 3740 ft: 11778 corp: 5708/550Kb lim: 4096 exec/s: 36761 rss: 706Mb L: 48/3828 MS: 1 EraseBytes-
#389239	REDUCE cov: 3740 ft: 11778 corp: 5708/550Kb lim: 4096 exec/s: 38923 rss: 706Mb L: 115/3828 MS: 5 ChangeBinInt-InsertByte-PersAutoDict-ChangeASCIIInt-EraseBytes- DE: "\001\000\000\000\000\000\000\327"-
#390455	REDUCE cov: 3740 ft: 11778 corp: 5708/550Kb lim: 4096 exec/s: 39045 rss: 706Mb L: 1587/3828 MS: 1 EraseBytes-
#399687	REDUCE cov: 3740 ft: 11778 corp: 5708/550Kb lim: 4096 exec/s: 39968 rss: 706Mb L: 110/3828 MS: 2 ShuffleBytes-EraseBytes-
#403698	REDUCE cov: 3740 ft: 11778 corp: 5708/550Kb lim: 4096 exec/s: 40369 rss: 706Mb L: 67/3828 MS: 1 EraseBytes-
#411389	REDUCE cov: 3740 ft: 11778 corp: 5708/550Kb lim: 4096 exec/s: 41138 rss: 706Mb L: 94/3828 MS: 1 EraseBytes-
#412056	REDUCE cov: 3740 ft: 11778 corp: 5708/550Kb lim: 4096 exec/s: 41205 rss: 706Mb L: 95/3828 MS: 2 ShuffleBytes-EraseBytes-
#413272	REDUCE cov: 3740 ft: 11778 corp: 5708/550Kb lim: 4096 exec/s: 37570 rss: 706Mb L: 190/3828 MS: 1 EraseBytes-
#431208	REDUCE cov: 3740 ft: 11778 corp: 5708/550Kb lim: 4096 exec/s: 39200 rss: 706Mb L: 131/3828 MS: 1 EraseBytes-
#447091	NEW    cov: 3742 ft: 11780 corp: 5709/550Kb lim: 4096 exec/s: 40644 rss: 706Mb L: 115/3828 MS: 3 CMP-EraseBytes-EraseBytes- DE: "\001\000\000\000\000\000\0006"-
#451927	NEW    cov: 3743 ft: 11781 corp: 5710/550Kb lim: 4096 exec/s: 41084 rss: 706Mb L: 140/3828 MS: 1 ShuffleBytes-
#481645	REDUCE cov: 3743 ft: 11781 corp: 5710/550Kb lim: 4096 exec/s: 40137 rss: 706Mb L: 503/3828 MS: 3 InsertRepeatedBytes-ChangeBit-CrossOver-
#490391	REDUCE cov: 3743 ft: 11781 corp: 5710/550Kb lim: 4096 exec/s: 40865 rss: 706Mb L: 89/3828 MS: 1 EraseBytes-
#493142	REDUCE cov: 3743 ft: 11781 corp: 5710/550Kb lim: 4096 exec/s: 41095 rss: 706Mb L: 311/3828 MS: 1 EraseBytes-
#494308	NEW    cov: 3743 ft: 11782 corp: 5711/550Kb lim: 4096 exec/s: 41192 rss: 706Mb L: 117/3828 MS: 1 CopyPart-
#502491	REDUCE cov: 3743 ft: 11783 corp: 5712/550Kb lim: 4096 exec/s: 41874 rss: 706Mb L: 121/3828 MS: 3 ShuffleBytes-CrossOver-CrossOver-
#502688	NEW    cov: 3743 ft: 11786 corp: 5713/550Kb lim: 4096 exec/s: 41890 rss: 706Mb L: 195/3828 MS: 2 ChangeByte-InsertByte-
#507705	NEW    cov: 3743 ft: 11787 corp: 5714/550Kb lim: 4096 exec/s: 42308 rss: 706Mb L: 140/3828 MS: 2 ChangeByte-ShuffleBytes-
#513437	REDUCE cov: 3743 ft: 11787 corp: 5714/550Kb lim: 4096 exec/s: 42786 rss: 706Mb L: 104/3828 MS: 2 ChangeASCIIInt-EraseBytes-
#516053	REDUCE cov: 3743 ft: 11787 corp: 5714/550Kb lim: 4096 exec/s: 43004 rss: 706Mb L: 242/3828 MS: 1 EraseBytes-
#517809	REDUCE cov: 3743 ft: 11787 corp: 5714/550Kb lim: 4096 exec/s: 43150 rss: 706Mb L: 36/3828 MS: 1 EraseBytes-
#520905	REDUCE cov: 3743 ft: 11787 corp: 5714/550Kb lim: 4096 exec/s: 43408 rss: 706Mb L: 29/3828 MS: 1 EraseBytes-
#524288	pulse  cov: 3743 ft: 11787 corp: 5714/550Kb lim: 4096 exec/s: 43690 rss: 706Mb
#535012	REDUCE cov: 3743 ft: 11787 corp: 5714/550Kb lim: 4096 exec/s: 41154 rss: 706Mb L: 111/3828 MS: 2 CopyPart-EraseBytes-
#540718	REDUCE cov: 3743 ft: 11787 corp: 5714/550Kb lim: 4096 exec/s: 41593 rss: 706Mb L: 189/3828 MS: 1 EraseBytes-
#546565	REDUCE cov: 3743 ft: 11787 corp: 5714/550Kb lim: 4096 exec/s: 42043 rss: 706Mb L: 215/3828 MS: 2 ChangeBinInt-EraseBytes-
#553796	REDUCE cov: 3743 ft: 11787 corp: 5714/550Kb lim: 4096 exec/s: 42599 rss: 706Mb L: 130/3828 MS: 1 EraseBytes-
#554707	REDUCE cov: 3743 ft: 11787 corp: 5714/550Kb lim: 4096 exec/s: 42669 rss: 706Mb L: 19/3828 MS: 1 EraseBytes-
#567533	REDUCE cov: 3743 ft: 11787 corp: 5714/550Kb lim: 4096 exec/s: 43656 rss: 706Mb L: 267/3828 MS: 1 EraseBytes-
#567846	REDUCE cov: 3743 ft: 11787 corp: 5714/550Kb lim: 4096 exec/s: 43680 rss: 706Mb L: 108/3828 MS: 3 PersAutoDict-ChangeASCIIInt-EraseBytes- DE: "\001\000\000\000\000\000\0006"-
#599208	REDUCE cov: 3743 ft: 11787 corp: 5714/550Kb lim: 4096 exec/s: 42800 rss: 706Mb L: 265/3828 MS: 2 ShuffleBytes-EraseBytes-
#626339	REDUCE cov: 3743 ft: 11787 corp: 5714/550Kb lim: 4096 exec/s: 44738 rss: 706Mb L: 88/3828 MS: 1 EraseBytes-
#636830	REDUCE cov: 3743 ft: 11787 corp: 5714/550Kb lim: 4096 exec/s: 45487 rss: 706Mb L: 69/3828 MS: 1 EraseBytes-
#641581	REDUCE cov: 3743 ft: 11787 corp: 5714/550Kb lim: 4096 exec/s: 45827 rss: 706Mb L: 98/3828 MS: 1 EraseBytes-
#653802	NEW    cov: 3744 ft: 11788 corp: 5715/550Kb lim: 4096 exec/s: 46700 rss: 706Mb L: 87/3828 MS: 1 CopyPart-
#663143	REDUCE cov: 3744 ft: 11788 corp: 5715/550Kb lim: 4096 exec/s: 47367 rss: 706Mb L: 3/3828 MS: 1 EraseBytes-
#669089	REDUCE cov: 3744 ft: 11788 corp: 5715/550Kb lim: 4096 exec/s: 47792 rss: 706Mb L: 114/3828 MS: 1 EraseBytes-
#699376	REDUCE cov: 3744 ft: 11788 corp: 5715/550Kb lim: 4096 exec/s: 46625 rss: 706Mb L: 115/3828 MS: 1 EraseBytes-
#709678	REDUCE cov: 3744 ft: 11788 corp: 5715/550Kb lim: 4096 exec/s: 47311 rss: 706Mb L: 115/3828 MS: 2 PersAutoDict-EraseBytes- DE: "\001\000\000\000\000\000\0006"-
#722484	REDUCE cov: 3744 ft: 11788 corp: 5715/550Kb lim: 4096 exec/s: 48165 rss: 706Mb L: 1813/3828 MS: 1 EraseBytes-
#740876	REDUCE cov: 3744 ft: 11788 corp: 5715/550Kb lim: 4096 exec/s: 49391 rss: 706Mb L: 85/3828 MS: 2 CrossOver-EraseBytes-
#771269	REDUCE cov: 3744 ft: 11788 corp: 5715/550Kb lim: 4096 exec/s: 48204 rss: 706Mb L: 16/3828 MS: 3 CopyPart-CopyPart-EraseBytes-
#784265	REDUCE cov: 3744 ft: 11788 corp: 5715/550Kb lim: 4096 exec/s: 49016 rss: 706Mb L: 117/3828 MS: 1 EraseBytes-
#791122	REDUCE cov: 3744 ft: 11788 corp: 5715/550Kb lim: 4096 exec/s: 49445 rss: 706Mb L: 11/3828 MS: 1 EraseBytes-
#791318	REDUCE cov: 3744 ft: 11788 corp: 5715/550Kb lim: 4096 exec/s: 49457 rss: 706Mb L: 82/3828 MS: 1 EraseBytes-
#803775	REDUCE cov: 3744 ft: 11788 corp: 5715/550Kb lim: 4096 exec/s: 50235 rss: 706Mb L: 45/3828 MS: 2 ShuffleBytes-EraseBytes-
#804961	REDUCE cov: 3744 ft: 11788 corp: 5715/550Kb lim: 4096 exec/s: 50310 rss: 706Mb L: 240/3828 MS: 1 EraseBytes-
#806722	REDUCE cov: 3744 ft: 11788 corp: 5715/550Kb lim: 4096 exec/s: 50420 rss: 706Mb L: 91/3828 MS: 1 EraseBytes-
#820613	REDUCE cov: 3744 ft: 11788 corp: 5715/550Kb lim: 4096 exec/s: 48271 rss: 706Mb L: 109/3828 MS: 1 EraseBytes-
#832895	REDUCE cov: 3744 ft: 11788 corp: 5715/550Kb lim: 4096 exec/s: 48993 rss: 706Mb L: 267/3828 MS: 2 CopyPart-EraseBytes-
#873107	REDUCE cov: 3744 ft: 11788 corp: 5715/550Kb lim: 4096 exec/s: 51359 rss: 706Mb L: 1214/3828 MS: 2 ShuffleBytes-EraseBytes-
#879656	REDUCE cov: 3744 ft: 11789 corp: 5716/550Kb lim: 4096 exec/s: 51744 rss: 706Mb L: 189/3828 MS: 4 CrossOver-ChangeASCIIInt-CMP-CopyPart- DE: "parmnt"-
#881197	REDUCE cov: 3744 ft: 11789 corp: 5716/550Kb lim: 4096 exec/s: 51835 rss: 706Mb L: 98/3828 MS: 1 EraseBytes-
#882398	REDUCE cov: 3744 ft: 11789 corp: 5716/550Kb lim: 4096 exec/s: 51905 rss: 706Mb L: 48/3828 MS: 1 EraseBytes-
#892189	REDUCE cov: 3744 ft: 11789 corp: 5716/550Kb lim: 4096 exec/s: 49566 rss: 706Mb L: 39/3828 MS: 1 EraseBytes-
#926165	REDUCE cov: 3744 ft: 11789 corp: 5716/550Kb lim: 4096 exec/s: 51453 rss: 706Mb L: 100/3828 MS: 1 EraseBytes-
#929746	REDUCE cov: 3744 ft: 11789 corp: 5716/550Kb lim: 4096 exec/s: 51652 rss: 706Mb L: 82/3828 MS: 1 EraseBytes-
#934699	REDUCE cov: 3744 ft: 11789 corp: 5716/550Kb lim: 4096 exec/s: 51927 rss: 706Mb L: 233/3828 MS: 3 ChangeByte-ShuffleBytes-EraseBytes-
#936995	REDUCE cov: 3744 ft: 11790 corp: 5717/550Kb lim: 4096 exec/s: 52055 rss: 706Mb L: 125/3828 MS: 1 CrossOver-
#943306	REDUCE cov: 3744 ft: 11790 corp: 5717/550Kb lim: 4096 exec/s: 49647 rss: 706Mb L: 158/3828 MS: 1 EraseBytes-
#945052	REDUCE cov: 3744 ft: 11790 corp: 5717/550Kb lim: 4096 exec/s: 49739 rss: 706Mb L: 67/3828 MS: 1 EraseBytes-
#959909	REDUCE cov: 3744 ft: 11790 corp: 5717/550Kb lim: 4096 exec/s: 50521 rss: 706Mb L: 220/3828 MS: 2 ChangeBinInt-EraseBytes-
#965665	REDUCE cov: 3744 ft: 11790 corp: 5717/550Kb lim: 4096 exec/s: 50824 rss: 706Mb L: 63/3828 MS: 1 EraseBytes-
#970113	REDUCE cov: 3744 ft: 11790 corp: 5717/550Kb lim: 4096 exec/s: 51058 rss: 706Mb L: 136/3828 MS: 3 PersAutoDict-CrossOver-EraseBytes- DE: "parmnt"-
#977821	REDUCE cov: 3744 ft: 11790 corp: 5717/550Kb lim: 4096 exec/s: 51464 rss: 706Mb L: 128/3828 MS: 3 CopyPart-ChangeBinInt-EraseBytes-
#983438	REDUCE cov: 3744 ft: 11790 corp: 5717/550Kb lim: 4096 exec/s: 51759 rss: 706Mb L: 170/3828 MS: 2 InsertByte-EraseBytes-
#996080	REDUCE cov: 3744 ft: 11790 corp: 5717/550Kb lim: 4096 exec/s: 52425 rss: 706Mb L: 68/3828 MS: 2 ShuffleBytes-EraseBytes-
#1005147	REDUCE cov: 3744 ft: 11790 corp: 5717/550Kb lim: 4096 exec/s: 50257 rss: 706Mb L: 143/3828 MS: 2 CopyPart-EraseBytes-
#1015313	REDUCE cov: 3744 ft: 11790 corp: 5717/550Kb lim: 4096 exec/s: 50765 rss: 706Mb L: 54/3828 MS: 1 EraseBytes-
#1015624	REDUCE cov: 3744 ft: 11790 corp: 5717/550Kb lim: 4096 exec/s: 50781 rss: 706Mb L: 166/3828 MS: 1 EraseBytes-
#1048576	pulse  cov: 3744 ft: 11790 corp: 5717/550Kb lim: 4096 exec/s: 52428 rss: 706Mb
#1062991	REDUCE cov: 3744 ft: 11790 corp: 5717/550Kb lim: 4096 exec/s: 53149 rss: 706Mb L: 139/3828 MS: 2 EraseBytes-CopyPart-
#1079972	REDUCE cov: 3744 ft: 11791 corp: 5718/550Kb lim: 4096 exec/s: 51427 rss: 706Mb L: 158/3828 MS: 1 InsertRepeatedBytes-
#1111463	REDUCE cov: 3744 ft: 11791 corp: 5718/550Kb lim: 4096 exec/s: 52926 rss: 706Mb L: 60/3828 MS: 1 EraseBytes-
#1111940	REDUCE cov: 3744 ft: 11791 corp: 5718/550Kb lim: 4096 exec/s: 52949 rss: 706Mb L: 94/3828 MS: 2 CMP-EraseBytes- DE: "paps"-
#1121111	REDUCE cov: 3744 ft: 11791 corp: 5718/550Kb lim: 4096 exec/s: 53386 rss: 706Mb L: 79/3828 MS: 1 EraseBytes-
#1133768	REDUCE cov: 3744 ft: 11791 corp: 5718/550Kb lim: 4096 exec/s: 53988 rss: 706Mb L: 85/3828 MS: 2 CMP-EraseBytes- DE: "ops"-
#1137899	REDUCE cov: 3744 ft: 11791 corp: 5718/550Kb lim: 4096 exec/s: 54185 rss: 706Mb L: 121/3828 MS: 1 EraseBytes-
#1177455	REDUCE cov: 3745 ft: 11792 corp: 5719/550Kb lim: 4096 exec/s: 53520 rss: 706Mb L: 82/3828 MS: 1 EraseBytes-
#1182287	REDUCE cov: 3745 ft: 11792 corp: 5719/550Kb lim: 4096 exec/s: 53740 rss: 706Mb L: 108/3828 MS: 2 PersAutoDict-EraseBytes- DE: "ops"-
#1185223	REDUCE cov: 3745 ft: 11792 corp: 5719/550Kb lim: 4096 exec/s: 53873 rss: 706Mb L: 114/3828 MS: 1 EraseBytes-
#1187486	REDUCE cov: 3745 ft: 11793 corp: 5720/550Kb lim: 4096 exec/s: 53976 rss: 706Mb L: 190/3828 MS: 3 CrossOver-InsertByte-ChangeByte-
#1204677	REDUCE cov: 3745 ft: 11793 corp: 5720/550Kb lim: 4096 exec/s: 54758 rss: 706Mb L: 60/3828 MS: 1 EraseBytes-
#1209828	REDUCE cov: 3745 ft: 11793 corp: 5720/550Kb lim: 4096 exec/s: 54992 rss: 706Mb L: 91/3828 MS: 1 EraseBytes-
#1213680	REDUCE cov: 3745 ft: 11794 corp: 5721/550Kb lim: 4096 exec/s: 55167 rss: 706Mb L: 194/3828 MS: 2 InsertRepeatedBytes-CrossOver-
#1228008	REDUCE cov: 3745 ft: 11794 corp: 5721/550Kb lim: 4096 exec/s: 53391 rss: 706Mb L: 112/3828 MS: 3 CopyPart-InsertByte-EraseBytes-
#1246084	REDUCE cov: 3745 ft: 11794 corp: 5721/550Kb lim: 4096 exec/s: 54177 rss: 706Mb L: 252/3828 MS: 1 EraseBytes-
#1255825	REDUCE cov: 3745 ft: 11794 corp: 5721/550Kb lim: 4096 exec/s: 54601 rss: 706Mb L: 67/3828 MS: 1 EraseBytes-
#1263281	REDUCE cov: 3745 ft: 11794 corp: 5721/550Kb lim: 4096 exec/s: 54925 rss: 706Mb L: 86/3828 MS: 1 EraseBytes-
#1286964	NEW    cov: 3745 ft: 11795 corp: 5722/551Kb lim: 4096 exec/s: 53623 rss: 706Mb L: 239/3828 MS: 3 CrossOver-ChangeByte-ChangeBit-
#1297370	REDUCE cov: 3745 ft: 11795 corp: 5722/551Kb lim: 4096 exec/s: 54057 rss: 706Mb L: 139/3828 MS: 1 EraseBytes-
#1318801	REDUCE cov: 3745 ft: 11795 corp: 5722/551Kb lim: 4096 exec/s: 54950 rss: 706Mb L: 2470/3828 MS: 1 EraseBytes-
#1320832	REDUCE cov: 3745 ft: 11795 corp: 5722/551Kb lim: 4096 exec/s: 55034 rss: 706Mb L: 149/3828 MS: 1 EraseBytes-
#1340003	REDUCE cov: 3745 ft: 11795 corp: 5722/551Kb lim: 4096 exec/s: 55833 rss: 706Mb L: 26/3828 MS: 1 EraseBytes-
#1340234	NEW    cov: 3746 ft: 11796 corp: 5723/551Kb lim: 4096 exec/s: 55843 rss: 706Mb L: 24/3828 MS: 1 CopyPart-
#1353710	REDUCE cov: 3746 ft: 11796 corp: 5723/551Kb lim: 4096 exec/s: 56404 rss: 706Mb L: 101/3828 MS: 1 EraseBytes-
#1360396	REDUCE cov: 3746 ft: 11796 corp: 5723/551Kb lim: 4096 exec/s: 56683 rss: 706Mb L: 194/3828 MS: 1 EraseBytes-
#1373322	REDUCE cov: 3746 ft: 11796 corp: 5723/551Kb lim: 4096 exec/s: 54932 rss: 706Mb L: 63/3828 MS: 1 EraseBytes-
#1373993	REDUCE cov: 3746 ft: 11796 corp: 5723/551Kb lim: 4096 exec/s: 54959 rss: 706Mb L: 43/3828 MS: 1 EraseBytes-
#1383057	REDUCE cov: 3746 ft: 11796 corp: 5723/550Kb lim: 4096 exec/s: 55322 rss: 706Mb L: 198/3828 MS: 4 ChangeByte-ChangeASCIIInt-CopyPart-EraseBytes-
#1416243	REDUCE cov: 3746 ft: 11796 corp: 5723/550Kb lim: 4096 exec/s: 56649 rss: 706Mb L: 63/3828 MS: 1 EraseBytes-
#1436229	REDUCE cov: 3746 ft: 11796 corp: 5723/550Kb lim: 4096 exec/s: 55239 rss: 706Mb L: 1292/3828 MS: 1 EraseBytes-
#1442520	REDUCE cov: 3746 ft: 11796 corp: 5723/550Kb lim: 4096 exec/s: 55481 rss: 706Mb L: 82/3828 MS: 1 EraseBytes-
#1448946	REDUCE cov: 3746 ft: 11796 corp: 5723/550Kb lim: 4096 exec/s: 55728 rss: 706Mb L: 1842/3828 MS: 1 EraseBytes-
#1462547	REDUCE cov: 3746 ft: 11796 corp: 5723/550Kb lim: 4096 exec/s: 56251 rss: 706Mb L: 46/3828 MS: 1 EraseBytes-
#1489398	REDUCE cov: 3746 ft: 11796 corp: 5723/550Kb lim: 4096 exec/s: 57284 rss: 706Mb L: 153/3828 MS: 1 EraseBytes-
#1491582	REDUCE cov: 3746 ft: 11796 corp: 5723/550Kb lim: 4096 exec/s: 57368 rss: 706Mb L: 186/3828 MS: 4 ChangeBit-PersAutoDict-ChangeByte-EraseBytes- DE: "paps"-
#1525368	REDUCE cov: 3746 ft: 11796 corp: 5723/550Kb lim: 4096 exec/s: 56495 rss: 706Mb L: 168/3828 MS: 1 EraseBytes-
#1528434	REDUCE cov: 3746 ft: 11796 corp: 5723/550Kb lim: 4096 exec/s: 56608 rss: 706Mb L: 51/3828 MS: 1 EraseBytes-
#1542510	REDUCE cov: 3746 ft: 11796 corp: 5723/550Kb lim: 4096 exec/s: 57130 rss: 706Mb L: 87/3828 MS: 1 EraseBytes-
#1546341	REDUCE cov: 3746 ft: 11796 corp: 5723/550Kb lim: 4096 exec/s: 57271 rss: 706Mb L: 61/3828 MS: 1 EraseBytes-
#1547827	REDUCE cov: 3746 ft: 11796 corp: 5723/550Kb lim: 4096 exec/s: 57326 rss: 706Mb L: 133/3828 MS: 1 EraseBytes-
#1549158	REDUCE cov: 3746 ft: 11796 corp: 5723/550Kb lim: 4096 exec/s: 57376 rss: 706Mb L: 135/3828 MS: 1 EraseBytes-
#1562254	REDUCE cov: 3746 ft: 11796 corp: 5723/550Kb lim: 4096 exec/s: 57861 rss: 706Mb L: 53/3828 MS: 1 EraseBytes-
#1565080	REDUCE cov: 3746 ft: 11796 corp: 5723/550Kb lim: 4096 exec/s: 57965 rss: 706Mb L: 44/3828 MS: 1 EraseBytes-
#1609121	REDUCE cov: 3746 ft: 11796 corp: 5723/550Kb lim: 4096 exec/s: 57468 rss: 706Mb L: 33/3828 MS: 1 EraseBytes-
#1611967	REDUCE cov: 3746 ft: 11796 corp: 5723/550Kb lim: 4096 exec/s: 57570 rss: 706Mb L: 129/3828 MS: 1 EraseBytes-
#1638174	REDUCE cov: 3746 ft: 11796 corp: 5723/550Kb lim: 4096 exec/s: 58506 rss: 706Mb L: 107/3828 MS: 2 CrossOver-EraseBytes-
#1641690	REDUCE cov: 3746 ft: 11796 corp: 5723/550Kb lim: 4096 exec/s: 58631 rss: 706Mb L: 129/3828 MS: 1 EraseBytes-
#1688991	REDUCE cov: 3746 ft: 11796 corp: 5723/550Kb lim: 4096 exec/s: 58241 rss: 706Mb L: 17/3828 MS: 1 EraseBytes-
#1721227	REDUCE cov: 3746 ft: 11796 corp: 5723/550Kb lim: 4096 exec/s: 59352 rss: 706Mb L: 96/3828 MS: 1 EraseBytes-
#1729799	REDUCE cov: 3746 ft: 11796 corp: 5723/550Kb lim: 4096 exec/s: 59648 rss: 706Mb L: 118/3828 MS: 2 CMP-EraseBytes- DE: "an%hored"-
#1762590	REDUCE cov: 3746 ft: 11796 corp: 5723/550Kb lim: 4096 exec/s: 60778 rss: 706Mb L: 108/3828 MS: 1 EraseBytes-
#1792837	REDUCE cov: 3746 ft: 11796 corp: 5723/550Kb lim: 4096 exec/s: 59761 rss: 706Mb L: 90/3828 MS: 2 CrossOver-EraseBytes-
#1814888	REDUCE cov: 3746 ft: 11796 corp: 5723/550Kb lim: 4096 exec/s: 60496 rss: 706Mb L: 83/3828 MS: 1 EraseBytes-
#1823924	REDUCE cov: 3746 ft: 11796 corp: 5723/550Kb lim: 4096 exec/s: 60797 rss: 706Mb L: 98/3828 MS: 1 EraseBytes-
#1826635	REDUCE cov: 3746 ft: 11796 corp: 5723/550Kb lim: 4096 exec/s: 60887 rss: 706Mb L: 64/3828 MS: 1 EraseBytes-
#1832076	NEW    cov: 3748 ft: 11798 corp: 5724/550Kb lim: 4096 exec/s: 61069 rss: 706Mb L: 48/3828 MS: 1 ShuffleBytes-
#1832257	REDUCE cov: 3748 ft: 11798 corp: 5724/550Kb lim: 4096 exec/s: 61075 rss: 706Mb L: 461/3828 MS: 1 EraseBytes-
#1858858	REDUCE cov: 3748 ft: 11798 corp: 5724/550Kb lim: 4096 exec/s: 59963 rss: 706Mb L: 58/3828 MS: 1 EraseBytes-
#1865495	REDUCE cov: 3749 ft: 11799 corp: 5725/550Kb lim: 4096 exec/s: 60177 rss: 706Mb L: 90/3828 MS: 2 InsertRepeatedBytes-CMP- DE: "plugin"-
#1880721	REDUCE cov: 3749 ft: 11799 corp: 5725/550Kb lim: 4096 exec/s: 60668 rss: 706Mb L: 124/3828 MS: 1 EraseBytes-
#1898723	REDUCE cov: 3749 ft: 11799 corp: 5725/550Kb lim: 4096 exec/s: 61249 rss: 706Mb L: 115/3828 MS: 2 ShuffleBytes-EraseBytes-
#1925919	REDUCE cov: 3749 ft: 11799 corp: 5725/550Kb lim: 4096 exec/s: 60184 rss: 706Mb L: 121/3828 MS: 1 EraseBytes-
#1945175	REDUCE cov: 3749 ft: 11799 corp: 5725/550Kb lim: 4096 exec/s: 60786 rss: 706Mb L: 109/3828 MS: 1 EraseBytes-
#1956321	REDUCE cov: 3749 ft: 11799 corp: 5725/550Kb lim: 4096 exec/s: 61135 rss: 706Mb L: 1147/3828 MS: 1 EraseBytes-
#1969437	REDUCE cov: 3749 ft: 11799 corp: 5725/550Kb lim: 4096 exec/s: 61544 rss: 706Mb L: 47/3828 MS: 1 EraseBytes-
#1975993	REDUCE cov: 3749 ft: 11799 corp: 5725/550Kb lim: 4096 exec/s: 61749 rss: 706Mb L: 188/3828 MS: 1 EraseBytes-
#1995536	REDUCE cov: 3749 ft: 11799 corp: 5725/550Kb lim: 4096 exec/s: 60470 rss: 706Mb L: 158/3828 MS: 3 ChangeBinInt-ChangeByte-EraseBytes-
#2055358	REDUCE cov: 3749 ft: 11799 corp: 5725/550Kb lim: 4096 exec/s: 60451 rss: 706Mb L: 2882/3828 MS: 2 ShuffleBytes-EraseBytes-
#2067994	REDUCE cov: 3749 ft: 11799 corp: 5725/550Kb lim: 4096 exec/s: 60823 rss: 706Mb L: 91/3828 MS: 1 EraseBytes-
#2091255	REDUCE cov: 3749 ft: 11799 corp: 5725/550Kb lim: 4096 exec/s: 61507 rss: 706Mb L: 149/3828 MS: 1 EraseBytes-
#2097152	pulse  cov: 3749 ft: 11799 corp: 5725/550Kb lim: 4096 exec/s: 61680 rss: 706Mb
#2100773	REDUCE cov: 3749 ft: 11799 corp: 5725/550Kb lim: 4096 exec/s: 61787 rss: 706Mb L: 75/3828 MS: 3 ChangeBit-ChangeASCIIInt-EraseBytes-
#2106859	REDUCE cov: 3749 ft: 11799 corp: 5725/550Kb lim: 4096 exec/s: 61966 rss: 706Mb L: 151/3828 MS: 1 EraseBytes-
#2109116	REDUCE cov: 3749 ft: 11799 corp: 5725/550Kb lim: 4096 exec/s: 60260 rss: 706Mb L: 3511/3828 MS: 2 InsertRepeatedBytes-EraseBytes-
#2113302	REDUCE cov: 3749 ft: 11799 corp: 5725/550Kb lim: 4096 exec/s: 60380 rss: 706Mb L: 45/3828 MS: 1 EraseBytes-
#2115758	REDUCE cov: 3749 ft: 11799 corp: 5725/550Kb lim: 4096 exec/s: 60450 rss: 706Mb L: 103/3828 MS: 1 EraseBytes-
#2119734	REDUCE cov: 3749 ft: 11799 corp: 5725/550Kb lim: 4096 exec/s: 60563 rss: 706Mb L: 28/3828 MS: 1 CrossOver-
#2142745	REDUCE cov: 3749 ft: 11799 corp: 5725/550Kb lim: 4096 exec/s: 61221 rss: 706Mb L: 202/3828 MS: 1 EraseBytes-
#2151411	REDUCE cov: 3749 ft: 11799 corp: 5725/550Kb lim: 4096 exec/s: 61468 rss: 706Mb L: 67/3828 MS: 1 EraseBytes-
#2155063	REDUCE cov: 3749 ft: 11799 corp: 5725/550Kb lim: 4096 exec/s: 61573 rss: 706Mb L: 118/3828 MS: 2 ChangeASCIIInt-EraseBytes-
#2165444	REDUCE cov: 3749 ft: 11799 corp: 5725/550Kb lim: 4096 exec/s: 61869 rss: 706Mb L: 48/3828 MS: 1 EraseBytes-
#2181241	NEW    cov: 3750 ft: 11800 corp: 5726/550Kb lim: 4096 exec/s: 62321 rss: 706Mb L: 90/3828 MS: 2 ShuffleBytes-CrossOver-
#2195762	REDUCE cov: 3750 ft: 11800 corp: 5726/550Kb lim: 4096 exec/s: 62736 rss: 706Mb L: 410/3828 MS: 1 EraseBytes-
#2210999	REDUCE cov: 3750 ft: 11800 corp: 5726/550Kb lim: 4096 exec/s: 61416 rss: 706Mb L: 75/3828 MS: 2 CopyPart-EraseBytes-
#2215555	REDUCE cov: 3750 ft: 11800 corp: 5726/550Kb lim: 4096 exec/s: 61543 rss: 706Mb L: 33/3828 MS: 1 EraseBytes-
#2235931	REDUCE cov: 3750 ft: 11800 corp: 5726/550Kb lim: 4096 exec/s: 62109 rss: 706Mb L: 76/3828 MS: 1 EraseBytes-
#2273437	REDUCE cov: 3750 ft: 11800 corp: 5726/550Kb lim: 4096 exec/s: 61444 rss: 706Mb L: 71/3828 MS: 1 EraseBytes-
#2278398	REDUCE cov: 3750 ft: 11800 corp: 5726/550Kb lim: 4096 exec/s: 61578 rss: 706Mb L: 92/3828 MS: 1 EraseBytes-
#2280444	REDUCE cov: 3750 ft: 11800 corp: 5726/550Kb lim: 4096 exec/s: 61633 rss: 706Mb L: 155/3828 MS: 1 EraseBytes-
#2285100	REDUCE cov: 3750 ft: 11800 corp: 5726/550Kb lim: 4096 exec/s: 61759 rss: 706Mb L: 150/3828 MS: 1 EraseBytes-
#2317636	REDUCE cov: 3750 ft: 11800 corp: 5726/550Kb lim: 4096 exec/s: 62638 rss: 706Mb L: 35/3828 MS: 1 EraseBytes-
#2320402	REDUCE cov: 3750 ft: 11800 corp: 5726/550Kb lim: 4096 exec/s: 62713 rss: 706Mb L: 1205/3828 MS: 1 EraseBytes-
#2323619	REDUCE cov: 3750 ft: 11800 corp: 5726/550Kb lim: 4096 exec/s: 62800 rss: 706Mb L: 12/3828 MS: 2 ShuffleBytes-EraseBytes-
#2331210	REDUCE cov: 3750 ft: 11800 corp: 5726/550Kb lim: 4096 exec/s: 61347 rss: 706Mb L: 141/3828 MS: 1 EraseBytes-
#2333466	REDUCE cov: 3750 ft: 11800 corp: 5726/550Kb lim: 4096 exec/s: 61407 rss: 706Mb L: 592/3828 MS: 1 EraseBytes-
#2344072	REDUCE cov: 3750 ft: 11800 corp: 5726/550Kb lim: 4096 exec/s: 61686 rss: 706Mb L: 47/3828 MS: 1 EraseBytes-
#2373789	REDUCE cov: 3750 ft: 11800 corp: 5726/550Kb lim: 4096 exec/s: 62468 rss: 706Mb L: 102/3828 MS: 2 CrossOver-EraseBytes-
#2387596	REDUCE cov: 3750 ft: 11800 corp: 5726/550Kb lim: 4096 exec/s: 62831 rss: 706Mb L: 69/3828 MS: 2 ChangeASCIIInt-EraseBytes-
#2402677	REDUCE cov: 3750 ft: 11800 corp: 5726/550Kb lim: 4096 exec/s: 63228 rss: 706Mb L: 35/3828 MS: 1 EraseBytes-
#2424348	REDUCE cov: 3750 ft: 11800 corp: 5726/550Kb lim: 4096 exec/s: 62162 rss: 706Mb L: 151/3828 MS: 1 EraseBytes-
#2464447	REDUCE cov: 3750 ft: 11800 corp: 5726/550Kb lim: 4096 exec/s: 63190 rss: 706Mb L: 90/3828 MS: 4 PersAutoDict-PersAutoDict-ChangeBinInt-EraseBytes- DE: "\001\000\000\000\000\000\0006"-"parmnt"-
#2465393	REDUCE cov: 3750 ft: 11800 corp: 5726/550Kb lim: 4096 exec/s: 63215 rss: 706Mb L: 2341/3828 MS: 1 EraseBytes-
#2471874	REDUCE cov: 3750 ft: 11800 corp: 5726/550Kb lim: 4096 exec/s: 63381 rss: 706Mb L: 61/3828 MS: 1 EraseBytes-
#2478361	REDUCE cov: 3750 ft: 11800 corp: 5726/550Kb lim: 4096 exec/s: 63547 rss: 706Mb L: 128/3828 MS: 2 ShuffleBytes-EraseBytes-
#2496047	REDUCE cov: 3750 ft: 11800 corp: 5726/550Kb lim: 4096 exec/s: 64001 rss: 706Mb L: 59/3828 MS: 1 EraseBytes-
#2545843	REDUCE cov: 3750 ft: 11800 corp: 5726/550Kb lim: 4096 exec/s: 63646 rss: 706Mb L: 89/3828 MS: 1 EraseBytes-
#2549374	REDUCE cov: 3750 ft: 11800 corp: 5726/550Kb lim: 4096 exec/s: 63734 rss: 706Mb L: 66/3828 MS: 1 EraseBytes-
#2550125	REDUCE cov: 3750 ft: 11800 corp: 5726/550Kb lim: 4096 exec/s: 63753 rss: 706Mb L: 131/3828 MS: 1 EraseBytes-
#2564122	REDUCE cov: 3750 ft: 11800 corp: 5726/550Kb lim: 4096 exec/s: 64103 rss: 706Mb L: 141/3828 MS: 2 ChangeBinInt-EraseBytes-
#2580908	REDUCE cov: 3750 ft: 11800 corp: 5726/550Kb lim: 4096 exec/s: 62948 rss: 706Mb L: 148/3828 MS: 1 EraseBytes-
#2591079	REDUCE cov: 3750 ft: 11800 corp: 5726/550Kb lim: 4096 exec/s: 63197 rss: 706Mb L: 112/3828 MS: 1 EraseBytes-
#2597935	REDUCE cov: 3750 ft: 11800 corp: 5726/550Kb lim: 4096 exec/s: 63364 rss: 706Mb L: 162/3828 MS: 1 EraseBytes-
#2613376	REDUCE cov: 3750 ft: 11800 corp: 5726/550Kb lim: 4096 exec/s: 63740 rss: 706Mb L: 90/3828 MS: 1 EraseBytes-
#2625512	REDUCE cov: 3750 ft: 11800 corp: 5726/550Kb lim: 4096 exec/s: 64036 rss: 706Mb L: 88/3828 MS: 1 EraseBytes-
#2630273	REDUCE cov: 3750 ft: 11800 corp: 5726/550Kb lim: 4096 exec/s: 64153 rss: 706Mb L: 11/3828 MS: 1 EraseBytes-
#2632590	REDUCE cov: 3750 ft: 11800 corp: 5726/550Kb lim: 4096 exec/s: 64209 rss: 706Mb L: 1688/3828 MS: 2 ChangeASCIIInt-EraseBytes-
#2643883	REDUCE cov: 3750 ft: 11801 corp: 5727/550Kb lim: 4096 exec/s: 62949 rss: 706Mb L: 143/3828 MS: 3 ChangeByte-ChangeASCIIInt-CrossOver-
#2647998	REDUCE cov: 3750 ft: 11802 corp: 5728/550Kb lim: 4096 exec/s: 63047 rss: 706Mb L: 161/3828 MS: 5 ChangeBinInt-CopyPart-EraseBytes-EraseBytes-InsertByte-
#2655334	REDUCE cov: 3750 ft: 11802 corp: 5728/550Kb lim: 4096 exec/s: 63222 rss: 706Mb L: 108/3828 MS: 1 EraseBytes-
#2664354	REDUCE cov: 3750 ft: 11802 corp: 5728/550Kb lim: 4096 exec/s: 63437 rss: 706Mb L: 150/3828 MS: 5 PersAutoDict-EraseBytes-ChangeByte-ChangeBinInt-InsertByte- DE: "paps"-
#2677945	REDUCE cov: 3750 ft: 11803 corp: 5729/550Kb lim: 4096 exec/s: 63760 rss: 706Mb L: 145/3828 MS: 1 CrossOver-
#2685046	REDUCE cov: 3750 ft: 11803 corp: 5729/550Kb lim: 4096 exec/s: 63929 rss: 706Mb L: 95/3828 MS: 1 EraseBytes-
#2686727	REDUCE cov: 3750 ft: 11803 corp: 5729/550Kb lim: 4096 exec/s: 63969 rss: 706Mb L: 895/3828 MS: 1 EraseBytes-
#2717298	REDUCE cov: 3750 ft: 11803 corp: 5729/550Kb lim: 4096 exec/s: 64697 rss: 706Mb L: 91/3828 MS: 1 EraseBytes-
#2733309	REDUCE cov: 3750 ft: 11803 corp: 5729/550Kb lim: 4096 exec/s: 63565 rss: 706Mb L: 60/3828 MS: 1 EraseBytes-
#2736765	REDUCE cov: 3750 ft: 11803 corp: 5729/550Kb lim: 4096 exec/s: 63645 rss: 706Mb L: 135/3828 MS: 1 EraseBytes-
#2760352	REDUCE cov: 3750 ft: 11803 corp: 5729/550Kb lim: 4096 exec/s: 64194 rss: 706Mb L: 103/3828 MS: 2 ChangeBinInt-EraseBytes-
#2776213	REDUCE cov: 3750 ft: 11803 corp: 5729/550Kb lim: 4096 exec/s: 64563 rss: 706Mb L: 264/3828 MS: 1 EraseBytes-
#2782585	REDUCE cov: 3750 ft: 11803 corp: 5729/550Kb lim: 4096 exec/s: 64711 rss: 706Mb L: 115/3828 MS: 2 ChangeASCIIInt-EraseBytes-
#2785681	REDUCE cov: 3750 ft: 11803 corp: 5729/550Kb lim: 4096 exec/s: 63310 rss: 706Mb L: 60/3828 MS: 1 EraseBytes-
#2800362	REDUCE cov: 3750 ft: 11803 corp: 5729/550Kb lim: 4096 exec/s: 63644 rss: 706Mb L: 59/3828 MS: 1 EraseBytes-
#2806053	REDUCE cov: 3750 ft: 11803 corp: 5729/550Kb lim: 4096 exec/s: 63773 rss: 706Mb L: 574/3828 MS: 1 EraseBytes-
#2807640	REDUCE cov: 3750 ft: 11803 corp: 5729/550Kb lim: 4096 exec/s: 63810 rss: 706Mb L: 73/3828 MS: 2 ShuffleBytes-EraseBytes-
#2809331	REDUCE cov: 3750 ft: 11803 corp: 5729/550Kb lim: 4096 exec/s: 63848 rss: 706Mb L: 56/3828 MS: 1 EraseBytes-
#2821897	REDUCE cov: 3750 ft: 11803 corp: 5729/550Kb lim: 4096 exec/s: 64134 rss: 706Mb L: 76/3828 MS: 1 EraseBytes-
#2827668	REDUCE cov: 3750 ft: 11803 corp: 5729/550Kb lim: 4096 exec/s: 62837 rss: 706Mb L: 40/3828 MS: 1 EraseBytes-
#2832264	REDUCE cov: 3750 ft: 11803 corp: 5729/550Kb lim: 4096 exec/s: 62939 rss: 706Mb L: 102/3828 MS: 1 EraseBytes-
#2838005	REDUCE cov: 3750 ft: 11803 corp: 5729/550Kb lim: 4096 exec/s: 63066 rss: 706Mb L: 72/3828 MS: 1 EraseBytes-
#2845236	REDUCE cov: 3750 ft: 11803 corp: 5729/550Kb lim: 4096 exec/s: 63227 rss: 706Mb L: 258/3828 MS: 1 EraseBytes-
#2866169	REDUCE cov: 3750 ft: 11803 corp: 5729/550Kb lim: 4096 exec/s: 63692 rss: 706Mb L: 161/3828 MS: 3 ChangeASCIIInt-CMP-EraseBytes- DE: "4\000\000\000"-
#2902730	REDUCE cov: 3750 ft: 11803 corp: 5729/550Kb lim: 4096 exec/s: 64505 rss: 706Mb L: 109/3828 MS: 1 EraseBytes-
#2909527	REDUCE cov: 3750 ft: 11803 corp: 5729/550Kb lim: 4096 exec/s: 64656 rss: 706Mb L: 160/3828 MS: 2 ChangeBit-EraseBytes-
#2921294	REDUCE cov: 3750 ft: 11803 corp: 5729/550Kb lim: 4096 exec/s: 63506 rss: 706Mb L: 117/3828 MS: 2 ChangeASCIIInt-EraseBytes-
#2938590	REDUCE cov: 3750 ft: 11803 corp: 5729/550Kb lim: 4096 exec/s: 63882 rss: 706Mb L: 524/3828 MS: 1 EraseBytes-
#2973731	REDUCE cov: 3750 ft: 11803 corp: 5729/550Kb lim: 4096 exec/s: 64646 rss: 706Mb L: 63/3828 MS: 1 EraseBytes-
#2978198	REDUCE cov: 3750 ft: 11803 corp: 5729/550Kb lim: 4096 exec/s: 63365 rss: 706Mb L: 301/3828 MS: 2 ChangeByte-EraseBytes-
#2981599	REDUCE cov: 3750 ft: 11803 corp: 5729/550Kb lim: 4096 exec/s: 63438 rss: 706Mb L: 112/3828 MS: 1 EraseBytes-
#2985705	REDUCE cov: 3751 ft: 11804 corp: 5730/550Kb lim: 4096 exec/s: 63525 rss: 706Mb L: 132/3828 MS: 1 CrossOver-
#2990836	REDUCE cov: 3751 ft: 11804 corp: 5730/550Kb lim: 4096 exec/s: 63634 rss: 706Mb L: 201/3828 MS: 1 EraseBytes-
#3001258	REDUCE cov: 3751 ft: 11804 corp: 5730/550Kb lim: 4096 exec/s: 63856 rss: 706Mb L: 38/3828 MS: 2 CopyPart-EraseBytes-
#3013766	REDUCE cov: 3751 ft: 11804 corp: 5730/550Kb lim: 4096 exec/s: 64122 rss: 706Mb L: 114/3828 MS: 3 PersAutoDict-InsertRepeatedBytes-EraseBytes- DE: "parmnt"-
#3024052	NEW    cov: 3751 ft: 11805 corp: 5731/550Kb lim: 4096 exec/s: 64341 rss: 706Mb L: 102/3828 MS: 1 EraseBytes-
#3027238	REDUCE cov: 3751 ft: 11805 corp: 5731/550Kb lim: 4096 exec/s: 63067 rss: 706Mb L: 134/3828 MS: 1 EraseBytes-
#3036744	REDUCE cov: 3751 ft: 11805 corp: 5731/550Kb lim: 4096 exec/s: 63265 rss: 706Mb L: 355/3828 MS: 1 EraseBytes-
#3090190	REDUCE cov: 3751 ft: 11805 corp: 5731/550Kb lim: 4096 exec/s: 64378 rss: 706Mb L: 128/3828 MS: 1 EraseBytes-
#3102641	REDUCE cov: 3751 ft: 11805 corp: 5731/550Kb lim: 4096 exec/s: 63319 rss: 706Mb L: 12/3828 MS: 1 EraseBytes-
#3135663	REDUCE cov: 3751 ft: 11805 corp: 5731/550Kb lim: 4096 exec/s: 63993 rss: 706Mb L: 243/3828 MS: 2 CrossOver-EraseBytes-
#3142980	REDUCE cov: 3751 ft: 11805 corp: 5731/550Kb lim: 4096 exec/s: 64142 rss: 706Mb L: 146/3828 MS: 2 ChangeASCIIInt-EraseBytes-
#3144706	REDUCE cov: 3751 ft: 11805 corp: 5731/550Kb lim: 4096 exec/s: 64177 rss: 706Mb L: 289/3828 MS: 1 EraseBytes-
#3148378	REDUCE cov: 3751 ft: 11805 corp: 5731/550Kb lim: 4096 exec/s: 64252 rss: 706Mb L: 324/3828 MS: 2 ShuffleBytes-EraseBytes-
#3150874	REDUCE cov: 3751 ft: 11805 corp: 5731/550Kb lim: 4096 exec/s: 64303 rss: 706Mb L: 431/3828 MS: 1 EraseBytes-
#3158635	REDUCE cov: 3751 ft: 11805 corp: 5731/550Kb lim: 4096 exec/s: 64461 rss: 706Mb L: 61/3828 MS: 1 EraseBytes-
#3199051	REDUCE cov: 3751 ft: 11805 corp: 5731/550Kb lim: 4096 exec/s: 63981 rss: 706Mb L: 48/3828 MS: 1 EraseBytes-
#3212882	REDUCE cov: 3751 ft: 11805 corp: 5731/550Kb lim: 4096 exec/s: 64257 rss: 706Mb L: 2339/3828 MS: 1 EraseBytes-
#3218014	REDUCE cov: 3751 ft: 11805 corp: 5731/550Kb lim: 4096 exec/s: 64360 rss: 706Mb L: 103/3828 MS: 2 ChangeBit-EraseBytes-
#3240400	REDUCE cov: 3751 ft: 11805 corp: 5731/550Kb lim: 4096 exec/s: 64808 rss: 706Mb L: 82/3828 MS: 1 EraseBytes-
#3242356	REDUCE cov: 3751 ft: 11805 corp: 5731/550Kb lim: 4096 exec/s: 64847 rss: 706Mb L: 81/3828 MS: 1 EraseBytes-
#3295907	REDUCE cov: 3751 ft: 11805 corp: 5731/550Kb lim: 4096 exec/s: 64625 rss: 706Mb L: 46/3828 MS: 1 EraseBytes-
#3315868	REDUCE cov: 3751 ft: 11805 corp: 5731/550Kb lim: 4096 exec/s: 65017 rss: 706Mb L: 80/3828 MS: 1 EraseBytes-
#3330429	REDUCE cov: 3751 ft: 11805 corp: 5731/550Kb lim: 4096 exec/s: 65302 rss: 706Mb L: 45/3828 MS: 1 EraseBytes-
#3331665	REDUCE cov: 3751 ft: 11805 corp: 5731/550Kb lim: 4096 exec/s: 65326 rss: 706Mb L: 44/3828 MS: 1 EraseBytes-
#3339811	REDUCE cov: 3751 ft: 11805 corp: 5731/550Kb lim: 4096 exec/s: 65486 rss: 706Mb L: 346/3828 MS: 1 EraseBytes-
#3340192	REDUCE cov: 3751 ft: 11805 corp: 5731/550Kb lim: 4096 exec/s: 65493 rss: 706Mb L: 75/3828 MS: 1 EraseBytes-
#3347333	REDUCE cov: 3751 ft: 11805 corp: 5731/550Kb lim: 4096 exec/s: 64371 rss: 706Mb L: 49/3828 MS: 1 EraseBytes-
#3347764	REDUCE cov: 3751 ft: 11805 corp: 5731/550Kb lim: 4096 exec/s: 64380 rss: 706Mb L: 74/3828 MS: 1 EraseBytes-
#3378996	REDUCE cov: 3751 ft: 11805 corp: 5731/550Kb lim: 4096 exec/s: 64980 rss: 706Mb L: 1679/3828 MS: 2 ChangeASCIIInt-EraseBytes-
#3379437	REDUCE cov: 3751 ft: 11805 corp: 5731/550Kb lim: 4096 exec/s: 64989 rss: 706Mb L: 111/3828 MS: 1 EraseBytes-
#3383018	REDUCE cov: 3751 ft: 11805 corp: 5731/550Kb lim: 4096 exec/s: 65058 rss: 706Mb L: 118/3828 MS: 1 EraseBytes-
#3393229	REDUCE cov: 3751 ft: 11805 corp: 5731/550Kb lim: 4096 exec/s: 65254 rss: 706Mb L: 124/3828 MS: 1 EraseBytes-
#3403375	REDUCE cov: 3751 ft: 11805 corp: 5731/550Kb lim: 4096 exec/s: 65449 rss: 706Mb L: 426/3828 MS: 1 EraseBytes-
#3417126	REDUCE cov: 3751 ft: 11805 corp: 5731/550Kb lim: 4096 exec/s: 65713 rss: 706Mb L: 129/3828 MS: 1 EraseBytes-
#3421042	REDUCE cov: 3751 ft: 11805 corp: 5731/550Kb lim: 4096 exec/s: 65789 rss: 706Mb L: 113/3828 MS: 1 EraseBytes-
#3432929	REDUCE cov: 3751 ft: 11805 corp: 5731/550Kb lim: 4096 exec/s: 64772 rss: 706Mb L: 7/3828 MS: 1 EraseBytes-
#3451765	REDUCE cov: 3751 ft: 11805 corp: 5731/550Kb lim: 4096 exec/s: 65127 rss: 706Mb L: 62/3828 MS: 1 EraseBytes-
#3460072	REDUCE cov: 3751 ft: 11805 corp: 5731/549Kb lim: 4096 exec/s: 65284 rss: 706Mb L: 697/3828 MS: 2 InsertRepeatedBytes-EraseBytes-
#3467964	REDUCE cov: 3751 ft: 11805 corp: 5731/549Kb lim: 4096 exec/s: 65433 rss: 706Mb L: 53/3828 MS: 2 ShuffleBytes-EraseBytes-
#3482265	REDUCE cov: 3751 ft: 11805 corp: 5731/549Kb lim: 4096 exec/s: 65703 rss: 706Mb L: 75/3828 MS: 1 EraseBytes-
#3483928	REDUCE cov: 3751 ft: 11805 corp: 5731/549Kb lim: 4096 exec/s: 65734 rss: 706Mb L: 134/3828 MS: 3 ChangeBinInt-ShuffleBytes-EraseBytes-
#3499194	REDUCE cov: 3751 ft: 11805 corp: 5731/549Kb lim: 4096 exec/s: 66022 rss: 706Mb L: 1408/3828 MS: 1 EraseBytes-
#3524260	REDUCE cov: 3751 ft: 11805 corp: 5731/549Kb lim: 4096 exec/s: 65264 rss: 706Mb L: 87/3828 MS: 1 EraseBytes-
#3548196	REDUCE cov: 3751 ft: 11805 corp: 5731/549Kb lim: 4096 exec/s: 65707 rss: 706Mb L: 78/3828 MS: 1 EraseBytes-
#3551632	REDUCE cov: 3751 ft: 11805 corp: 5731/549Kb lim: 4096 exec/s: 65770 rss: 706Mb L: 314/3828 MS: 1 EraseBytes-
#3564633	REDUCE cov: 3751 ft: 11805 corp: 5731/549Kb lim: 4096 exec/s: 66011 rss: 706Mb L: 114/3828 MS: 1 EraseBytes-
#3586739	REDUCE cov: 3751 ft: 11805 corp: 5731/549Kb lim: 4096 exec/s: 65213 rss: 706Mb L: 129/3828 MS: 1 EraseBytes-
#3592990	REDUCE cov: 3751 ft: 11805 corp: 5731/549Kb lim: 4096 exec/s: 65327 rss: 706Mb L: 92/3828 MS: 1 EraseBytes-
#3596986	REDUCE cov: 3751 ft: 11805 corp: 5731/549Kb lim: 4096 exec/s: 65399 rss: 706Mb L: 58/3828 MS: 1 EraseBytes-
#3598212	REDUCE cov: 3751 ft: 11805 corp: 5731/549Kb lim: 4096 exec/s: 65422 rss: 706Mb L: 93/3828 MS: 1 EraseBytes-
#3620180	REDUCE cov: 3751 ft: 11805 corp: 5731/549Kb lim: 4096 exec/s: 65821 rss: 706Mb L: 73/3828 MS: 3 ChangeByte-ChangeBinInt-EraseBytes-
#3633147	REDUCE cov: 3751 ft: 11805 corp: 5731/549Kb lim: 4096 exec/s: 66057 rss: 706Mb L: 131/3828 MS: 2 ShuffleBytes-EraseBytes-
#3684338	REDUCE cov: 3751 ft: 11805 corp: 5731/549Kb lim: 4096 exec/s: 65791 rss: 706Mb L: 47/3828 MS: 1 EraseBytes-
#3690234	REDUCE cov: 3751 ft: 11805 corp: 5731/549Kb lim: 4096 exec/s: 65897 rss: 706Mb L: 409/3828 MS: 1 EraseBytes-
#3690370	REDUCE cov: 3751 ft: 11805 corp: 5731/549Kb lim: 4096 exec/s: 65899 rss: 706Mb L: 38/3828 MS: 1 EraseBytes-
#3730511	REDUCE cov: 3751 ft: 11805 corp: 5731/549Kb lim: 4096 exec/s: 65447 rss: 706Mb L: 170/3828 MS: 1 EraseBytes-
#3743627	REDUCE cov: 3751 ft: 11806 corp: 5732/549Kb lim: 4096 exec/s: 65677 rss: 706Mb L: 115/3828 MS: 1 CopyPart-
#3745333	REDUCE cov: 3751 ft: 11806 corp: 5732/549Kb lim: 4096 exec/s: 65707 rss: 706Mb L: 155/3828 MS: 1 EraseBytes-
#3763751	REDUCE cov: 3751 ft: 11806 corp: 5732/549Kb lim: 4096 exec/s: 64892 rss: 706Mb L: 112/3828 MS: 3 ChangeASCIIInt-ShuffleBytes-EraseBytes-
#3789018	REDUCE cov: 3751 ft: 11806 corp: 5732/549Kb lim: 4096 exec/s: 65327 rss: 706Mb L: 236/3828 MS: 2 ChangeASCIIInt-EraseBytes-
#3796995	REDUCE cov: 3751 ft: 11806 corp: 5732/549Kb lim: 4096 exec/s: 65465 rss: 706Mb L: 59/3828 MS: 2 InsertByte-EraseBytes-
#3806026	REDUCE cov: 3751 ft: 11806 corp: 5732/549Kb lim: 4096 exec/s: 65621 rss: 706Mb L: 1174/3828 MS: 1 EraseBytes-
#3843797	REDUCE cov: 3751 ft: 11806 corp: 5732/549Kb lim: 4096 exec/s: 65149 rss: 706Mb L: 109/3828 MS: 1 EraseBytes-
#3877068	REDUCE cov: 3751 ft: 11806 corp: 5732/549Kb lim: 4096 exec/s: 65713 rss: 706Mb L: 66/3828 MS: 1 EraseBytes-
#3895847	REDUCE cov: 3751 ft: 11806 corp: 5732/549Kb lim: 4096 exec/s: 66031 rss: 706Mb L: 113/3828 MS: 4 ChangeByte-ChangeASCIIInt-ShuffleBytes-EraseBytes-
#3911669	REDUCE cov: 3751 ft: 11806 corp: 5732/549Kb lim: 4096 exec/s: 65194 rss: 706Mb L: 34/3828 MS: 2 CopyPart-EraseBytes-
#3912660	REDUCE cov: 3751 ft: 11806 corp: 5732/549Kb lim: 4096 exec/s: 65211 rss: 706Mb L: 216/3828 MS: 1 EraseBytes-
#3934241	REDUCE cov: 3751 ft: 11806 corp: 5732/549Kb lim: 4096 exec/s: 65570 rss: 706Mb L: 34/3828 MS: 1 EraseBytes-
#3939752	REDUCE cov: 3751 ft: 11806 corp: 5732/549Kb lim: 4096 exec/s: 65662 rss: 706Mb L: 53/3828 MS: 1 EraseBytes-
#4011803	REDUCE cov: 3751 ft: 11806 corp: 5732/549Kb lim: 4096 exec/s: 65767 rss: 706Mb L: 156/3828 MS: 1 EraseBytes-
#4020469	REDUCE cov: 3751 ft: 11806 corp: 5732/549Kb lim: 4096 exec/s: 65909 rss: 706Mb L: 65/3828 MS: 1 EraseBytes-
#4043010	REDUCE cov: 3751 ft: 11806 corp: 5732/549Kb lim: 4096 exec/s: 65209 rss: 706Mb L: 132/3828 MS: 1 EraseBytes-
#4066911	REDUCE cov: 3751 ft: 11806 corp: 5732/549Kb lim: 4096 exec/s: 65595 rss: 706Mb L: 7/3828 MS: 1 EraseBytes-
#4074502	REDUCE cov: 3751 ft: 11806 corp: 5732/549Kb lim: 4096 exec/s: 65717 rss: 706Mb L: 51/3828 MS: 1 EraseBytes-
#4078498	REDUCE cov: 3751 ft: 11806 corp: 5732/549Kb lim: 4096 exec/s: 65782 rss: 706Mb L: 296/3828 MS: 1 EraseBytes-
#4111455	REDUCE cov: 3751 ft: 11806 corp: 5732/549Kb lim: 4096 exec/s: 65261 rss: 706Mb L: 141/3828 MS: 2 ChangeASCIIInt-EraseBytes-
#4122316	REDUCE cov: 3751 ft: 11806 corp: 5732/549Kb lim: 4096 exec/s: 65433 rss: 706Mb L: 1215/3828 MS: 1 EraseBytes-
#4129877	REDUCE cov: 3751 ft: 11806 corp: 5732/549Kb lim: 4096 exec/s: 65553 rss: 706Mb L: 96/3828 MS: 1 EraseBytes-
#4145553	REDUCE cov: 3751 ft: 11806 corp: 5732/549Kb lim: 4096 exec/s: 65802 rss: 706Mb L: 83/3828 MS: 1 EraseBytes-
#4154335	REDUCE cov: 3751 ft: 11806 corp: 5732/549Kb lim: 4096 exec/s: 65941 rss: 706Mb L: 124/3828 MS: 2 ChangeBinInt-EraseBytes-
#4159701	REDUCE cov: 3751 ft: 11806 corp: 5732/549Kb lim: 4096 exec/s: 66027 rss: 706Mb L: 120/3828 MS: 1 EraseBytes-
#4162307	REDUCE cov: 3751 ft: 11806 corp: 5732/549Kb lim: 4096 exec/s: 66068 rss: 706Mb L: 237/3828 MS: 1 EraseBytes-
#4166653	REDUCE cov: 3751 ft: 11806 corp: 5732/549Kb lim: 4096 exec/s: 66137 rss: 706Mb L: 240/3828 MS: 1 EraseBytes-
#4186944	REDUCE cov: 3751 ft: 11806 corp: 5732/549Kb lim: 4096 exec/s: 65421 rss: 706Mb L: 200/3828 MS: 1 EraseBytes-
#4194304	pulse  cov: 3751 ft: 11806 corp: 5732/549Kb lim: 4096 exec/s: 65536 rss: 706Mb
#4211695	REDUCE cov: 3751 ft: 11806 corp: 5732/549Kb lim: 4096 exec/s: 65807 rss: 706Mb L: 83/3828 MS: 1 EraseBytes-
#4213121	REDUCE cov: 3751 ft: 11806 corp: 5732/549Kb lim: 4096 exec/s: 65830 rss: 706Mb L: 72/3828 MS: 1 EraseBytes-
#4230332	REDUCE cov: 3751 ft: 11806 corp: 5732/549Kb lim: 4096 exec/s: 66098 rss: 706Mb L: 100/3828 MS: 1 EraseBytes-
#4241603	REDUCE cov: 3751 ft: 11806 corp: 5732/549Kb lim: 4096 exec/s: 65255 rss: 706Mb L: 81/3828 MS: 1 EraseBytes-
#4300539	REDUCE cov: 3751 ft: 11806 corp: 5732/549Kb lim: 4096 exec/s: 66162 rss: 706Mb L: 52/3828 MS: 1 EraseBytes-
#4312171	REDUCE cov: 3751 ft: 11806 corp: 5732/549Kb lim: 4096 exec/s: 65335 rss: 706Mb L: 120/3828 MS: 2 InsertRepeatedBytes-EraseBytes-
#4332747	REDUCE cov: 3751 ft: 11806 corp: 5732/549Kb lim: 4096 exec/s: 65647 rss: 706Mb L: 56/3828 MS: 1 EraseBytes-
#4334550	REDUCE cov: 3751 ft: 11806 corp: 5732/549Kb lim: 4096 exec/s: 65675 rss: 706Mb L: 220/3828 MS: 3 InsertRepeatedBytes-ShuffleBytes-EraseBytes-
#4349041	REDUCE cov: 3751 ft: 11806 corp: 5732/549Kb lim: 4096 exec/s: 65894 rss: 706Mb L: 768/3828 MS: 1 EraseBytes-
#4422337	REDUCE cov: 3751 ft: 11806 corp: 5732/549Kb lim: 4096 exec/s: 65034 rss: 706Mb L: 228/3828 MS: 1 EraseBytes-
#4430519	REDUCE cov: 3751 ft: 11806 corp: 5732/549Kb lim: 4096 exec/s: 65154 rss: 706Mb L: 118/3828 MS: 2 ChangeASCIIInt-EraseBytes-
#4455717	REDUCE cov: 3751 ft: 11806 corp: 5732/549Kb lim: 4096 exec/s: 65525 rss: 706Mb L: 1158/3828 MS: 3 CrossOver-InsertByte-EraseBytes-
#4481913	REDUCE cov: 3751 ft: 11806 corp: 5732/549Kb lim: 4096 exec/s: 65910 rss: 706Mb L: 38/3828 MS: 1 EraseBytes-
#4484454	REDUCE cov: 3751 ft: 11806 corp: 5732/549Kb lim: 4096 exec/s: 65947 rss: 706Mb L: 70/3828 MS: 1 EraseBytes-
#4485875	REDUCE cov: 3751 ft: 11806 corp: 5732/549Kb lim: 4096 exec/s: 65968 rss: 706Mb L: 50/3828 MS: 1 EraseBytes-
#4550393	REDUCE cov: 3751 ft: 11806 corp: 5732/549Kb lim: 4096 exec/s: 65947 rss: 706Mb L: 670/3828 MS: 3 PersAutoDict-ShuffleBytes-EraseBytes- DE: "an%hored"-
#4552990	REDUCE cov: 3751 ft: 11806 corp: 5732/549Kb lim: 4096 exec/s: 65985 rss: 706Mb L: 37/3828 MS: 2 ShuffleBytes-EraseBytes-
#4564822	REDUCE cov: 3751 ft: 11806 corp: 5732/549Kb lim: 4096 exec/s: 65211 rss: 706Mb L: 361/3828 MS: 2 ChangeBit-EraseBytes-
#4583123	REDUCE cov: 3751 ft: 11806 corp: 5732/549Kb lim: 4096 exec/s: 65473 rss: 706Mb L: 82/3828 MS: 1 EraseBytes-
#4592629	REDUCE cov: 3751 ft: 11806 corp: 5732/549Kb lim: 4096 exec/s: 65608 rss: 706Mb L: 113/3828 MS: 1 EraseBytes-
#4609780	REDUCE cov: 3751 ft: 11806 corp: 5732/549Kb lim: 4096 exec/s: 65854 rss: 706Mb L: 131/3828 MS: 1 EraseBytes-
#4616731	REDUCE cov: 3751 ft: 11806 corp: 5732/549Kb lim: 4096 exec/s: 65953 rss: 706Mb L: 318/3828 MS: 1 EraseBytes-
#4625202	NEW    cov: 3751 ft: 11807 corp: 5733/549Kb lim: 4096 exec/s: 65143 rss: 706Mb L: 205/3828 MS: 1 CopyPart-
#4627585	REDUCE cov: 3751 ft: 11807 corp: 5733/549Kb lim: 4096 exec/s: 65177 rss: 706Mb L: 40/3828 MS: 3 ShuffleBytes-EraseBytes-ChangeBinInt-
#4633856	REDUCE cov: 3751 ft: 11807 corp: 5733/549Kb lim: 4096 exec/s: 65265 rss: 706Mb L: 106/3828 MS: 1 EraseBytes-
#4643497	REDUCE cov: 3751 ft: 11807 corp: 5733/549Kb lim: 4096 exec/s: 65401 rss: 706Mb L: 183/3828 MS: 1 EraseBytes-
#4644738	REDUCE cov: 3751 ft: 11807 corp: 5733/549Kb lim: 4096 exec/s: 65418 rss: 706Mb L: 71/3828 MS: 1 EraseBytes-
#4645464	REDUCE cov: 3751 ft: 11807 corp: 5733/549Kb lim: 4096 exec/s: 65429 rss: 706Mb L: 106/3828 MS: 1 EraseBytes-
#4649340	REDUCE cov: 3751 ft: 11807 corp: 5733/549Kb lim: 4096 exec/s: 65483 rss: 706Mb L: 116/3828 MS: 1 EraseBytes-
#4655581	REDUCE cov: 3751 ft: 11807 corp: 5733/549Kb lim: 4096 exec/s: 65571 rss: 706Mb L: 117/3828 MS: 1 EraseBytes-
#4676364	REDUCE cov: 3751 ft: 11807 corp: 5733/549Kb lim: 4096 exec/s: 64949 rss: 706Mb L: 100/3828 MS: 3 ChangeByte-InsertRepeatedBytes-EraseBytes-
#4686250	REDUCE cov: 3751 ft: 11807 corp: 5733/549Kb lim: 4096 exec/s: 65086 rss: 706Mb L: 108/3828 MS: 1 EraseBytes-
#4688946	REDUCE cov: 3751 ft: 11807 corp: 5733/549Kb lim: 4096 exec/s: 65124 rss: 706Mb L: 119/3828 MS: 1 EraseBytes-
#4725177	REDUCE cov: 3751 ft: 11807 corp: 5733/549Kb lim: 4096 exec/s: 65627 rss: 706Mb L: 3616/3828 MS: 1 EraseBytes-
#4729448	REDUCE cov: 3751 ft: 11807 corp: 5733/549Kb lim: 4096 exec/s: 65686 rss: 706Mb L: 90/3828 MS: 1 EraseBytes-
#4735877	REDUCE cov: 3751 ft: 11807 corp: 5733/549Kb lim: 4096 exec/s: 65776 rss: 706Mb L: 167/3828 MS: 4 ChangeASCIIInt-CopyPart-ShuffleBytes-EraseBytes-
#4738883	REDUCE cov: 3751 ft: 11807 corp: 5733/549Kb lim: 4096 exec/s: 65817 rss: 706Mb L: 193/3828 MS: 1 EraseBytes-
#4742204	REDUCE cov: 3751 ft: 11807 corp: 5733/549Kb lim: 4096 exec/s: 65863 rss: 706Mb L: 128/3828 MS: 1 EraseBytes-
#4764016	REDUCE cov: 3751 ft: 11807 corp: 5733/549Kb lim: 4096 exec/s: 66166 rss: 706Mb L: 682/3828 MS: 2 InsertRepeatedBytes-EraseBytes-
#4770658	REDUCE cov: 3751 ft: 11807 corp: 5733/549Kb lim: 4096 exec/s: 65351 rss: 706Mb L: 225/3828 MS: 2 ChangeBit-EraseBytes-
#4807624	REDUCE cov: 3751 ft: 11807 corp: 5733/549Kb lim: 4096 exec/s: 65857 rss: 706Mb L: 100/3828 MS: 1 EraseBytes-
#4838220	REDUCE cov: 3751 ft: 11807 corp: 5733/549Kb lim: 4096 exec/s: 66276 rss: 706Mb L: 32/3828 MS: 1 EraseBytes-
#4842026	REDUCE cov: 3751 ft: 11807 corp: 5733/549Kb lim: 4096 exec/s: 66329 rss: 706Mb L: 83/3828 MS: 1 EraseBytes-
#4849262	REDUCE cov: 3751 ft: 11807 corp: 5733/549Kb lim: 4096 exec/s: 65530 rss: 706Mb L: 2282/3828 MS: 1 EraseBytes-
#4851039	REDUCE cov: 3751 ft: 11807 corp: 5733/549Kb lim: 4096 exec/s: 65554 rss: 706Mb L: 1104/3828 MS: 2 InsertByte-EraseBytes-
#4853250	REDUCE cov: 3751 ft: 11807 corp: 5733/549Kb lim: 4096 exec/s: 65584 rss: 706Mb L: 105/3828 MS: 1 EraseBytes-
#4868971	REDUCE cov: 3751 ft: 11807 corp: 5733/549Kb lim: 4096 exec/s: 65796 rss: 706Mb L: 36/3828 MS: 1 EraseBytes-
#4880133	REDUCE cov: 3751 ft: 11807 corp: 5733/549Kb lim: 4096 exec/s: 65947 rss: 706Mb L: 681/3828 MS: 2 ShuffleBytes-EraseBytes-
#4945709	REDUCE cov: 3751 ft: 11807 corp: 5733/548Kb lim: 4096 exec/s: 65942 rss: 706Mb L: 1784/3828 MS: 1 EraseBytes-
#5004005	REDUCE cov: 3751 ft: 11807 corp: 5733/548Kb lim: 4096 exec/s: 65842 rss: 706Mb L: 54/3828 MS: 1 EraseBytes-
#5032171	REDUCE cov: 3751 ft: 11807 corp: 5733/548Kb lim: 4096 exec/s: 66212 rss: 706Mb L: 573/3828 MS: 1 EraseBytes-
#5033327	REDUCE cov: 3751 ft: 11807 corp: 5733/548Kb lim: 4096 exec/s: 66227 rss: 706Mb L: 380/3828 MS: 1 EraseBytes-
#5035920	REDUCE cov: 3751 ft: 11807 corp: 5733/548Kb lim: 4096 exec/s: 66262 rss: 706Mb L: 718/3828 MS: 3 CMP-InsertByte-EraseBytes- DE: "&:"-
#5057601	REDUCE cov: 3751 ft: 11807 corp: 5733/548Kb lim: 4096 exec/s: 65683 rss: 706Mb L: 82/3828 MS: 1 EraseBytes-
#5126772	REDUCE cov: 3751 ft: 11807 corp: 5733/548Kb lim: 4096 exec/s: 65727 rss: 706Mb L: 1033/3828 MS: 1 EraseBytes-
#5147663	REDUCE cov: 3751 ft: 11807 corp: 5733/548Kb lim: 4096 exec/s: 65995 rss: 706Mb L: 100/3828 MS: 1 EraseBytes-
#5201149	REDUCE cov: 3751 ft: 11807 corp: 5733/548Kb lim: 4096 exec/s: 65837 rss: 706Mb L: 120/3828 MS: 1 EraseBytes-
#5209220	REDUCE cov: 3751 ft: 11807 corp: 5733/548Kb lim: 4096 exec/s: 65939 rss: 706Mb L: 79/3828 MS: 1 EraseBytes-
#5222636	REDUCE cov: 3751 ft: 11807 corp: 5733/548Kb lim: 4096 exec/s: 66109 rss: 706Mb L: 119/3828 MS: 1 EraseBytes-
#5232962	REDUCE cov: 3751 ft: 11808 corp: 5734/548Kb lim: 4096 exec/s: 66240 rss: 706Mb L: 148/3828 MS: 1 InsertRepeatedBytes-
#5236798	REDUCE cov: 3751 ft: 11808 corp: 5734/548Kb lim: 4096 exec/s: 66288 rss: 706Mb L: 126/3828 MS: 1 EraseBytes-
#5245464	REDUCE cov: 3751 ft: 11808 corp: 5734/548Kb lim: 4096 exec/s: 66398 rss: 706Mb L: 129/3828 MS: 1 EraseBytes-
#5253975	REDUCE cov: 3751 ft: 11808 corp: 5734/548Kb lim: 4096 exec/s: 66506 rss: 706Mb L: 135/3828 MS: 1 EraseBytes-
#5274726	REDUCE cov: 3751 ft: 11808 corp: 5734/548Kb lim: 4096 exec/s: 65934 rss: 706Mb L: 64/3828 MS: 1 EraseBytes-
#5327222	REDUCE cov: 3751 ft: 11808 corp: 5734/548Kb lim: 4096 exec/s: 66590 rss: 706Mb L: 108/3828 MS: 1 EraseBytes-
#5344469	REDUCE cov: 3751 ft: 11808 corp: 5734/548Kb lim: 4096 exec/s: 65981 rss: 706Mb L: 235/3828 MS: 2 ChangeASCIIInt-EraseBytes-
#5352660	REDUCE cov: 3751 ft: 11808 corp: 5734/548Kb lim: 4096 exec/s: 66082 rss: 706Mb L: 130/3828 MS: 1 EraseBytes-
#5397501	REDUCE cov: 3751 ft: 11808 corp: 5734/548Kb lim: 4096 exec/s: 66635 rss: 706Mb L: 255/3828 MS: 1 EraseBytes-
#5481484	REDUCE cov: 3751 ft: 11808 corp: 5734/548Kb lim: 4096 exec/s: 66041 rss: 706Mb L: 70/3828 MS: 3 ChangeASCIIInt-ChangeBinInt-EraseBytes-
#5496660	REDUCE cov: 3751 ft: 11808 corp: 5734/548Kb lim: 4096 exec/s: 66224 rss: 706Mb L: 180/3828 MS: 1 EraseBytes-
#5505036	REDUCE cov: 3751 ft: 11808 corp: 5734/548Kb lim: 4096 exec/s: 66325 rss: 706Mb L: 100/3828 MS: 1 EraseBytes-
#5510582	REDUCE cov: 3751 ft: 11808 corp: 5734/548Kb lim: 4096 exec/s: 66392 rss: 706Mb L: 51/3828 MS: 1 EraseBytes-
#5534499	REDUCE cov: 3751 ft: 11808 corp: 5734/548Kb lim: 4096 exec/s: 66680 rss: 706Mb L: 17/3828 MS: 2 ChangeByte-EraseBytes-
#5536040	REDUCE cov: 3751 ft: 11808 corp: 5734/548Kb lim: 4096 exec/s: 66699 rss: 706Mb L: 39/3828 MS: 1 EraseBytes-
#5537036	NEW    cov: 3751 ft: 11809 corp: 5735/549Kb lim: 4096 exec/s: 66711 rss: 706Mb L: 148/3828 MS: 1 CrossOver-
#5563712	NEW    cov: 3751 ft: 11810 corp: 5736/549Kb lim: 4096 exec/s: 67032 rss: 706Mb L: 104/3828 MS: 1 EraseBytes-
#5564788	REDUCE cov: 3751 ft: 11810 corp: 5736/549Kb lim: 4096 exec/s: 66247 rss: 706Mb L: 106/3828 MS: 1 EraseBytes-
#5580210	REDUCE cov: 3751 ft: 11810 corp: 5736/549Kb lim: 4096 exec/s: 66431 rss: 706Mb L: 1160/3828 MS: 2 ChangeBinInt-EraseBytes-
#5611786	REDUCE cov: 3751 ft: 11810 corp: 5736/549Kb lim: 4096 exec/s: 66806 rss: 706Mb L: 41/3828 MS: 1 EraseBytes-
#5621552	REDUCE cov: 3751 ft: 11810 corp: 5736/549Kb lim: 4096 exec/s: 66923 rss: 706Mb L: 3827/3827 MS: 1 EraseBytes-
#5633498	REDUCE cov: 3751 ft: 11810 corp: 5736/549Kb lim: 4096 exec/s: 67065 rss: 706Mb L: 145/3827 MS: 1 EraseBytes-
#5649624	REDUCE cov: 3751 ft: 11810 corp: 5736/549Kb lim: 4096 exec/s: 67257 rss: 706Mb L: 3262/3827 MS: 1 EraseBytes-
#5669880	REDUCE cov: 3751 ft: 11810 corp: 5736/549Kb lim: 4096 exec/s: 66704 rss: 706Mb L: 82/3827 MS: 1 EraseBytes-
#5694601	REDUCE cov: 3751 ft: 11810 corp: 5736/549Kb lim: 4096 exec/s: 66995 rss: 706Mb L: 127/3827 MS: 1 EraseBytes-
#5694677	REDUCE cov: 3751 ft: 11810 corp: 5736/548Kb lim: 4096 exec/s: 66996 rss: 706Mb L: 112/3827 MS: 1 EraseBytes-
#5698230	REDUCE cov: 3751 ft: 11810 corp: 5736/548Kb lim: 4096 exec/s: 67038 rss: 706Mb L: 153/3827 MS: 3 ChangeASCIIInt-ChangeASCIIInt-EraseBytes-
#5723752	REDUCE cov: 3751 ft: 11810 corp: 5736/548Kb lim: 4096 exec/s: 67338 rss: 706Mb L: 70/3827 MS: 2 CMP-EraseBytes- DE: "\375\377\377\377\377\377\377\377"-
#5739353	REDUCE cov: 3751 ft: 11810 corp: 5736/548Kb lim: 4096 exec/s: 66736 rss: 706Mb L: 78/3827 MS: 1 EraseBytes-
#5741945	REDUCE cov: 3751 ft: 11810 corp: 5736/548Kb lim: 4096 exec/s: 66766 rss: 706Mb L: 89/3827 MS: 2 ShuffleBytes-EraseBytes-
#5743146	REDUCE cov: 3751 ft: 11810 corp: 5736/548Kb lim: 4096 exec/s: 66780 rss: 706Mb L: 176/3827 MS: 1 EraseBytes-
#5746722	REDUCE cov: 3751 ft: 11810 corp: 5736/548Kb lim: 4096 exec/s: 66822 rss: 706Mb L: 49/3827 MS: 1 EraseBytes-
#5758278	REDUCE cov: 3751 ft: 11810 corp: 5736/548Kb lim: 4096 exec/s: 66956 rss: 706Mb L: 529/3827 MS: 1 EraseBytes-
#5783444	REDUCE cov: 3751 ft: 11810 corp: 5736/548Kb lim: 4096 exec/s: 67249 rss: 706Mb L: 38/3827 MS: 1 EraseBytes-
#5787322	REDUCE cov: 3751 ft: 11810 corp: 5736/548Kb lim: 4096 exec/s: 67294 rss: 706Mb L: 63/3827 MS: 3 ChangeASCIIInt-ChangeASCIIInt-EraseBytes-
#5795018	REDUCE cov: 3751 ft: 11810 corp: 5736/548Kb lim: 4096 exec/s: 66609 rss: 706Mb L: 110/3827 MS: 1 EraseBytes-
#5799285	REDUCE cov: 3751 ft: 11810 corp: 5736/548Kb lim: 4096 exec/s: 66658 rss: 706Mb L: 799/3827 MS: 2 ChangeBit-EraseBytes-
#5818006	REDUCE cov: 3751 ft: 11810 corp: 5736/548Kb lim: 4096 exec/s: 66873 rss: 706Mb L: 52/3827 MS: 1 EraseBytes-
#5861217	REDUCE cov: 3751 ft: 11810 corp: 5736/548Kb lim: 4096 exec/s: 67370 rss: 706Mb L: 150/3827 MS: 1 EraseBytes-
#5875044	REDUCE cov: 3751 ft: 11810 corp: 5736/548Kb lim: 4096 exec/s: 66761 rss: 706Mb L: 84/3827 MS: 2 ChangeBinInt-EraseBytes-
#5877870	REDUCE cov: 3751 ft: 11810 corp: 5736/548Kb lim: 4096 exec/s: 66793 rss: 706Mb L: 39/3827 MS: 1 EraseBytes-
#5893686	REDUCE cov: 3751 ft: 11810 corp: 5736/548Kb lim: 4096 exec/s: 66973 rss: 706Mb L: 37/3827 MS: 1 EraseBytes-
#5905347	REDUCE cov: 3751 ft: 11810 corp: 5736/548Kb lim: 4096 exec/s: 67106 rss: 706Mb L: 56/3827 MS: 1 EraseBytes-
#5918046	REDUCE cov: 3751 ft: 11810 corp: 5736/548Kb lim: 4096 exec/s: 67250 rss: 706Mb L: 122/3827 MS: 4 CopyPart-ChangeByte-EraseBytes-EraseBytes-
#5936847	REDUCE cov: 3751 ft: 11810 corp: 5736/548Kb lim: 4096 exec/s: 66706 rss: 706Mb L: 172/3827 MS: 1 EraseBytes-
#5945415	REDUCE cov: 3751 ft: 11810 corp: 5736/548Kb lim: 4096 exec/s: 66802 rss: 706Mb L: 114/3827 MS: 3 ShuffleBytes-ShuffleBytes-EraseBytes-
#5967486	REDUCE cov: 3751 ft: 11810 corp: 5736/548Kb lim: 4096 exec/s: 67050 rss: 706Mb L: 150/3827 MS: 1 EraseBytes-
#5970877	REDUCE cov: 3751 ft: 11810 corp: 5736/548Kb lim: 4096 exec/s: 67088 rss: 706Mb L: 52/3827 MS: 1 EraseBytes-
#5985845	NEW    cov: 3751 ft: 11811 corp: 5737/548Kb lim: 4096 exec/s: 66509 rss: 706Mb L: 224/3827 MS: 3 CopyPart-ChangeASCIIInt-CrossOver-
#5991327	REDUCE cov: 3751 ft: 11811 corp: 5737/548Kb lim: 4096 exec/s: 66570 rss: 706Mb L: 136/3827 MS: 2 ChangeByte-EraseBytes-
#6035628	REDUCE cov: 3751 ft: 11811 corp: 5737/548Kb lim: 4096 exec/s: 67062 rss: 706Mb L: 2463/3827 MS: 1 EraseBytes-
#6046059	REDUCE cov: 3751 ft: 11811 corp: 5737/548Kb lim: 4096 exec/s: 67178 rss: 706Mb L: 614/3827 MS: 1 EraseBytes-
#6051405	REDUCE cov: 3751 ft: 11811 corp: 5737/548Kb lim: 4096 exec/s: 66498 rss: 706Mb L: 125/3827 MS: 1 EraseBytes-
#6056477	REDUCE cov: 3751 ft: 11811 corp: 5737/548Kb lim: 4096 exec/s: 66554 rss: 706Mb L: 104/3827 MS: 2 ShuffleBytes-EraseBytes-
#6083214	REDUCE cov: 3751 ft: 11811 corp: 5737/548Kb lim: 4096 exec/s: 66848 rss: 706Mb L: 116/3827 MS: 2 ChangeBit-EraseBytes-
#6086655	NEW    cov: 3751 ft: 11812 corp: 5738/548Kb lim: 4096 exec/s: 66886 rss: 706Mb L: 184/3827 MS: 1 CopyPart-
#6090686	REDUCE cov: 3751 ft: 11812 corp: 5738/548Kb lim: 4096 exec/s: 66930 rss: 706Mb L: 146/3827 MS: 1 EraseBytes-
#6109812	REDUCE cov: 3751 ft: 11812 corp: 5738/548Kb lim: 4096 exec/s: 67140 rss: 706Mb L: 34/3827 MS: 1 EraseBytes-
#6110633	REDUCE cov: 3751 ft: 11812 corp: 5738/548Kb lim: 4096 exec/s: 67149 rss: 706Mb L: 21/3827 MS: 1 EraseBytes-
#6196409	REDUCE cov: 3751 ft: 11812 corp: 5738/548Kb lim: 4096 exec/s: 66628 rss: 706Mb L: 114/3827 MS: 1 EraseBytes-
#6196410	REDUCE cov: 3751 ft: 11812 corp: 5738/548Kb lim: 4096 exec/s: 66628 rss: 706Mb L: 103/3827 MS: 1 EraseBytes-
#6202581	REDUCE cov: 3751 ft: 11812 corp: 5738/548Kb lim: 4096 exec/s: 66694 rss: 706Mb L: 36/3827 MS: 1 EraseBytes-
#6212857	REDUCE cov: 3751 ft: 11812 corp: 5738/548Kb lim: 4096 exec/s: 66804 rss: 706Mb L: 116/3827 MS: 1 EraseBytes-
#6215229	REDUCE cov: 3751 ft: 11812 corp: 5738/548Kb lim: 4096 exec/s: 66830 rss: 706Mb L: 60/3827 MS: 2 ShuffleBytes-EraseBytes-
#6216445	REDUCE cov: 3751 ft: 11812 corp: 5738/548Kb lim: 4096 exec/s: 66843 rss: 706Mb L: 401/3827 MS: 1 EraseBytes-
#6276176	REDUCE cov: 3751 ft: 11812 corp: 5738/548Kb lim: 4096 exec/s: 66767 rss: 706Mb L: 86/3827 MS: 1 EraseBytes-
#6286447	REDUCE cov: 3751 ft: 11812 corp: 5738/548Kb lim: 4096 exec/s: 66877 rss: 706Mb L: 130/3827 MS: 1 EraseBytes-
#6306523	REDUCE cov: 3751 ft: 11812 corp: 5738/548Kb lim: 4096 exec/s: 67090 rss: 706Mb L: 98/3827 MS: 1 EraseBytes-
#6323339	REDUCE cov: 3751 ft: 11812 corp: 5738/548Kb lim: 4096 exec/s: 66561 rss: 706Mb L: 250/3827 MS: 1 EraseBytes-
#6327800	REDUCE cov: 3751 ft: 11812 corp: 5738/548Kb lim: 4096 exec/s: 66608 rss: 706Mb L: 58/3827 MS: 1 EraseBytes-
#6348757	REDUCE cov: 3751 ft: 11812 corp: 5738/548Kb lim: 4096 exec/s: 66132 rss: 706Mb L: 196/3827 MS: 2 ShuffleBytes-EraseBytes-
#6368128	REDUCE cov: 3751 ft: 11812 corp: 5738/548Kb lim: 4096 exec/s: 66334 rss: 706Mb L: 518/3827 MS: 1 EraseBytes-
#6388069	REDUCE cov: 3751 ft: 11812 corp: 5738/548Kb lim: 4096 exec/s: 66542 rss: 706Mb L: 122/3827 MS: 1 EraseBytes-
#6391735	REDUCE cov: 3751 ft: 11812 corp: 5738/548Kb lim: 4096 exec/s: 66580 rss: 706Mb L: 92/3827 MS: 1 EraseBytes-
#6403441	REDUCE cov: 3751 ft: 11812 corp: 5738/548Kb lim: 4096 exec/s: 66702 rss: 706Mb L: 2525/3827 MS: 1 EraseBytes-
#6447744	REDUCE cov: 3751 ft: 11812 corp: 5738/548Kb lim: 4096 exec/s: 66471 rss: 706Mb L: 129/3827 MS: 3 PersAutoDict-ChangeByte-EraseBytes- DE: "plugin"-
#6464475	REDUCE cov: 3751 ft: 11812 corp: 5738/548Kb lim: 4096 exec/s: 65964 rss: 706Mb L: 985/3827 MS: 1 EraseBytes-
#6467543	REDUCE cov: 3751 ft: 11812 corp: 5738/548Kb lim: 4096 exec/s: 65995 rss: 706Mb L: 14/3827 MS: 3 EraseBytes-ChangeASCIIInt-EraseBytes-
#6472459	REDUCE cov: 3751 ft: 11812 corp: 5738/548Kb lim: 4096 exec/s: 66045 rss: 706Mb L: 50/3827 MS: 1 EraseBytes-
#6475485	REDUCE cov: 3751 ft: 11812 corp: 5738/548Kb lim: 4096 exec/s: 66076 rss: 706Mb L: 30/3827 MS: 1 EraseBytes-
#6520536	REDUCE cov: 3751 ft: 11812 corp: 5738/548Kb lim: 4096 exec/s: 65864 rss: 706Mb L: 23/3827 MS: 1 EraseBytes-
#6545147	REDUCE cov: 3751 ft: 11812 corp: 5738/548Kb lim: 4096 exec/s: 66112 rss: 706Mb L: 105/3827 MS: 1 EraseBytes-
#6547563	REDUCE cov: 3751 ft: 11812 corp: 5738/548Kb lim: 4096 exec/s: 65475 rss: 706Mb L: 92/3827 MS: 1 EraseBytes-
#6555020	REDUCE cov: 3751 ft: 11812 corp: 5738/548Kb lim: 4096 exec/s: 65550 rss: 706Mb L: 571/3827 MS: 2 ChangeBinInt-EraseBytes-
#6563486	REDUCE cov: 3751 ft: 11812 corp: 5738/548Kb lim: 4096 exec/s: 65634 rss: 706Mb L: 616/3827 MS: 1 EraseBytes-
#6605952	REDUCE cov: 3751 ft: 11812 corp: 5738/548Kb lim: 4096 exec/s: 66059 rss: 706Mb L: 113/3827 MS: 1 EraseBytes-
#6616808	REDUCE cov: 3751 ft: 11812 corp: 5738/548Kb lim: 4096 exec/s: 66168 rss: 706Mb L: 142/3827 MS: 1 EraseBytes-
#6621914	REDUCE cov: 3751 ft: 11812 corp: 5738/548Kb lim: 4096 exec/s: 66219 rss: 706Mb L: 62/3827 MS: 1 EraseBytes-
#6642350	REDUCE cov: 3751 ft: 11812 corp: 5738/548Kb lim: 4096 exec/s: 66423 rss: 706Mb L: 87/3827 MS: 1 EraseBytes-
#6686576	REDUCE cov: 3751 ft: 11812 corp: 5738/548Kb lim: 4096 exec/s: 66203 rss: 706Mb L: 98/3827 MS: 1 EraseBytes-
#6691782	REDUCE cov: 3751 ft: 11812 corp: 5738/548Kb lim: 4096 exec/s: 66255 rss: 706Mb L: 110/3827 MS: 1 EraseBytes-
#6692425	REDUCE cov: 3752 ft: 11813 corp: 5739/548Kb lim: 4096 exec/s: 66261 rss: 706Mb L: 129/3827 MS: 3 ChangeASCIIInt-ShuffleBytes-InsertByte-
#6720576	REDUCE cov: 3752 ft: 11813 corp: 5739/548Kb lim: 4096 exec/s: 65888 rss: 706Mb L: 484/3827 MS: 1 EraseBytes-
#6724462	REDUCE cov: 3752 ft: 11813 corp: 5739/548Kb lim: 4096 exec/s: 65926 rss: 706Mb L: 70/3827 MS: 1 EraseBytes-
#6733568	REDUCE cov: 3752 ft: 11813 corp: 5739/548Kb lim: 4096 exec/s: 66015 rss: 706Mb L: 124/3827 MS: 1 EraseBytes-
#6735850	REDUCE cov: 3752 ft: 11813 corp: 5739/548Kb lim: 4096 exec/s: 66037 rss: 706Mb L: 350/3827 MS: 2 CopyPart-EraseBytes-
#6738236	REDUCE cov: 3752 ft: 11813 corp: 5739/548Kb lim: 4096 exec/s: 66061 rss: 706Mb L: 102/3827 MS: 1 EraseBytes-
#6738897	REDUCE cov: 3752 ft: 11813 corp: 5739/548Kb lim: 4096 exec/s: 66067 rss: 706Mb L: 80/3827 MS: 1 EraseBytes-
#6749434	REDUCE cov: 3752 ft: 11813 corp: 5739/548Kb lim: 4096 exec/s: 66170 rss: 706Mb L: 159/3827 MS: 2 ChangeBit-EraseBytes-
#6772785	REDUCE cov: 3752 ft: 11813 corp: 5739/548Kb lim: 4096 exec/s: 65755 rss: 706Mb L: 91/3827 MS: 1 EraseBytes-
#6779371	REDUCE cov: 3752 ft: 11813 corp: 5739/548Kb lim: 4096 exec/s: 65819 rss: 706Mb L: 39/3827 MS: 1 EraseBytes-
#6793552	REDUCE cov: 3752 ft: 11813 corp: 5739/548Kb lim: 4096 exec/s: 65956 rss: 706Mb L: 106/3827 MS: 1 EraseBytes-
#6813668	REDUCE cov: 3752 ft: 11813 corp: 5739/548Kb lim: 4096 exec/s: 65516 rss: 706Mb L: 172/3827 MS: 1 EraseBytes-
#6861419	REDUCE cov: 3752 ft: 11813 corp: 5739/548Kb lim: 4096 exec/s: 65975 rss: 706Mb L: 194/3827 MS: 1 EraseBytes-
#6898600	REDUCE cov: 3752 ft: 11813 corp: 5739/548Kb lim: 4096 exec/s: 65700 rss: 706Mb L: 180/3827 MS: 1 EraseBytes-
#6918526	REDUCE cov: 3752 ft: 11813 corp: 5739/548Kb lim: 4096 exec/s: 65890 rss: 706Mb L: 85/3827 MS: 1 EraseBytes-
#6928227	REDUCE cov: 3752 ft: 11813 corp: 5739/548Kb lim: 4096 exec/s: 65983 rss: 706Mb L: 483/3827 MS: 1 EraseBytes-
#6950974	REDUCE cov: 3752 ft: 11813 corp: 5739/548Kb lim: 4096 exec/s: 66199 rss: 706Mb L: 41/3827 MS: 2 EraseBytes-CopyPart-
#6956880	REDUCE cov: 3752 ft: 11813 corp: 5739/548Kb lim: 4096 exec/s: 66256 rss: 706Mb L: 571/3827 MS: 1 EraseBytes-
#6962371	REDUCE cov: 3752 ft: 11813 corp: 5739/548Kb lim: 4096 exec/s: 65682 rss: 706Mb L: 67/3827 MS: 1 EraseBytes-
#6971542	REDUCE cov: 3752 ft: 11813 corp: 5739/548Kb lim: 4096 exec/s: 65769 rss: 706Mb L: 86/3827 MS: 1 EraseBytes-
#6978620	NEW    cov: 3752 ft: 11814 corp: 5740/548Kb lim: 4096 exec/s: 65836 rss: 706Mb L: 413/3827 MS: 3 ChangeASCIIInt-InsertRepeatedBytes-CopyPart-
#6987791	REDUCE cov: 3752 ft: 11814 corp: 5740/548Kb lim: 4096 exec/s: 65922 rss: 706Mb L: 21/3827 MS: 1 EraseBytes-
#7000702	REDUCE cov: 3752 ft: 11814 corp: 5740/548Kb lim: 4096 exec/s: 66044 rss: 706Mb L: 200/3827 MS: 1 EraseBytes-
#7021163	REDUCE cov: 3752 ft: 11814 corp: 5740/548Kb lim: 4096 exec/s: 66237 rss: 706Mb L: 126/3827 MS: 1 EraseBytes-
#7028289	REDUCE cov: 3752 ft: 11814 corp: 5740/548Kb lim: 4096 exec/s: 66304 rss: 706Mb L: 453/3827 MS: 1 EraseBytes-
#7049650	REDUCE cov: 3752 ft: 11814 corp: 5740/548Kb lim: 4096 exec/s: 66506 rss: 706Mb L: 50/3827 MS: 1 EraseBytes-
#7064676	REDUCE cov: 3752 ft: 11814 corp: 5740/548Kb lim: 4096 exec/s: 66025 rss: 706Mb L: 1780/3827 MS: 1 EraseBytes-
#7072808	REDUCE cov: 3752 ft: 11814 corp: 5740/548Kb lim: 4096 exec/s: 66101 rss: 706Mb L: 101/3827 MS: 2 ChangeBit-EraseBytes-
#7118114	REDUCE cov: 3752 ft: 11814 corp: 5740/548Kb lim: 4096 exec/s: 66524 rss: 706Mb L: 174/3827 MS: 1 EraseBytes-
#7162660	REDUCE cov: 3752 ft: 11814 corp: 5740/548Kb lim: 4096 exec/s: 66320 rss: 706Mb L: 127/3827 MS: 1 EraseBytes-
#7166147	REDUCE cov: 3752 ft: 11814 corp: 5740/548Kb lim: 4096 exec/s: 66353 rss: 706Mb L: 80/3827 MS: 2 ShuffleBytes-EraseBytes-
#7191543	REDUCE cov: 3752 ft: 11814 corp: 5740/548Kb lim: 4096 exec/s: 65377 rss: 706Mb L: 45/3827 MS: 1 EraseBytes-
#7215499	REDUCE cov: 3752 ft: 11814 corp: 5740/548Kb lim: 4096 exec/s: 65004 rss: 706Mb L: 479/3827 MS: 1 EraseBytes-
#7220200	REDUCE cov: 3752 ft: 11814 corp: 5740/548Kb lim: 4096 exec/s: 65046 rss: 706Mb L: 92/3827 MS: 1 EraseBytes-
#7236421	REDUCE cov: 3752 ft: 11814 corp: 5740/548Kb lim: 4096 exec/s: 64610 rss: 706Mb L: 601/3827 MS: 1 EraseBytes-
#7237547	REDUCE cov: 3752 ft: 11814 corp: 5740/548Kb lim: 4096 exec/s: 64620 rss: 706Mb L: 41/3827 MS: 1 EraseBytes-
#7239823	REDUCE cov: 3752 ft: 11814 corp: 5740/548Kb lim: 4096 exec/s: 64641 rss: 706Mb L: 54/3827 MS: 1 EraseBytes-
#7244454	REDUCE cov: 3752 ft: 11814 corp: 5740/548Kb lim: 4096 exec/s: 64682 rss: 706Mb L: 66/3827 MS: 1 EraseBytes-
#7307256	REDUCE cov: 3752 ft: 11814 corp: 5740/548Kb lim: 4096 exec/s: 64665 rss: 706Mb L: 101/3827 MS: 2 InsertByte-EraseBytes-
#7323097	REDUCE cov: 3752 ft: 11814 corp: 5740/548Kb lim: 4096 exec/s: 64806 rss: 706Mb L: 286/3827 MS: 1 EraseBytes-
#7393598	REDUCE cov: 3752 ft: 11814 corp: 5740/548Kb lim: 4096 exec/s: 64856 rss: 706Mb L: 12/3827 MS: 1 EraseBytes-
#7397429	REDUCE cov: 3752 ft: 11814 corp: 5740/548Kb lim: 4096 exec/s: 64889 rss: 706Mb L: 48/3827 MS: 1 EraseBytes-
#7401637	REDUCE cov: 3752 ft: 11814 corp: 5740/548Kb lim: 4096 exec/s: 64926 rss: 706Mb L: 126/3827 MS: 3 ChangeASCIIInt-PersAutoDict-EraseBytes- DE: "&:"-
#7405474	REDUCE cov: 3752 ft: 11814 corp: 5740/548Kb lim: 4096 exec/s: 64960 rss: 706Mb L: 267/3827 MS: 2 ChangeBit-EraseBytes-
#7422146	REDUCE cov: 3752 ft: 11814 corp: 5740/548Kb lim: 4096 exec/s: 65106 rss: 706Mb L: 2502/3827 MS: 2 CopyPart-EraseBytes-
#7433467	REDUCE cov: 3752 ft: 11814 corp: 5740/548Kb lim: 4096 exec/s: 64638 rss: 706Mb L: 78/3827 MS: 1 EraseBytes-
#7460904	REDUCE cov: 3752 ft: 11814 corp: 5740/548Kb lim: 4096 exec/s: 64877 rss: 706Mb L: 113/3827 MS: 2 ShuffleBytes-EraseBytes-
#7464755	REDUCE cov: 3752 ft: 11814 corp: 5740/548Kb lim: 4096 exec/s: 64910 rss: 706Mb L: 155/3827 MS: 1 EraseBytes-
#7473651	REDUCE cov: 3752 ft: 11814 corp: 5740/548Kb lim: 4096 exec/s: 64988 rss: 706Mb L: 6/3827 MS: 1 EraseBytes-
#7498038	REDUCE cov: 3752 ft: 11814 corp: 5740/548Kb lim: 4096 exec/s: 64638 rss: 706Mb L: 18/3827 MS: 2 CopyPart-EraseBytes-
#7576981	REDUCE cov: 3752 ft: 11814 corp: 5740/548Kb lim: 4096 exec/s: 64760 rss: 706Mb L: 1159/3827 MS: 3 PersAutoDict-ChangeASCIIInt-EraseBytes- DE: "ops"-
#7578487	REDUCE cov: 3752 ft: 11814 corp: 5740/548Kb lim: 4096 exec/s: 64773 rss: 706Mb L: 365/3827 MS: 1 EraseBytes-
#7605738	REDUCE cov: 3752 ft: 11814 corp: 5740/548Kb lim: 4096 exec/s: 65006 rss: 706Mb L: 483/3827 MS: 1 EraseBytes-
#7611079	REDUCE cov: 3752 ft: 11814 corp: 5740/548Kb lim: 4096 exec/s: 65051 rss: 706Mb L: 86/3827 MS: 1 EraseBytes-
#7653706	REDUCE cov: 3752 ft: 11814 corp: 5740/548Kb lim: 4096 exec/s: 65416 rss: 706Mb L: 1669/3827 MS: 2 ShuffleBytes-EraseBytes-
#7666157	REDUCE cov: 3752 ft: 11814 corp: 5740/548Kb lim: 4096 exec/s: 64967 rss: 706Mb L: 108/3827 MS: 1 EraseBytes-
#7681813	REDUCE cov: 3752 ft: 11814 corp: 5740/548Kb lim: 4096 exec/s: 65100 rss: 706Mb L: 1121/3827 MS: 1 EraseBytes-
#7695359	REDUCE cov: 3752 ft: 11814 corp: 5740/548Kb lim: 4096 exec/s: 65214 rss: 706Mb L: 81/3827 MS: 1 EraseBytes-
#7721905	REDUCE cov: 3752 ft: 11814 corp: 5740/548Kb lim: 4096 exec/s: 65439 rss: 706Mb L: 90/3827 MS: 1 EraseBytes-
#7769041	REDUCE cov: 3752 ft: 11814 corp: 5740/548Kb lim: 4096 exec/s: 65286 rss: 706Mb L: 262/3827 MS: 1 EraseBytes-
#7791272	REDUCE cov: 3752 ft: 11814 corp: 5740/548Kb lim: 4096 exec/s: 65472 rss: 706Mb L: 75/3827 MS: 1 EraseBytes-
#7798654	REDUCE cov: 3752 ft: 11814 corp: 5740/548Kb lim: 4096 exec/s: 65534 rss: 706Mb L: 22/3827 MS: 2 ChangeASCIIInt-EraseBytes-
#7806925	REDUCE cov: 3752 ft: 11814 corp: 5740/548Kb lim: 4096 exec/s: 65604 rss: 706Mb L: 231/3827 MS: 1 EraseBytes-
#7813651	REDUCE cov: 3752 ft: 11814 corp: 5740/548Kb lim: 4096 exec/s: 65113 rss: 706Mb L: 86/3827 MS: 1 EraseBytes-
#7824012	REDUCE cov: 3752 ft: 11814 corp: 5740/548Kb lim: 4096 exec/s: 64661 rss: 706Mb L: 97/3827 MS: 1 EraseBytes-
#7827559	REDUCE cov: 3752 ft: 11814 corp: 5740/548Kb lim: 4096 exec/s: 64690 rss: 706Mb L: 131/3827 MS: 2 ChangeBit-EraseBytes-
#7886530	REDUCE cov: 3752 ft: 11814 corp: 5740/548Kb lim: 4096 exec/s: 65177 rss: 706Mb L: 71/3827 MS: 1 EraseBytes-
#7899266	REDUCE cov: 3752 ft: 11814 corp: 5740/548Kb lim: 4096 exec/s: 64748 rss: 706Mb L: 109/3827 MS: 1 EraseBytes-
#7910062	REDUCE cov: 3752 ft: 11814 corp: 5740/548Kb lim: 4096 exec/s: 64836 rss: 706Mb L: 120/3827 MS: 1 EraseBytes-
#7921183	REDUCE cov: 3752 ft: 11814 corp: 5740/548Kb lim: 4096 exec/s: 64927 rss: 706Mb L: 101/3827 MS: 1 EraseBytes-
#7936139	REDUCE cov: 3752 ft: 11814 corp: 5740/548Kb lim: 4096 exec/s: 65050 rss: 706Mb L: 59/3827 MS: 1 EraseBytes-
#7963897	REDUCE cov: 3752 ft: 11814 corp: 5740/548Kb lim: 4096 exec/s: 64747 rss: 706Mb L: 114/3827 MS: 3 CMP-ChangeASCIIInt-EraseBytes- DE: "\000\000\000\000"-
#7965658	REDUCE cov: 3752 ft: 11814 corp: 5740/548Kb lim: 4096 exec/s: 64761 rss: 706Mb L: 212/3827 MS: 1 EraseBytes-
#7979084	REDUCE cov: 3752 ft: 11814 corp: 5740/548Kb lim: 4096 exec/s: 64870 rss: 706Mb L: 65/3827 MS: 1 EraseBytes-
#7984835	REDUCE cov: 3752 ft: 11814 corp: 5740/548Kb lim: 4096 exec/s: 64917 rss: 706Mb L: 729/3827 MS: 1 EraseBytes-
#7985591	REDUCE cov: 3752 ft: 11814 corp: 5740/548Kb lim: 4096 exec/s: 64923 rss: 706Mb L: 87/3827 MS: 1 EraseBytes-
#7995347	REDUCE cov: 3752 ft: 11814 corp: 5740/548Kb lim: 4096 exec/s: 65002 rss: 706Mb L: 70/3827 MS: 1 EraseBytes-
#8001238	REDUCE cov: 3752 ft: 11814 corp: 5740/548Kb lim: 4096 exec/s: 65050 rss: 706Mb L: 117/3827 MS: 1 EraseBytes-
#8043745	REDUCE cov: 3752 ft: 11814 corp: 5740/548Kb lim: 4096 exec/s: 64868 rss: 706Mb L: 153/3827 MS: 2 ChangeByte-EraseBytes-
#8100481	REDUCE cov: 3752 ft: 11814 corp: 5740/548Kb lim: 4096 exec/s: 64803 rss: 706Mb L: 277/3827 MS: 1 EraseBytes-
#8112147	REDUCE cov: 3752 ft: 11814 corp: 5740/548Kb lim: 4096 exec/s: 64897 rss: 706Mb L: 557/3827 MS: 1 EraseBytes-
#8154138	REDUCE cov: 3752 ft: 11814 corp: 5740/548Kb lim: 4096 exec/s: 64715 rss: 706Mb L: 155/3827 MS: 1 EraseBytes-
#8159850	REDUCE cov: 3752 ft: 11814 corp: 5740/548Kb lim: 4096 exec/s: 64760 rss: 706Mb L: 114/3827 MS: 2 CMP-EraseBytes- DE: "origin"-
#8176485	REDUCE cov: 3752 ft: 11814 corp: 5740/548Kb lim: 4096 exec/s: 64892 rss: 706Mb L: 146/3827 MS: 5 EraseBytes-ShuffleBytes-PersAutoDict-ChangeASCIIInt-InsertByte- DE: "an%hored"-
#8184331	REDUCE cov: 3752 ft: 11814 corp: 5740/548Kb lim: 4096 exec/s: 64955 rss: 706Mb L: 422/3827 MS: 1 EraseBytes-
#8253752	REDUCE cov: 3752 ft: 11815 corp: 5741/548Kb lim: 4096 exec/s: 64990 rss: 706Mb L: 111/3827 MS: 1 CopyPart-
#8263748	REDUCE cov: 3752 ft: 11815 corp: 5741/548Kb lim: 4096 exec/s: 65068 rss: 706Mb L: 79/3827 MS: 1 EraseBytes-
#8336500	REDUCE cov: 3752 ft: 11815 corp: 5741/548Kb lim: 4096 exec/s: 65128 rss: 706Mb L: 118/3827 MS: 2 InsertByte-EraseBytes-
#8339321	REDUCE cov: 3752 ft: 11815 corp: 5741/548Kb lim: 4096 exec/s: 65150 rss: 706Mb L: 615/3827 MS: 1 EraseBytes-
#8357138	REDUCE cov: 3752 ft: 11815 corp: 5741/548Kb lim: 4096 exec/s: 64784 rss: 706Mb L: 108/3827 MS: 2 ShuffleBytes-EraseBytes-
#8364214	REDUCE cov: 3752 ft: 11815 corp: 5741/548Kb lim: 4096 exec/s: 64838 rss: 706Mb L: 55/3827 MS: 1 EraseBytes-
#8367931	REDUCE cov: 3752 ft: 11815 corp: 5741/548Kb lim: 4096 exec/s: 64867 rss: 706Mb L: 421/3827 MS: 2 InsertRepeatedBytes-EraseBytes-
#8370402	REDUCE cov: 3752 ft: 11815 corp: 5741/548Kb lim: 4096 exec/s: 64886 rss: 706Mb L: 599/3827 MS: 1 EraseBytes-
#8373953	REDUCE cov: 3752 ft: 11815 corp: 5741/548Kb lim: 4096 exec/s: 64914 rss: 706Mb L: 197/3827 MS: 1 EraseBytes-
#8376024	REDUCE cov: 3752 ft: 11815 corp: 5741/548Kb lim: 4096 exec/s: 64930 rss: 706Mb L: 494/3827 MS: 1 EraseBytes-
#8388608	pulse  cov: 3752 ft: 11815 corp: 5741/548Kb lim: 4096 exec/s: 65027 rss: 706Mb
#8405570	REDUCE cov: 3752 ft: 11815 corp: 5741/548Kb lim: 4096 exec/s: 64658 rss: 706Mb L: 66/3827 MS: 1 EraseBytes-
#8436711	REDUCE cov: 3752 ft: 11815 corp: 5741/548Kb lim: 4096 exec/s: 64897 rss: 706Mb L: 110/3827 MS: 1 EraseBytes-
#8470542	REDUCE cov: 3752 ft: 11815 corp: 5741/548Kb lim: 4096 exec/s: 65158 rss: 706Mb L: 69/3827 MS: 1 EraseBytes-
#8492593	REDUCE cov: 3752 ft: 11815 corp: 5741/548Kb lim: 4096 exec/s: 65327 rss: 706Mb L: 96/3827 MS: 1 EraseBytes-
#8502884	REDUCE cov: 3752 ft: 11815 corp: 5741/548Kb lim: 4096 exec/s: 64907 rss: 706Mb L: 193/3827 MS: 1 EraseBytes-
#8507035	REDUCE cov: 3752 ft: 11815 corp: 5741/548Kb lim: 4096 exec/s: 64939 rss: 706Mb L: 74/3827 MS: 1 EraseBytes-
#8541221	REDUCE cov: 3752 ft: 11815 corp: 5741/548Kb lim: 4096 exec/s: 65200 rss: 706Mb L: 251/3827 MS: 1 EraseBytes-
#8557102	REDUCE cov: 3752 ft: 11815 corp: 5741/548Kb lim: 4096 exec/s: 65321 rss: 706Mb L: 100/3827 MS: 1 EraseBytes-
#8576203	REDUCE cov: 3752 ft: 11815 corp: 5741/548Kb lim: 4096 exec/s: 64971 rss: 706Mb L: 676/3827 MS: 1 EraseBytes-
#8580174	REDUCE cov: 3752 ft: 11816 corp: 5742/548Kb lim: 4096 exec/s: 65001 rss: 706Mb L: 129/3827 MS: 1 InsertRepeatedBytes-
#8652825	REDUCE cov: 3752 ft: 11816 corp: 5742/548Kb lim: 4096 exec/s: 65058 rss: 706Mb L: 1676/3827 MS: 1 EraseBytes-
#8662931	REDUCE cov: 3752 ft: 11816 corp: 5742/548Kb lim: 4096 exec/s: 65134 rss: 706Mb L: 45/3827 MS: 1 EraseBytes-
#8723672	REDUCE cov: 3752 ft: 11816 corp: 5742/548Kb lim: 4096 exec/s: 65102 rss: 706Mb L: 42/3827 MS: 1 EraseBytes-
#8748083	REDUCE cov: 3752 ft: 11816 corp: 5742/548Kb lim: 4096 exec/s: 65284 rss: 706Mb L: 125/3827 MS: 1 EraseBytes-
#8765311	REDUCE cov: 3752 ft: 11816 corp: 5742/548Kb lim: 4096 exec/s: 65412 rss: 706Mb L: 1006/3827 MS: 3 ChangeBinInt-ShuffleBytes-EraseBytes-
#8783002	REDUCE cov: 3752 ft: 11816 corp: 5742/548Kb lim: 4096 exec/s: 65059 rss: 706Mb L: 85/3827 MS: 1 EraseBytes-
#8790473	REDUCE cov: 3752 ft: 11816 corp: 5742/548Kb lim: 4096 exec/s: 65114 rss: 706Mb L: 11/3827 MS: 1 EraseBytes-
#8794511	REDUCE cov: 3752 ft: 11816 corp: 5742/548Kb lim: 4096 exec/s: 65144 rss: 706Mb L: 265/3827 MS: 3 ChangeASCIIInt-ChangeASCIIInt-EraseBytes-
#8797947	REDUCE cov: 3752 ft: 11816 corp: 5742/547Kb lim: 4096 exec/s: 65169 rss: 706Mb L: 301/3827 MS: 1 EraseBytes-
#8825713	REDUCE cov: 3752 ft: 11816 corp: 5742/547Kb lim: 4096 exec/s: 65375 rss: 706Mb L: 52/3827 MS: 1 EraseBytes-
#8830300	REDUCE cov: 3752 ft: 11816 corp: 5742/547Kb lim: 4096 exec/s: 65409 rss: 706Mb L: 16/3827 MS: 2 ChangeASCIIInt-EraseBytes-
#8833241	REDUCE cov: 3752 ft: 11816 corp: 5742/547Kb lim: 4096 exec/s: 65431 rss: 706Mb L: 50/3827 MS: 1 EraseBytes-
#8838838	REDUCE cov: 3752 ft: 11816 corp: 5742/547Kb lim: 4096 exec/s: 65472 rss: 706Mb L: 67/3827 MS: 2 ShuffleBytes-EraseBytes-
#8870484	REDUCE cov: 3752 ft: 11816 corp: 5742/547Kb lim: 4096 exec/s: 65224 rss: 706Mb L: 45/3827 MS: 1 EraseBytes-
#8903190	REDUCE cov: 3752 ft: 11816 corp: 5742/547Kb lim: 4096 exec/s: 64986 rss: 706Mb L: 170/3827 MS: 1 EraseBytes-
#8942866	REDUCE cov: 3752 ft: 11819 corp: 5743/548Kb lim: 4096 exec/s: 65276 rss: 706Mb L: 224/3827 MS: 1 CrossOver-
#8944777	REDUCE cov: 3752 ft: 11819 corp: 5743/548Kb lim: 4096 exec/s: 65290 rss: 706Mb L: 106/3827 MS: 1 EraseBytes-
#8945079	REDUCE cov: 3752 ft: 11819 corp: 5743/548Kb lim: 4096 exec/s: 65292 rss: 706Mb L: 92/3827 MS: 2 ChangeBinInt-EraseBytes-
#9006271	NEW    cov: 3752 ft: 11820 corp: 5744/548Kb lim: 4096 exec/s: 65262 rss: 706Mb L: 245/3827 MS: 2 InsertRepeatedBytes-EraseBytes-
#9012492	REDUCE cov: 3752 ft: 11820 corp: 5744/548Kb lim: 4096 exec/s: 65307 rss: 706Mb L: 303/3827 MS: 1 EraseBytes-
#9060193	REDUCE cov: 3752 ft: 11820 corp: 5744/548Kb lim: 4096 exec/s: 65653 rss: 706Mb L: 85/3827 MS: 1 EraseBytes-
#9060764	REDUCE cov: 3752 ft: 11820 corp: 5744/548Kb lim: 4096 exec/s: 65657 rss: 706Mb L: 173/3827 MS: 1 EraseBytes-
#9066260	REDUCE cov: 3752 ft: 11820 corp: 5744/548Kb lim: 4096 exec/s: 65697 rss: 706Mb L: 93/3827 MS: 1 EraseBytes-
#9118901	REDUCE cov: 3752 ft: 11820 corp: 5744/548Kb lim: 4096 exec/s: 65603 rss: 706Mb L: 35/3827 MS: 1 EraseBytes-
#9144578	NEW    cov: 3752 ft: 11821 corp: 5745/548Kb lim: 4096 exec/s: 65788 rss: 706Mb L: 215/3827 MS: 2 InsertByte-EraseBytes-
#9211269	REDUCE cov: 3752 ft: 11821 corp: 5745/548Kb lim: 4096 exec/s: 65794 rss: 706Mb L: 339/3827 MS: 1 EraseBytes-
#9222050	NEW    cov: 3752 ft: 11822 corp: 5746/548Kb lim: 4096 exec/s: 65404 rss: 706Mb L: 245/3827 MS: 1 ChangeBit-
#9235953	REDUCE cov: 3752 ft: 11822 corp: 5746/548Kb lim: 4096 exec/s: 65503 rss: 706Mb L: 112/3827 MS: 3 ChangeASCIIInt-ChangeASCIIInt-EraseBytes-
#9257884	REDUCE cov: 3752 ft: 11822 corp: 5746/548Kb lim: 4096 exec/s: 65658 rss: 706Mb L: 59/3827 MS: 1 EraseBytes-
#9278100	REDUCE cov: 3752 ft: 11822 corp: 5746/548Kb lim: 4096 exec/s: 65802 rss: 706Mb L: 41/3827 MS: 1 EraseBytes-
#9305071	REDUCE cov: 3752 ft: 11822 corp: 5746/548Kb lim: 4096 exec/s: 65993 rss: 706Mb L: 227/3827 MS: 1 EraseBytes-
#9305403	REDUCE cov: 3752 ft: 11822 corp: 5746/548Kb lim: 4096 exec/s: 65995 rss: 706Mb L: 37/3827 MS: 2 ChangeByte-EraseBytes-
#9309639	REDUCE cov: 3752 ft: 11822 corp: 5746/548Kb lim: 4096 exec/s: 66025 rss: 706Mb L: 658/3827 MS: 1 EraseBytes-
#9314835	REDUCE cov: 3752 ft: 11822 corp: 5746/548Kb lim: 4096 exec/s: 66062 rss: 706Mb L: 1091/3827 MS: 1 EraseBytes-
#9325526	REDUCE cov: 3752 ft: 11822 corp: 5746/548Kb lim: 4096 exec/s: 65672 rss: 706Mb L: 53/3827 MS: 1 EraseBytes-
#9329688	REDUCE cov: 3752 ft: 11822 corp: 5746/548Kb lim: 4096 exec/s: 65702 rss: 706Mb L: 138/3827 MS: 2 ShuffleBytes-EraseBytes-
#9364849	REDUCE cov: 3752 ft: 11822 corp: 5746/548Kb lim: 4096 exec/s: 65949 rss: 706Mb L: 149/3827 MS: 1 EraseBytes-
#9391275	REDUCE cov: 3752 ft: 11822 corp: 5746/548Kb lim: 4096 exec/s: 66135 rss: 706Mb L: 36/3827 MS: 1 EraseBytes-
#9417247	REDUCE cov: 3752 ft: 11822 corp: 5746/548Kb lim: 4096 exec/s: 65854 rss: 706Mb L: 532/3827 MS: 2 ChangeByte-EraseBytes-
#9427433	REDUCE cov: 3752 ft: 11822 corp: 5746/548Kb lim: 4096 exec/s: 65926 rss: 706Mb L: 110/3827 MS: 1 EraseBytes-
#9430364	REDUCE cov: 3752 ft: 11823 corp: 5747/548Kb lim: 4096 exec/s: 65946 rss: 706Mb L: 149/3827 MS: 1 ChangeByte-
#9446715	REDUCE cov: 3752 ft: 11823 corp: 5747/548Kb lim: 4096 exec/s: 66060 rss: 706Mb L: 38/3827 MS: 1 EraseBytes-
#9451666	REDUCE cov: 3752 ft: 11823 corp: 5747/548Kb lim: 4096 exec/s: 66095 rss: 706Mb L: 717/3827 MS: 1 EraseBytes-
#9474502	REDUCE cov: 3752 ft: 11823 corp: 5747/548Kb lim: 4096 exec/s: 66255 rss: 706Mb L: 1616/3827 MS: 1 EraseBytes-
#9488439	REDUCE cov: 3752 ft: 11823 corp: 5747/548Kb lim: 4096 exec/s: 65891 rss: 706Mb L: 31/3827 MS: 2 ChangeByte-EraseBytes-
#9508900	REDUCE cov: 3752 ft: 11823 corp: 5747/548Kb lim: 4096 exec/s: 66034 rss: 706Mb L: 105/3827 MS: 1 EraseBytes-
#9542531	REDUCE cov: 3752 ft: 11823 corp: 5747/548Kb lim: 4096 exec/s: 66267 rss: 706Mb L: 157/3827 MS: 1 EraseBytes-
#9561207	REDUCE cov: 3752 ft: 11823 corp: 5747/548Kb lim: 4096 exec/s: 66397 rss: 706Mb L: 64/3827 MS: 1 EraseBytes-
#9585418	REDUCE cov: 3752 ft: 11823 corp: 5747/548Kb lim: 4096 exec/s: 66106 rss: 706Mb L: 47/3827 MS: 1 EraseBytes-
#9594007	REDUCE cov: 3752 ft: 11823 corp: 5747/548Kb lim: 4096 exec/s: 66165 rss: 706Mb L: 191/3827 MS: 4 InsertRepeatedBytes-ChangeBinInt-ShuffleBytes-EraseBytes-
#9620059	REDUCE cov: 3752 ft: 11823 corp: 5747/548Kb lim: 4096 exec/s: 66345 rss: 706Mb L: 99/3827 MS: 2 ChangeBit-EraseBytes-
#9635460	REDUCE cov: 3752 ft: 11823 corp: 5747/548Kb lim: 4096 exec/s: 66451 rss: 706Mb L: 183/3827 MS: 1 EraseBytes-
#9638251	REDUCE cov: 3752 ft: 11823 corp: 5747/548Kb lim: 4096 exec/s: 66470 rss: 706Mb L: 325/3827 MS: 1 EraseBytes-
#9639077	REDUCE cov: 3752 ft: 11823 corp: 5747/548Kb lim: 4096 exec/s: 66476 rss: 706Mb L: 70/3827 MS: 1 EraseBytes-
#9646593	REDUCE cov: 3752 ft: 11823 corp: 5747/548Kb lim: 4096 exec/s: 66528 rss: 706Mb L: 240/3827 MS: 1 EraseBytes-
#9659119	REDUCE cov: 3752 ft: 11823 corp: 5747/548Kb lim: 4096 exec/s: 66614 rss: 706Mb L: 144/3827 MS: 1 EraseBytes-
#9674252	REDUCE cov: 3752 ft: 11823 corp: 5747/548Kb lim: 4096 exec/s: 66718 rss: 706Mb L: 1111/3827 MS: 3 ShuffleBytes-ChangeBit-EraseBytes-
#9716933	REDUCE cov: 3752 ft: 11823 corp: 5747/548Kb lim: 4096 exec/s: 66554 rss: 706Mb L: 65/3827 MS: 1 EraseBytes-
#9718584	REDUCE cov: 3752 ft: 11823 corp: 5747/548Kb lim: 4096 exec/s: 66565 rss: 706Mb L: 104/3827 MS: 1 EraseBytes-
#9722871	REDUCE cov: 3752 ft: 11823 corp: 5747/548Kb lim: 4096 exec/s: 66595 rss: 706Mb L: 251/3827 MS: 2 PersAutoDict-EraseBytes- DE: "\000\000\000\000"-
#9763817	REDUCE cov: 3752 ft: 11823 corp: 5747/548Kb lim: 4096 exec/s: 66420 rss: 706Mb L: 84/3827 MS: 1 EraseBytes-
#9765723	REDUCE cov: 3752 ft: 11823 corp: 5747/548Kb lim: 4096 exec/s: 66433 rss: 706Mb L: 139/3827 MS: 1 EraseBytes-
#9782464	REDUCE cov: 3752 ft: 11824 corp: 5748/548Kb lim: 4096 exec/s: 66547 rss: 706Mb L: 186/3827 MS: 1 InsertRepeatedBytes-
#9819030	REDUCE cov: 3752 ft: 11824 corp: 5748/548Kb lim: 4096 exec/s: 66796 rss: 706Mb L: 55/3827 MS: 1 EraseBytes-
#9841422	REDUCE cov: 3752 ft: 11824 corp: 5748/548Kb lim: 4096 exec/s: 66496 rss: 706Mb L: 74/3827 MS: 2 ShuffleBytes-EraseBytes-
#9913275	REDUCE cov: 3752 ft: 11824 corp: 5748/548Kb lim: 4096 exec/s: 66981 rss: 706Mb L: 113/3827 MS: 3 PersAutoDict-ChangeBit-EraseBytes- DE: "4\000\000\000"-
#9932711	REDUCE cov: 3752 ft: 11824 corp: 5748/548Kb lim: 4096 exec/s: 66662 rss: 706Mb L: 111/3827 MS: 1 EraseBytes-
#9941308	REDUCE cov: 3752 ft: 11824 corp: 5748/548Kb lim: 4096 exec/s: 66720 rss: 706Mb L: 123/3827 MS: 2 CMP-EraseBytes- DE: "id"-
#9997909	REDUCE cov: 3752 ft: 11824 corp: 5748/548Kb lim: 4096 exec/s: 67100 rss: 706Mb L: 58/3827 MS: 1 EraseBytes-
#10004618	REDUCE cov: 3752 ft: 11824 corp: 5748/548Kb lim: 4096 exec/s: 67145 rss: 706Mb L: 1302/3827 MS: 4 CopyPart-ChangeBit-PersAutoDict-EraseBytes- DE: "an%hored"-
#10019464	REDUCE cov: 3752 ft: 11824 corp: 5748/548Kb lim: 4096 exec/s: 67244 rss: 706Mb L: 100/3827 MS: 1 EraseBytes-
#10047655	REDUCE cov: 3752 ft: 11824 corp: 5748/548Kb lim: 4096 exec/s: 66984 rss: 706Mb L: 174/3827 MS: 1 EraseBytes-
#10047929	REDUCE cov: 3752 ft: 11824 corp: 5748/548Kb lim: 4096 exec/s: 66986 rss: 706Mb L: 148/3827 MS: 4 EraseBytes-ShuffleBytes-ShuffleBytes-CopyPart-
#10072280	REDUCE cov: 3752 ft: 11824 corp: 5748/548Kb lim: 4096 exec/s: 67148 rss: 706Mb L: 68/3827 MS: 1 EraseBytes-
#10090393	REDUCE cov: 3752 ft: 11824 corp: 5748/548Kb lim: 4096 exec/s: 67269 rss: 706Mb L: 69/3827 MS: 3 ShuffleBytes-ChangeBit-EraseBytes-
#10119284	REDUCE cov: 3752 ft: 11824 corp: 5748/548Kb lim: 4096 exec/s: 67015 rss: 706Mb L: 89/3827 MS: 1 EraseBytes-
#10121385	REDUCE cov: 3752 ft: 11824 corp: 5748/548Kb lim: 4096 exec/s: 67029 rss: 706Mb L: 210/3827 MS: 1 EraseBytes-
#10133146	REDUCE cov: 3752 ft: 11824 corp: 5748/548Kb lim: 4096 exec/s: 67106 rss: 706Mb L: 117/3827 MS: 1 EraseBytes-
#10139962	REDUCE cov: 3752 ft: 11824 corp: 5748/548Kb lim: 4096 exec/s: 67152 rss: 706Mb L: 350/3827 MS: 1 EraseBytes-
#10163023	REDUCE cov: 3752 ft: 11824 corp: 5748/548Kb lim: 4096 exec/s: 67304 rss: 706Mb L: 167/3827 MS: 1 EraseBytes-
#10166840	REDUCE cov: 3752 ft: 11824 corp: 5748/548Kb lim: 4096 exec/s: 67330 rss: 706Mb L: 126/3827 MS: 2 ShuffleBytes-EraseBytes-
#10171142	REDUCE cov: 3752 ft: 11824 corp: 5748/548Kb lim: 4096 exec/s: 67358 rss: 706Mb L: 172/3827 MS: 2 InsertByte-EraseBytes-
#10182538	REDUCE cov: 3752 ft: 11824 corp: 5748/548Kb lim: 4096 exec/s: 67434 rss: 706Mb L: 58/3827 MS: 1 EraseBytes-
#10183239	REDUCE cov: 3752 ft: 11824 corp: 5748/548Kb lim: 4096 exec/s: 67438 rss: 706Mb L: 100/3827 MS: 1 EraseBytes-
#10206927	REDUCE cov: 3752 ft: 11824 corp: 5748/548Kb lim: 4096 exec/s: 67150 rss: 706Mb L: 15/3827 MS: 3 ShuffleBytes-ChangeASCIIInt-EraseBytes-
#10209903	REDUCE cov: 3752 ft: 11824 corp: 5748/548Kb lim: 4096 exec/s: 67170 rss: 706Mb L: 43/3827 MS: 1 EraseBytes-
#10223834	REDUCE cov: 3752 ft: 11824 corp: 5748/548Kb lim: 4096 exec/s: 67262 rss: 706Mb L: 134/3827 MS: 1 EraseBytes-
#10234170	REDUCE cov: 3752 ft: 11824 corp: 5748/548Kb lim: 4096 exec/s: 67330 rss: 706Mb L: 10/3827 MS: 1 EraseBytes-
#10238166	REDUCE cov: 3752 ft: 11824 corp: 5748/548Kb lim: 4096 exec/s: 67356 rss: 706Mb L: 38/3827 MS: 1 EraseBytes-
#10242687	REDUCE cov: 3752 ft: 11824 corp: 5748/548Kb lim: 4096 exec/s: 67386 rss: 706Mb L: 619/3827 MS: 1 EraseBytes-
#10284809	REDUCE cov: 3752 ft: 11824 corp: 5748/548Kb lim: 4096 exec/s: 67220 rss: 706Mb L: 100/3827 MS: 2 ChangeBinInt-EraseBytes-
#10289750	REDUCE cov: 3752 ft: 11824 corp: 5748/548Kb lim: 4096 exec/s: 67253 rss: 706Mb L: 63/3827 MS: 1 EraseBytes-
#10292166	REDUCE cov: 3752 ft: 11824 corp: 5748/548Kb lim: 4096 exec/s: 67269 rss: 706Mb L: 178/3827 MS: 1 EraseBytes-
#10297972	REDUCE cov: 3752 ft: 11824 corp: 5748/548Kb lim: 4096 exec/s: 67307 rss: 706Mb L: 139/3827 MS: 1 EraseBytes-
#10350438	REDUCE cov: 3752 ft: 11824 corp: 5748/548Kb lim: 4096 exec/s: 67649 rss: 706Mb L: 40/3827 MS: 1 EraseBytes-
#10370779	REDUCE cov: 3752 ft: 11824 corp: 5748/548Kb lim: 4096 exec/s: 67782 rss: 706Mb L: 128/3827 MS: 1 EraseBytes-
#10408961	REDUCE cov: 3752 ft: 11824 corp: 5748/548Kb lim: 4096 exec/s: 67590 rss: 706Mb L: 30/3827 MS: 2 ChangeBinInt-EraseBytes-
#10426868	REDUCE cov: 3752 ft: 11824 corp: 5748/548Kb lim: 4096 exec/s: 67706 rss: 706Mb L: 155/3827 MS: 2 InsertRepeatedBytes-EraseBytes-
#10436010	REDUCE cov: 3752 ft: 11824 corp: 5748/548Kb lim: 4096 exec/s: 67766 rss: 706Mb L: 81/3827 MS: 2 CMP-EraseBytes- DE: "\000\000\000\000"-
#10447412	REDUCE cov: 3752 ft: 11824 corp: 5748/548Kb lim: 4096 exec/s: 67840 rss: 706Mb L: 230/3827 MS: 2 EraseBytes-CopyPart-
#10450259	REDUCE cov: 3752 ft: 11824 corp: 5748/548Kb lim: 4096 exec/s: 67858 rss: 706Mb L: 586/3827 MS: 2 ChangeASCIIInt-EraseBytes-
#10458351	REDUCE cov: 3752 ft: 11824 corp: 5748/548Kb lim: 4096 exec/s: 67911 rss: 706Mb L: 84/3827 MS: 2 ShuffleBytes-EraseBytes-
#10488497	REDUCE cov: 3752 ft: 11824 corp: 5748/548Kb lim: 4096 exec/s: 67667 rss: 706Mb L: 1270/3827 MS: 1 EraseBytes-
#10493613	REDUCE cov: 3752 ft: 11824 corp: 5748/548Kb lim: 4096 exec/s: 67700 rss: 706Mb L: 925/3827 MS: 1 EraseBytes-
#10556784	REDUCE cov: 3752 ft: 11824 corp: 5748/548Kb lim: 4096 exec/s: 68108 rss: 706Mb L: 65/3827 MS: 1 EraseBytes-
#10567365	REDUCE cov: 3752 ft: 11824 corp: 5748/548Kb lim: 4096 exec/s: 68176 rss: 706Mb L: 59/3827 MS: 1 EraseBytes-
#10577606	REDUCE cov: 3752 ft: 11824 corp: 5748/548Kb lim: 4096 exec/s: 67805 rss: 706Mb L: 90/3827 MS: 1 EraseBytes-
#10606357	REDUCE cov: 3752 ft: 11824 corp: 5748/548Kb lim: 4096 exec/s: 67989 rss: 706Mb L: 36/3827 MS: 1 EraseBytes-
#10611158	REDUCE cov: 3752 ft: 11824 corp: 5748/548Kb lim: 4096 exec/s: 68020 rss: 706Mb L: 141/3827 MS: 1 EraseBytes-
#10645774	REDUCE cov: 3752 ft: 11824 corp: 5748/548Kb lim: 4096 exec/s: 67807 rss: 706Mb L: 210/3827 MS: 1 EraseBytes-
#10671975	REDUCE cov: 3752 ft: 11824 corp: 5748/548Kb lim: 4096 exec/s: 67974 rss: 706Mb L: 123/3827 MS: 1 EraseBytes-
#10681317	REDUCE cov: 3752 ft: 11824 corp: 5748/548Kb lim: 4096 exec/s: 68033 rss: 706Mb L: 35/3827 MS: 2 ChangeByte-EraseBytes-
#10701933	REDUCE cov: 3752 ft: 11824 corp: 5748/548Kb lim: 4096 exec/s: 68165 rss: 706Mb L: 77/3827 MS: 1 EraseBytes-
#10702009	REDUCE cov: 3752 ft: 11824 corp: 5748/548Kb lim: 4096 exec/s: 68165 rss: 706Mb L: 96/3827 MS: 1 EraseBytes-
#10707395	REDUCE cov: 3752 ft: 11824 corp: 5748/548Kb lim: 4096 exec/s: 68199 rss: 706Mb L: 47/3827 MS: 1 EraseBytes-
#10709832	REDUCE cov: 3752 ft: 11824 corp: 5748/548Kb lim: 4096 exec/s: 68215 rss: 706Mb L: 96/3827 MS: 2 ChangeBit-EraseBytes-
#10717978	REDUCE cov: 3752 ft: 11824 corp: 5748/548Kb lim: 4096 exec/s: 68267 rss: 706Mb L: 89/3827 MS: 1 EraseBytes-
#10739029	REDUCE cov: 3752 ft: 11824 corp: 5748/548Kb lim: 4096 exec/s: 67968 rss: 706Mb L: 91/3827 MS: 1 EraseBytes-
#10742670	REDUCE cov: 3752 ft: 11824 corp: 5748/548Kb lim: 4096 exec/s: 67991 rss: 706Mb L: 125/3827 MS: 1 EraseBytes-
#10745966	NEW    cov: 3752 ft: 11825 corp: 5749/548Kb lim: 4096 exec/s: 68012 rss: 706Mb L: 224/3827 MS: 1 ChangeByte-
#10751158	REDUCE cov: 3752 ft: 11825 corp: 5749/548Kb lim: 4096 exec/s: 68045 rss: 706Mb L: 1051/3827 MS: 2 ShuffleBytes-EraseBytes-
#10756696	REDUCE cov: 3752 ft: 11825 corp: 5749/548Kb lim: 4096 exec/s: 68080 rss: 706Mb L: 110/3827 MS: 3 PersAutoDict-InsertRepeatedBytes-EraseBytes- DE: "parmnt"-
#10798012	REDUCE cov: 3752 ft: 11825 corp: 5749/548Kb lim: 4096 exec/s: 68341 rss: 706Mb L: 59/3827 MS: 1 EraseBytes-
#10840418	REDUCE cov: 3752 ft: 11825 corp: 5749/548Kb lim: 4096 exec/s: 68178 rss: 706Mb L: 158/3827 MS: 1 EraseBytes-
#10871889	REDUCE cov: 3752 ft: 11825 corp: 5749/548Kb lim: 4096 exec/s: 67949 rss: 706Mb L: 171/3827 MS: 1 EraseBytes-
#10874320	REDUCE cov: 3752 ft: 11825 corp: 5749/548Kb lim: 4096 exec/s: 67964 rss: 706Mb L: 279/3827 MS: 1 EraseBytes-
#10877931	REDUCE cov: 3752 ft: 11825 corp: 5749/548Kb lim: 4096 exec/s: 67987 rss: 706Mb L: 115/3827 MS: 1 EraseBytes-
#10880037	REDUCE cov: 3752 ft: 11825 corp: 5749/548Kb lim: 4096 exec/s: 68000 rss: 706Mb L: 2826/3827 MS: 1 EraseBytes-
#10900398	REDUCE cov: 3752 ft: 11825 corp: 5749/548Kb lim: 4096 exec/s: 67704 rss: 706Mb L: 186/3827 MS: 1 EraseBytes-
#10942624	REDUCE cov: 3752 ft: 11825 corp: 5749/548Kb lim: 4096 exec/s: 67966 rss: 706Mb L: 101/3827 MS: 1 EraseBytes-
#10962260	REDUCE cov: 3752 ft: 11825 corp: 5749/548Kb lim: 4096 exec/s: 68088 rss: 706Mb L: 1545/3827 MS: 1 EraseBytes-
#10970566	REDUCE cov: 3752 ft: 11825 corp: 5749/548Kb lim: 4096 exec/s: 67719 rss: 706Mb L: 115/3827 MS: 1 EraseBytes-
#10981557	REDUCE cov: 3752 ft: 11825 corp: 5749/548Kb lim: 4096 exec/s: 67787 rss: 706Mb L: 172/3827 MS: 1 EraseBytes-
#11008113	REDUCE cov: 3752 ft: 11825 corp: 5749/548Kb lim: 4096 exec/s: 67951 rss: 706Mb L: 97/3827 MS: 1 EraseBytes-
#11025039	REDUCE cov: 3752 ft: 11825 corp: 5749/548Kb lim: 4096 exec/s: 68055 rss: 706Mb L: 140/3827 MS: 1 EraseBytes-
#11026865	REDUCE cov: 3752 ft: 11825 corp: 5749/548Kb lim: 4096 exec/s: 68067 rss: 706Mb L: 110/3827 MS: 1 EraseBytes-
#11041111	REDUCE cov: 3752 ft: 11825 corp: 5749/548Kb lim: 4096 exec/s: 67736 rss: 706Mb L: 61/3827 MS: 1 EraseBytes-
#11061382	REDUCE cov: 3752 ft: 11826 corp: 5750/548Kb lim: 4096 exec/s: 67861 rss: 706Mb L: 115/3827 MS: 1 CrossOver-
#11082208	REDUCE cov: 3752 ft: 11826 corp: 5750/548Kb lim: 4096 exec/s: 67989 rss: 706Mb L: 254/3827 MS: 1 EraseBytes-
#11086694	REDUCE cov: 3752 ft: 11826 corp: 5750/548Kb lim: 4096 exec/s: 68016 rss: 706Mb L: 108/3827 MS: 1 EraseBytes-
#11092637	REDUCE cov: 3752 ft: 11826 corp: 5750/548Kb lim: 4096 exec/s: 67638 rss: 706Mb L: 90/3827 MS: 3 CopyPart-CopyPart-EraseBytes-
#11137498	REDUCE cov: 3752 ft: 11826 corp: 5750/548Kb lim: 4096 exec/s: 67911 rss: 706Mb L: 79/3827 MS: 1 EraseBytes-
#11144461	REDUCE cov: 3752 ft: 11826 corp: 5750/548Kb lim: 4096 exec/s: 67954 rss: 706Mb L: 214/3827 MS: 3 InsertByte-ChangeASCIIInt-EraseBytes-
#11146247	REDUCE cov: 3752 ft: 11826 corp: 5750/548Kb lim: 4096 exec/s: 67964 rss: 706Mb L: 52/3827 MS: 1 EraseBytes-
#11179323	REDUCE cov: 3752 ft: 11826 corp: 5750/548Kb lim: 4096 exec/s: 68166 rss: 706Mb L: 37/3827 MS: 1 EraseBytes-
#11184799	REDUCE cov: 3752 ft: 11826 corp: 5750/548Kb lim: 4096 exec/s: 68199 rss: 706Mb L: 345/3827 MS: 1 EraseBytes-
#11189735	REDUCE cov: 3752 ft: 11826 corp: 5750/548Kb lim: 4096 exec/s: 68230 rss: 706Mb L: 101/3827 MS: 1 EraseBytes-
#11198251	REDUCE cov: 3752 ft: 11826 corp: 5750/548Kb lim: 4096 exec/s: 67868 rss: 706Mb L: 310/3827 MS: 1 EraseBytes-
#11200577	REDUCE cov: 3752 ft: 11826 corp: 5750/548Kb lim: 4096 exec/s: 67882 rss: 706Mb L: 98/3827 MS: 1 EraseBytes-
#11276698	REDUCE cov: 3752 ft: 11826 corp: 5750/548Kb lim: 4096 exec/s: 67931 rss: 706Mb L: 124/3827 MS: 1 EraseBytes-
#11336069	REDUCE cov: 3752 ft: 11826 corp: 5750/548Kb lim: 4096 exec/s: 67880 rss: 706Mb L: 73/3827 MS: 1 EraseBytes-
#11339560	REDUCE cov: 3752 ft: 11826 corp: 5750/548Kb lim: 4096 exec/s: 67901 rss: 706Mb L: 610/3827 MS: 1 EraseBytes-
#11341361	REDUCE cov: 3752 ft: 11826 corp: 5750/548Kb lim: 4096 exec/s: 67912 rss: 706Mb L: 113/3827 MS: 1 EraseBytes-
#11355108	REDUCE cov: 3752 ft: 11826 corp: 5750/548Kb lim: 4096 exec/s: 67994 rss: 706Mb L: 98/3827 MS: 2 ChangeBinInt-EraseBytes-
#11368094	NEW    cov: 3752 ft: 11827 corp: 5751/548Kb lim: 4096 exec/s: 68072 rss: 706Mb L: 319/3827 MS: 1 CopyPart-
#11369035	REDUCE cov: 3752 ft: 11827 corp: 5751/548Kb lim: 4096 exec/s: 68078 rss: 706Mb L: 154/3827 MS: 1 EraseBytes-
#11383761	REDUCE cov: 3752 ft: 11827 corp: 5751/548Kb lim: 4096 exec/s: 68166 rss: 706Mb L: 119/3827 MS: 1 EraseBytes-
#11428022	REDUCE cov: 3752 ft: 11827 corp: 5751/548Kb lim: 4096 exec/s: 68023 rss: 706Mb L: 47/3827 MS: 1 EraseBytes-
#11439638	REDUCE cov: 3752 ft: 11827 corp: 5751/548Kb lim: 4096 exec/s: 68093 rss: 706Mb L: 94/3827 MS: 1 EraseBytes-
#11470424	REDUCE cov: 3752 ft: 11827 corp: 5751/548Kb lim: 4096 exec/s: 67872 rss: 706Mb L: 49/3827 MS: 1 EraseBytes-
#11556991	REDUCE cov: 3752 ft: 11827 corp: 5751/548Kb lim: 4096 exec/s: 67982 rss: 706Mb L: 102/3827 MS: 2 InsertByte-EraseBytes-
#11589368	REDUCE cov: 3752 ft: 11827 corp: 5751/548Kb lim: 4096 exec/s: 68172 rss: 706Mb L: 762/3827 MS: 2 ChangeASCIIInt-EraseBytes-
#11607790	REDUCE cov: 3752 ft: 11827 corp: 5751/548Kb lim: 4096 exec/s: 67881 rss: 706Mb L: 78/3827 MS: 2 ChangeASCIIInt-EraseBytes-
#11608262	REDUCE cov: 3752 ft: 11827 corp: 5751/548Kb lim: 4096 exec/s: 67884 rss: 706Mb L: 119/3827 MS: 2 InsertByte-EraseBytes-
#11632919	REDUCE cov: 3752 ft: 11827 corp: 5751/548Kb lim: 4096 exec/s: 68028 rss: 706Mb L: 1498/3827 MS: 2 EraseBytes-ShuffleBytes-
#11637310	REDUCE cov: 3752 ft: 11827 corp: 5751/548Kb lim: 4096 exec/s: 68054 rss: 706Mb L: 863/3827 MS: 1 EraseBytes-
#11660549	REDUCE cov: 3752 ft: 11827 corp: 5751/548Kb lim: 4096 exec/s: 68190 rss: 706Mb L: 73/3827 MS: 4 ChangeASCIIInt-ChangeASCIIInt-ChangeASCIIInt-EraseBytes-
#11663451	REDUCE cov: 3752 ft: 11827 corp: 5751/548Kb lim: 4096 exec/s: 68207 rss: 706Mb L: 35/3827 MS: 2 InsertByte-EraseBytes-
#11672387	REDUCE cov: 3752 ft: 11827 corp: 5751/548Kb lim: 4096 exec/s: 68259 rss: 706Mb L: 65/3827 MS: 1 EraseBytes-
#11718403	REDUCE cov: 3752 ft: 11827 corp: 5751/548Kb lim: 4096 exec/s: 68130 rss: 706Mb L: 72/3827 MS: 1 EraseBytes-
#11721534	REDUCE cov: 3752 ft: 11827 corp: 5751/548Kb lim: 4096 exec/s: 68148 rss: 706Mb L: 102/3827 MS: 1 EraseBytes-
#11739607	REDUCE cov: 3752 ft: 11827 corp: 5751/548Kb lim: 4096 exec/s: 67859 rss: 706Mb L: 257/3827 MS: 3 InsertRepeatedBytes-InsertByte-EraseBytes-
#11747173	REDUCE cov: 3752 ft: 11827 corp: 5751/548Kb lim: 4096 exec/s: 67902 rss: 706Mb L: 2419/3827 MS: 1 EraseBytes-
#11749024	REDUCE cov: 3752 ft: 11827 corp: 5751/548Kb lim: 4096 exec/s: 67913 rss: 706Mb L: 396/3827 MS: 1 EraseBytes-
#11789176	REDUCE cov: 3752 ft: 11827 corp: 5751/548Kb lim: 4096 exec/s: 68145 rss: 706Mb L: 58/3827 MS: 2 CopyPart-EraseBytes-
#11793702	REDUCE cov: 3752 ft: 11827 corp: 5751/548Kb lim: 4096 exec/s: 68171 rss: 706Mb L: 3553/3827 MS: 1 EraseBytes-
#11801138	REDUCE cov: 3752 ft: 11827 corp: 5751/548Kb lim: 4096 exec/s: 67822 rss: 706Mb L: 55/3827 MS: 1 EraseBytes-
#11825024	REDUCE cov: 3752 ft: 11827 corp: 5751/548Kb lim: 4096 exec/s: 67959 rss: 706Mb L: 68/3827 MS: 1 EraseBytes-
#11827935	REDUCE cov: 3752 ft: 11827 corp: 5751/548Kb lim: 4096 exec/s: 67976 rss: 706Mb L: 110/3827 MS: 1 EraseBytes-
#11859556	REDUCE cov: 3752 ft: 11827 corp: 5751/548Kb lim: 4096 exec/s: 68158 rss: 706Mb L: 87/3827 MS: 1 EraseBytes-
#11886237	REDUCE cov: 3752 ft: 11827 corp: 5751/548Kb lim: 4096 exec/s: 68311 rss: 706Mb L: 63/3827 MS: 1 EraseBytes-
#11936498	REDUCE cov: 3752 ft: 11827 corp: 5751/548Kb lim: 4096 exec/s: 68208 rss: 706Mb L: 434/3827 MS: 1 EraseBytes-
#11952060	REDUCE cov: 3752 ft: 11827 corp: 5751/548Kb lim: 4096 exec/s: 68297 rss: 706Mb L: 102/3827 MS: 2 CrossOver-EraseBytes-
#11964511	REDUCE cov: 3752 ft: 11827 corp: 5751/548Kb lim: 4096 exec/s: 67980 rss: 706Mb L: 196/3827 MS: 1 EraseBytes-
#11993987	REDUCE cov: 3752 ft: 11827 corp: 5751/548Kb lim: 4096 exec/s: 68147 rss: 706Mb L: 309/3827 MS: 1 EraseBytes-
#11999208	REDUCE cov: 3752 ft: 11827 corp: 5751/548Kb lim: 4096 exec/s: 68177 rss: 706Mb L: 79/3827 MS: 1 EraseBytes-
#12002384	REDUCE cov: 3752 ft: 11827 corp: 5751/548Kb lim: 4096 exec/s: 68195 rss: 706Mb L: 156/3827 MS: 1 EraseBytes-
#12024431	REDUCE cov: 3752 ft: 11827 corp: 5751/548Kb lim: 4096 exec/s: 68320 rss: 706Mb L: 195/3827 MS: 2 ShuffleBytes-EraseBytes-
#12028937	REDUCE cov: 3752 ft: 11827 corp: 5751/548Kb lim: 4096 exec/s: 67960 rss: 706Mb L: 67/3827 MS: 1 EraseBytes-
#12030048	REDUCE cov: 3752 ft: 11827 corp: 5751/548Kb lim: 4096 exec/s: 67966 rss: 706Mb L: 78/3827 MS: 1 EraseBytes-
#12052114	REDUCE cov: 3752 ft: 11827 corp: 5751/548Kb lim: 4096 exec/s: 68091 rss: 706Mb L: 85/3827 MS: 1 EraseBytes-
#12057281	REDUCE cov: 3752 ft: 11827 corp: 5751/548Kb lim: 4096 exec/s: 68120 rss: 706Mb L: 78/3827 MS: 2 ShuffleBytes-EraseBytes-
#12069172	REDUCE cov: 3752 ft: 11827 corp: 5751/548Kb lim: 4096 exec/s: 68187 rss: 706Mb L: 94/3827 MS: 1 EraseBytes-
#12072758	REDUCE cov: 3752 ft: 11827 corp: 5751/548Kb lim: 4096 exec/s: 68207 rss: 706Mb L: 241/3827 MS: 1 EraseBytes-
#12072944	REDUCE cov: 3752 ft: 11827 corp: 5751/548Kb lim: 4096 exec/s: 68208 rss: 706Mb L: 1239/3827 MS: 1 EraseBytes-
#12073265	REDUCE cov: 3752 ft: 11827 corp: 5751/548Kb lim: 4096 exec/s: 68210 rss: 706Mb L: 83/3827 MS: 1 EraseBytes-
#12082871	REDUCE cov: 3752 ft: 11827 corp: 5751/548Kb lim: 4096 exec/s: 68264 rss: 706Mb L: 77/3827 MS: 1 EraseBytes-
#12103703	REDUCE cov: 3752 ft: 11827 corp: 5751/548Kb lim: 4096 exec/s: 67998 rss: 706Mb L: 852/3827 MS: 1 EraseBytes-
#12121600	REDUCE cov: 3752 ft: 11827 corp: 5751/548Kb lim: 4096 exec/s: 68098 rss: 706Mb L: 103/3827 MS: 2 ChangeBit-EraseBytes-
#12130521	REDUCE cov: 3752 ft: 11827 corp: 5751/548Kb lim: 4096 exec/s: 68148 rss: 706Mb L: 148/3827 MS: 1 EraseBytes-
#12142902	REDUCE cov: 3752 ft: 11827 corp: 5751/548Kb lim: 4096 exec/s: 68218 rss: 706Mb L: 59/3827 MS: 1 EraseBytes-
#12185558	REDUCE cov: 3752 ft: 11827 corp: 5751/548Kb lim: 4096 exec/s: 68075 rss: 706Mb L: 94/3827 MS: 1 EraseBytes-
#12202990	REDUCE cov: 3752 ft: 11827 corp: 5751/548Kb lim: 4096 exec/s: 68173 rss: 706Mb L: 2624/3827 MS: 1 EraseBytes-
#12235162	REDUCE cov: 3752 ft: 11827 corp: 5751/548Kb lim: 4096 exec/s: 68352 rss: 706Mb L: 77/3827 MS: 2 ChangeBinInt-EraseBytes-
#12247209	REDUCE cov: 3752 ft: 11827 corp: 5751/548Kb lim: 4096 exec/s: 68040 rss: 706Mb L: 192/3827 MS: 2 ShuffleBytes-EraseBytes-
#12248995	REDUCE cov: 3752 ft: 11827 corp: 5751/548Kb lim: 4096 exec/s: 68049 rss: 706Mb L: 7/3827 MS: 1 EraseBytes-
#12254456	NEW    cov: 3754 ft: 11829 corp: 5752/548Kb lim: 4096 exec/s: 68080 rss: 706Mb L: 153/3827 MS: 1 CrossOver-
#12291407	REDUCE cov: 3754 ft: 11829 corp: 5752/548Kb lim: 4096 exec/s: 68285 rss: 706Mb L: 79/3827 MS: 1 EraseBytes-
#12294003	REDUCE cov: 3754 ft: 11829 corp: 5752/548Kb lim: 4096 exec/s: 67922 rss: 706Mb L: 35/3827 MS: 1 EraseBytes-
#12304819	REDUCE cov: 3754 ft: 11829 corp: 5752/548Kb lim: 4096 exec/s: 67982 rss: 706Mb L: 213/3827 MS: 1 EraseBytes-
#12325266	REDUCE cov: 3754 ft: 11829 corp: 5752/548Kb lim: 4096 exec/s: 68095 rss: 706Mb L: 112/3827 MS: 2 ShuffleBytes-EraseBytes-
#12363032	REDUCE cov: 3754 ft: 11829 corp: 5752/548Kb lim: 4096 exec/s: 68304 rss: 706Mb L: 816/3827 MS: 1 EraseBytes-
#12364058	REDUCE cov: 3754 ft: 11829 corp: 5752/548Kb lim: 4096 exec/s: 68309 rss: 706Mb L: 1110/3827 MS: 1 EraseBytes-
#12405419	REDUCE cov: 3754 ft: 11829 corp: 5752/548Kb lim: 4096 exec/s: 68161 rss: 706Mb L: 84/3827 MS: 1 EraseBytes-
#12419211	REDUCE cov: 3754 ft: 11829 corp: 5752/548Kb lim: 4096 exec/s: 67864 rss: 706Mb L: 6/3827 MS: 2 ChangeASCIIInt-EraseBytes-
#12436097	REDUCE cov: 3754 ft: 11829 corp: 5752/548Kb lim: 4096 exec/s: 67956 rss: 706Mb L: 111/3827 MS: 1 EraseBytes-
#12442333	REDUCE cov: 3754 ft: 11829 corp: 5752/548Kb lim: 4096 exec/s: 67990 rss: 706Mb L: 809/3827 MS: 1 EraseBytes-
#12445319	REDUCE cov: 3754 ft: 11829 corp: 5752/548Kb lim: 4096 exec/s: 68007 rss: 706Mb L: 493/3827 MS: 1 EraseBytes-
#12501006	REDUCE cov: 3755 ft: 11830 corp: 5753/548Kb lim: 4096 exec/s: 67940 rss: 706Mb L: 104/3827 MS: 1 InsertByte-
#12503527	REDUCE cov: 3755 ft: 11830 corp: 5753/548Kb lim: 4096 exec/s: 67953 rss: 706Mb L: 409/3827 MS: 1 EraseBytes-
#12529768	REDUCE cov: 3755 ft: 11830 corp: 5753/548Kb lim: 4096 exec/s: 68096 rss: 706Mb L: 172/3827 MS: 1 EraseBytes-
#12531916	REDUCE cov: 3755 ft: 11830 corp: 5753/548Kb lim: 4096 exec/s: 68108 rss: 706Mb L: 9/3827 MS: 3 ChangeBit-CopyPart-EraseBytes-
#12551372	REDUCE cov: 3755 ft: 11830 corp: 5753/548Kb lim: 4096 exec/s: 68213 rss: 706Mb L: 70/3827 MS: 1 EraseBytes-
#12556128	REDUCE cov: 3755 ft: 11830 corp: 5753/548Kb lim: 4096 exec/s: 68239 rss: 706Mb L: 69/3827 MS: 1 EraseBytes-
#12571729	REDUCE cov: 3755 ft: 11830 corp: 5753/548Kb lim: 4096 exec/s: 68324 rss: 706Mb L: 251/3827 MS: 1 EraseBytes-
#12574850	REDUCE cov: 3755 ft: 11830 corp: 5753/548Kb lim: 4096 exec/s: 68341 rss: 706Mb L: 99/3827 MS: 1 EraseBytes-
#12588832	REDUCE cov: 3755 ft: 11830 corp: 5753/548Kb lim: 4096 exec/s: 68047 rss: 706Mb L: 138/3827 MS: 2 ChangeByte-EraseBytes-
#12593718	REDUCE cov: 3755 ft: 11830 corp: 5753/548Kb lim: 4096 exec/s: 68074 rss: 706Mb L: 110/3827 MS: 1 EraseBytes-
#12598704	REDUCE cov: 3755 ft: 11830 corp: 5753/548Kb lim: 4096 exec/s: 68101 rss: 706Mb L: 1550/3827 MS: 1 EraseBytes-
#12602605	REDUCE cov: 3755 ft: 11830 corp: 5753/548Kb lim: 4096 exec/s: 68122 rss: 706Mb L: 137/3827 MS: 1 EraseBytes-
#12615316	REDUCE cov: 3755 ft: 11830 corp: 5753/548Kb lim: 4096 exec/s: 68190 rss: 706Mb L: 57/3827 MS: 1 EraseBytes-
#12627417	REDUCE cov: 3755 ft: 11830 corp: 5753/548Kb lim: 4096 exec/s: 67889 rss: 706Mb L: 281/3827 MS: 1 EraseBytes-
#12630263	REDUCE cov: 3755 ft: 11830 corp: 5753/548Kb lim: 4096 exec/s: 67904 rss: 706Mb L: 121/3827 MS: 1 EraseBytes-
#12638309	REDUCE cov: 3755 ft: 11830 corp: 5753/548Kb lim: 4096 exec/s: 67947 rss: 706Mb L: 271/3827 MS: 1 EraseBytes-
#12680440	NEW    cov: 3755 ft: 11832 corp: 5754/548Kb lim: 4096 exec/s: 67809 rss: 706Mb L: 128/3827 MS: 1 CrossOver-
#12711108	REDUCE cov: 3755 ft: 11832 corp: 5754/548Kb lim: 4096 exec/s: 67973 rss: 706Mb L: 98/3827 MS: 3 ShuffleBytes-CopyPart-EraseBytes-
#12713699	REDUCE cov: 3755 ft: 11832 corp: 5754/548Kb lim: 4096 exec/s: 67987 rss: 706Mb L: 196/3827 MS: 1 EraseBytes-
#12726720	REDUCE cov: 3755 ft: 11832 corp: 5754/548Kb lim: 4096 exec/s: 68057 rss: 706Mb L: 375/3827 MS: 1 EraseBytes-
#12749056	REDUCE cov: 3755 ft: 11832 corp: 5754/548Kb lim: 4096 exec/s: 68176 rss: 706Mb L: 66/3827 MS: 1 EraseBytes-
#12752402	REDUCE cov: 3755 ft: 11832 corp: 5754/548Kb lim: 4096 exec/s: 67831 rss: 706Mb L: 159/3827 MS: 1 EraseBytes-
#12758973	REDUCE cov: 3755 ft: 11832 corp: 5754/548Kb lim: 4096 exec/s: 67866 rss: 706Mb L: 195/3827 MS: 1 EraseBytes-
#12809290	REDUCE cov: 3755 ft: 11832 corp: 5754/548Kb lim: 4096 exec/s: 67774 rss: 706Mb L: 39/3827 MS: 2 CopyPart-EraseBytes-
#12828752	REDUCE cov: 3755 ft: 11832 corp: 5754/548Kb lim: 4096 exec/s: 67876 rss: 706Mb L: 143/3827 MS: 2 ShuffleBytes-EraseBytes-
#12938963	REDUCE cov: 3755 ft: 11832 corp: 5754/548Kb lim: 4096 exec/s: 67743 rss: 706Mb L: 74/3827 MS: 1 EraseBytes-
#13011391	REDUCE cov: 3755 ft: 11832 corp: 5754/548Kb lim: 4096 exec/s: 67767 rss: 706Mb L: 184/3827 MS: 3 ShuffleBytes-InsertByte-EraseBytes-
#13063607	REDUCE cov: 3755 ft: 11832 corp: 5754/548Kb lim: 4096 exec/s: 68039 rss: 706Mb L: 37/3827 MS: 1 EraseBytes-
#13073148	REDUCE cov: 3755 ft: 11832 corp: 5754/548Kb lim: 4096 exec/s: 67736 rss: 706Mb L: 221/3827 MS: 1 EraseBytes-
#13088629	REDUCE cov: 3755 ft: 11832 corp: 5754/548Kb lim: 4096 exec/s: 67816 rss: 706Mb L: 269/3827 MS: 1 EraseBytes-
#13108475	REDUCE cov: 3755 ft: 11832 corp: 5754/548Kb lim: 4096 exec/s: 67919 rss: 706Mb L: 988/3827 MS: 1 EraseBytes-
#13120326	REDUCE cov: 3755 ft: 11832 corp: 5754/548Kb lim: 4096 exec/s: 67980 rss: 706Mb L: 39/3827 MS: 1 EraseBytes-
#13177302	REDUCE cov: 3755 ft: 11832 corp: 5754/548Kb lim: 4096 exec/s: 67924 rss: 706Mb L: 89/3827 MS: 1 EraseBytes-
#13239353	REDUCE cov: 3755 ft: 11832 corp: 5754/548Kb lim: 4096 exec/s: 67894 rss: 706Mb L: 106/3827 MS: 1 EraseBytes-
#13297749	REDUCE cov: 3755 ft: 11832 corp: 5754/548Kb lim: 4096 exec/s: 68193 rss: 706Mb L: 80/3827 MS: 1 EraseBytes-
#13320740	REDUCE cov: 3755 ft: 11832 corp: 5754/548Kb lim: 4096 exec/s: 67962 rss: 706Mb L: 85/3827 MS: 1 EraseBytes-
#13341977	REDUCE cov: 3755 ft: 11832 corp: 5754/548Kb lim: 4096 exec/s: 68071 rss: 706Mb L: 112/3827 MS: 2 ShuffleBytes-EraseBytes-
#13349028	REDUCE cov: 3755 ft: 11832 corp: 5754/548Kb lim: 4096 exec/s: 68107 rss: 706Mb L: 107/3827 MS: 1 EraseBytes-
#13353959	REDUCE cov: 3755 ft: 11832 corp: 5754/548Kb lim: 4096 exec/s: 68132 rss: 706Mb L: 35/3827 MS: 1 EraseBytes-
#13370615	REDUCE cov: 3755 ft: 11832 corp: 5754/548Kb lim: 4096 exec/s: 67871 rss: 706Mb L: 280/3827 MS: 1 EraseBytes-
#13393571	REDUCE cov: 3755 ft: 11832 corp: 5754/548Kb lim: 4096 exec/s: 67987 rss: 706Mb L: 147/3827 MS: 1 EraseBytes-
#13399042	REDUCE cov: 3755 ft: 11832 corp: 5754/548Kb lim: 4096 exec/s: 67671 rss: 706Mb L: 142/3827 MS: 1 EraseBytes-
#13409954	REDUCE cov: 3755 ft: 11832 corp: 5754/548Kb lim: 4096 exec/s: 67727 rss: 706Mb L: 53/3827 MS: 2 ChangeASCIIInt-EraseBytes-
#13425270	REDUCE cov: 3755 ft: 11832 corp: 5754/548Kb lim: 4096 exec/s: 67804 rss: 706Mb L: 32/3827 MS: 1 EraseBytes-
#13430601	REDUCE cov: 3755 ft: 11832 corp: 5754/548Kb lim: 4096 exec/s: 67831 rss: 706Mb L: 34/3827 MS: 1 EraseBytes-
#13447787	REDUCE cov: 3755 ft: 11832 corp: 5754/548Kb lim: 4096 exec/s: 67918 rss: 706Mb L: 14/3827 MS: 1 EraseBytes-
#13458198	REDUCE cov: 3755 ft: 11832 corp: 5754/548Kb lim: 4096 exec/s: 67629 rss: 706Mb L: 72/3827 MS: 1 EraseBytes-
#13470029	REDUCE cov: 3755 ft: 11832 corp: 5754/548Kb lim: 4096 exec/s: 67688 rss: 706Mb L: 1523/3827 MS: 1 EraseBytes-
#13511770	REDUCE cov: 3755 ft: 11832 corp: 5754/548Kb lim: 4096 exec/s: 67558 rss: 706Mb L: 59/3827 MS: 1 EraseBytes-
#13574291	REDUCE cov: 3755 ft: 11832 corp: 5754/548Kb lim: 4096 exec/s: 67871 rss: 706Mb L: 66/3827 MS: 1 EraseBytes-
#13576777	REDUCE cov: 3755 ft: 11832 corp: 5754/548Kb lim: 4096 exec/s: 67883 rss: 706Mb L: 40/3827 MS: 1 EraseBytes-
#13637694	REDUCE cov: 3755 ft: 11832 corp: 5754/548Kb lim: 4096 exec/s: 67849 rss: 706Mb L: 542/3827 MS: 2 ChangeByte-EraseBytes-
#13646606	REDUCE cov: 3755 ft: 11832 corp: 5754/548Kb lim: 4096 exec/s: 67893 rss: 706Mb L: 87/3827 MS: 2 InsertByte-EraseBytes-
#13666097	REDUCE cov: 3755 ft: 11832 corp: 5754/548Kb lim: 4096 exec/s: 67990 rss: 706Mb L: 608/3827 MS: 1 EraseBytes-
#13687238	REDUCE cov: 3755 ft: 11832 corp: 5754/548Kb lim: 4096 exec/s: 67758 rss: 706Mb L: 48/3827 MS: 1 EraseBytes-
#13739364	REDUCE cov: 3755 ft: 11832 corp: 5754/548Kb lim: 4096 exec/s: 68016 rss: 706Mb L: 150/3827 MS: 1 EraseBytes-
#13794581	REDUCE cov: 3755 ft: 11832 corp: 5754/548Kb lim: 4096 exec/s: 67953 rss: 706Mb L: 2469/3827 MS: 2 EraseBytes-CopyPart-
#13796742	REDUCE cov: 3755 ft: 11832 corp: 5754/548Kb lim: 4096 exec/s: 67964 rss: 706Mb L: 94/3827 MS: 1 EraseBytes-
#13838824	REDUCE cov: 3755 ft: 11832 corp: 5754/547Kb lim: 4096 exec/s: 68171 rss: 706Mb L: 92/3827 MS: 2 ChangeASCIIInt-EraseBytes-
#13842100	REDUCE cov: 3755 ft: 11832 corp: 5754/547Kb lim: 4096 exec/s: 68187 rss: 706Mb L: 87/3827 MS: 1 EraseBytes-
#13872083	REDUCE cov: 3755 ft: 11832 corp: 5754/547Kb lim: 4096 exec/s: 68000 rss: 706Mb L: 34/3827 MS: 3 ShuffleBytes-ChangeASCIIInt-EraseBytes-
#13900419	REDUCE cov: 3755 ft: 11832 corp: 5754/547Kb lim: 4096 exec/s: 68139 rss: 706Mb L: 101/3827 MS: 1 EraseBytes-
#13913075	REDUCE cov: 3755 ft: 11832 corp: 5754/547Kb lim: 4096 exec/s: 68201 rss: 706Mb L: 52/3827 MS: 1 EraseBytes-
#13922246	REDUCE cov: 3755 ft: 11832 corp: 5754/547Kb lim: 4096 exec/s: 68246 rss: 706Mb L: 276/3827 MS: 1 EraseBytes-
#14026402	REDUCE cov: 3755 ft: 11832 corp: 5754/547Kb lim: 4096 exec/s: 68421 rss: 706Mb L: 1667/3827 MS: 1 EraseBytes-
#14067139	NEW    cov: 3755 ft: 11833 corp: 5755/548Kb lim: 4096 exec/s: 68287 rss: 706Mb L: 189/3827 MS: 2 ShuffleBytes-CrossOver-
#14072891	REDUCE cov: 3755 ft: 11833 corp: 5755/548Kb lim: 4096 exec/s: 68315 rss: 706Mb L: 102/3827 MS: 2 ShuffleBytes-EraseBytes-
#14133227	REDUCE cov: 3755 ft: 11833 corp: 5755/548Kb lim: 4096 exec/s: 68276 rss: 706Mb L: 31/3827 MS: 1 EraseBytes-
#14140023	REDUCE cov: 3755 ft: 11833 corp: 5755/548Kb lim: 4096 exec/s: 68309 rss: 706Mb L: 156/3827 MS: 1 EraseBytes-
#14140949	REDUCE cov: 3755 ft: 11833 corp: 5755/548Kb lim: 4096 exec/s: 68313 rss: 706Mb L: 49/3827 MS: 1 EraseBytes-
#14145730	REDUCE cov: 3755 ft: 11833 corp: 5755/548Kb lim: 4096 exec/s: 68336 rss: 706Mb L: 470/3827 MS: 1 EraseBytes-
#14161416	REDUCE cov: 3755 ft: 11833 corp: 5755/548Kb lim: 4096 exec/s: 68412 rss: 706Mb L: 1175/3827 MS: 1 EraseBytes-
#14169968	REDUCE cov: 3755 ft: 11833 corp: 5755/548Kb lim: 4096 exec/s: 68453 rss: 706Mb L: 94/3827 MS: 2 ChangeBit-EraseBytes-
#14179175	REDUCE cov: 3755 ft: 11833 corp: 5755/548Kb lim: 4096 exec/s: 68498 rss: 706Mb L: 145/3827 MS: 2 ChangeASCIIInt-EraseBytes-
#14205261	REDUCE cov: 3755 ft: 11833 corp: 5755/548Kb lim: 4096 exec/s: 68624 rss: 706Mb L: 48/3827 MS: 1 EraseBytes-
#14209473	REDUCE cov: 3755 ft: 11833 corp: 5755/548Kb lim: 4096 exec/s: 68644 rss: 706Mb L: 108/3827 MS: 2 ShuffleBytes-EraseBytes-
#14215810	REDUCE cov: 3755 ft: 11833 corp: 5755/548Kb lim: 4096 exec/s: 68345 rss: 706Mb L: 63/3827 MS: 2 ChangeASCIIInt-EraseBytes-
#14218629	REDUCE cov: 3755 ft: 11833 corp: 5755/548Kb lim: 4096 exec/s: 68358 rss: 706Mb L: 172/3827 MS: 4 CopyPart-CopyPart-ChangeBinInt-EraseBytes-
#14223170	REDUCE cov: 3755 ft: 11833 corp: 5755/547Kb lim: 4096 exec/s: 68380 rss: 706Mb L: 2181/3827 MS: 1 EraseBytes-
#14223391	REDUCE cov: 3755 ft: 11833 corp: 5755/547Kb lim: 4096 exec/s: 68381 rss: 706Mb L: 1476/3827 MS: 1 EraseBytes-
#14248887	REDUCE cov: 3755 ft: 11833 corp: 5755/547Kb lim: 4096 exec/s: 68504 rss: 706Mb L: 64/3827 MS: 1 EraseBytes-
#14249493	REDUCE cov: 3755 ft: 11833 corp: 5755/547Kb lim: 4096 exec/s: 68507 rss: 706Mb L: 175/3827 MS: 1 EraseBytes-
#14265694	REDUCE cov: 3755 ft: 11833 corp: 5755/547Kb lim: 4096 exec/s: 68585 rss: 706Mb L: 65/3827 MS: 1 EraseBytes-
#14279825	REDUCE cov: 3755 ft: 11833 corp: 5755/547Kb lim: 4096 exec/s: 68653 rss: 706Mb L: 42/3827 MS: 1 EraseBytes-
#14287371	REDUCE cov: 3755 ft: 11833 corp: 5755/547Kb lim: 4096 exec/s: 68689 rss: 706Mb L: 45/3827 MS: 1 EraseBytes-
#14329948	REDUCE cov: 3755 ft: 11833 corp: 5755/547Kb lim: 4096 exec/s: 68564 rss: 706Mb L: 78/3827 MS: 2 ChangeBinInt-EraseBytes-
#14358230	REDUCE cov: 3755 ft: 11833 corp: 5755/547Kb lim: 4096 exec/s: 68699 rss: 706Mb L: 25/3827 MS: 2 ShuffleBytes-EraseBytes-
#14363491	REDUCE cov: 3755 ft: 11833 corp: 5755/547Kb lim: 4096 exec/s: 68724 rss: 706Mb L: 109/3827 MS: 1 EraseBytes-
#14393647	REDUCE cov: 3755 ft: 11833 corp: 5755/547Kb lim: 4096 exec/s: 68869 rss: 706Mb L: 171/3827 MS: 1 EraseBytes-
#14397403	REDUCE cov: 3755 ft: 11833 corp: 5755/547Kb lim: 4096 exec/s: 68887 rss: 706Mb L: 94/3827 MS: 1 EraseBytes-
#14417724	REDUCE cov: 3755 ft: 11833 corp: 5755/547Kb lim: 4096 exec/s: 68655 rss: 706Mb L: 49/3827 MS: 1 EraseBytes-
#14426595	REDUCE cov: 3755 ft: 11833 corp: 5755/547Kb lim: 4096 exec/s: 68698 rss: 706Mb L: 272/3827 MS: 1 EraseBytes-
#14457151	REDUCE cov: 3755 ft: 11833 corp: 5755/547Kb lim: 4096 exec/s: 68843 rss: 706Mb L: 137/3827 MS: 1 EraseBytes-
#14457463	REDUCE cov: 3755 ft: 11833 corp: 5755/547Kb lim: 4096 exec/s: 68845 rss: 706Mb L: 129/3827 MS: 2 CrossOver-EraseBytes-
#14465699	REDUCE cov: 3755 ft: 11833 corp: 5755/547Kb lim: 4096 exec/s: 68884 rss: 706Mb L: 268/3827 MS: 1 EraseBytes-
#14472270	REDUCE cov: 3755 ft: 11833 corp: 5755/547Kb lim: 4096 exec/s: 68915 rss: 706Mb L: 132/3827 MS: 1 EraseBytes-
#14497941	REDUCE cov: 3755 ft: 11833 corp: 5755/547Kb lim: 4096 exec/s: 68710 rss: 706Mb L: 107/3827 MS: 1 EraseBytes-
#14503242	REDUCE cov: 3755 ft: 11833 corp: 5755/547Kb lim: 4096 exec/s: 68735 rss: 706Mb L: 2457/3827 MS: 1 EraseBytes-
#14523653	REDUCE cov: 3755 ft: 11833 corp: 5755/547Kb lim: 4096 exec/s: 68832 rss: 706Mb L: 124/3827 MS: 1 EraseBytes-
#14537565	REDUCE cov: 3755 ft: 11833 corp: 5755/547Kb lim: 4096 exec/s: 68898 rss: 706Mb L: 87/3827 MS: 2 ChangeASCIIInt-EraseBytes-
#14560911	REDUCE cov: 3755 ft: 11833 corp: 5755/547Kb lim: 4096 exec/s: 69009 rss: 706Mb L: 99/3827 MS: 1 EraseBytes-
#14634727	REDUCE cov: 3755 ft: 11833 corp: 5755/547Kb lim: 4096 exec/s: 69031 rss: 706Mb L: 103/3827 MS: 1 EraseBytes-
#14644133	REDUCE cov: 3755 ft: 11833 corp: 5755/547Kb lim: 4096 exec/s: 69076 rss: 706Mb L: 104/3827 MS: 1 EraseBytes-
#14655175	REDUCE cov: 3755 ft: 11833 corp: 5755/547Kb lim: 4096 exec/s: 69128 rss: 706Mb L: 80/3827 MS: 2 ShuffleBytes-EraseBytes-
#14655261	REDUCE cov: 3755 ft: 11833 corp: 5755/547Kb lim: 4096 exec/s: 69128 rss: 706Mb L: 91/3827 MS: 1 EraseBytes-
#14672787	REDUCE cov: 3755 ft: 11833 corp: 5755/547Kb lim: 4096 exec/s: 69211 rss: 706Mb L: 100/3827 MS: 1 EraseBytes-
#14676973	REDUCE cov: 3755 ft: 11833 corp: 5755/547Kb lim: 4096 exec/s: 69231 rss: 706Mb L: 1818/3827 MS: 1 EraseBytes-
#14724539	REDUCE cov: 3755 ft: 11833 corp: 5755/547Kb lim: 4096 exec/s: 69129 rss: 706Mb L: 93/3827 MS: 1 EraseBytes-
#14746800	REDUCE cov: 3755 ft: 11833 corp: 5755/547Kb lim: 4096 exec/s: 69233 rss: 706Mb L: 105/3827 MS: 1 EraseBytes-
#14751162	REDUCE cov: 3755 ft: 11833 corp: 5755/547Kb lim: 4096 exec/s: 69254 rss: 706Mb L: 159/3827 MS: 2 ChangeByte-EraseBytes-
#14796709	REDUCE cov: 3755 ft: 11833 corp: 5755/547Kb lim: 4096 exec/s: 69143 rss: 706Mb L: 1348/3827 MS: 2 ChangeByte-EraseBytes-
#14800065	REDUCE cov: 3755 ft: 11833 corp: 5755/547Kb lim: 4096 exec/s: 69159 rss: 706Mb L: 126/3827 MS: 1 EraseBytes-
#14836096	REDUCE cov: 3755 ft: 11833 corp: 5755/547Kb lim: 4096 exec/s: 69327 rss: 706Mb L: 188/3827 MS: 1 EraseBytes-
#14864128	REDUCE cov: 3755 ft: 11833 corp: 5755/547Kb lim: 4096 exec/s: 69458 rss: 706Mb L: 128/3827 MS: 2 ShuffleBytes-EraseBytes-
#14896779	REDUCE cov: 3755 ft: 11833 corp: 5755/547Kb lim: 4096 exec/s: 69287 rss: 706Mb L: 110/3827 MS: 1 EraseBytes-
#14908340	REDUCE cov: 3755 ft: 11833 corp: 5755/547Kb lim: 4096 exec/s: 69341 rss: 706Mb L: 116/3827 MS: 1 EraseBytes-
#14927666	REDUCE cov: 3755 ft: 11833 corp: 5755/547Kb lim: 4096 exec/s: 69431 rss: 706Mb L: 43/3827 MS: 1 EraseBytes-
#14939202	REDUCE cov: 3755 ft: 11833 corp: 5755/547Kb lim: 4096 exec/s: 69484 rss: 706Mb L: 195/3827 MS: 1 EraseBytes-
#14947168	REDUCE cov: 3755 ft: 11833 corp: 5755/547Kb lim: 4096 exec/s: 69521 rss: 706Mb L: 49/3827 MS: 1 EraseBytes-
#14991660	REDUCE cov: 3755 ft: 11833 corp: 5755/547Kb lim: 4096 exec/s: 69405 rss: 706Mb L: 72/3827 MS: 2 ShuffleBytes-EraseBytes-
#14999066	REDUCE cov: 3755 ft: 11833 corp: 5755/547Kb lim: 4096 exec/s: 69440 rss: 706Mb L: 186/3827 MS: 1 EraseBytes-
#15028972	REDUCE cov: 3755 ft: 11833 corp: 5755/547Kb lim: 4096 exec/s: 69257 rss: 706Mb L: 116/3827 MS: 1 EraseBytes-
#15035493	REDUCE cov: 3755 ft: 11833 corp: 5755/547Kb lim: 4096 exec/s: 69287 rss: 706Mb L: 50/3827 MS: 1 EraseBytes-
#15038994	REDUCE cov: 3755 ft: 11833 corp: 5755/547Kb lim: 4096 exec/s: 69304 rss: 706Mb L: 957/3827 MS: 1 EraseBytes-
#15053160	REDUCE cov: 3755 ft: 11833 corp: 5755/547Kb lim: 4096 exec/s: 69369 rss: 706Mb L: 69/3827 MS: 1 EraseBytes-
#15058421	REDUCE cov: 3755 ft: 11833 corp: 5755/547Kb lim: 4096 exec/s: 69393 rss: 706Mb L: 293/3827 MS: 1 EraseBytes-
#15058793	REDUCE cov: 3755 ft: 11833 corp: 5755/547Kb lim: 4096 exec/s: 69395 rss: 706Mb L: 120/3827 MS: 2 CrossOver-EraseBytes-
#15111216	REDUCE cov: 3755 ft: 11833 corp: 5755/547Kb lim: 4096 exec/s: 69317 rss: 706Mb L: 139/3827 MS: 3 ChangeByte-CopyPart-EraseBytes-
#15127524	REDUCE cov: 3755 ft: 11834 corp: 5756/547Kb lim: 4096 exec/s: 69392 rss: 706Mb L: 221/3827 MS: 3 ShuffleBytes-ShuffleBytes-CrossOver-
#15143320	REDUCE cov: 3755 ft: 11834 corp: 5756/547Kb lim: 4096 exec/s: 69464 rss: 706Mb L: 211/3827 MS: 1 EraseBytes-
#15161116	REDUCE cov: 3755 ft: 11834 corp: 5756/547Kb lim: 4096 exec/s: 69228 rss: 706Mb L: 107/3827 MS: 1 EraseBytes-
#15212448	REDUCE cov: 3755 ft: 11834 corp: 5756/547Kb lim: 4096 exec/s: 69147 rss: 706Mb L: 331/3827 MS: 2 ChangeASCIIInt-EraseBytes-
#15235954	REDUCE cov: 3755 ft: 11834 corp: 5756/547Kb lim: 4096 exec/s: 69254 rss: 706Mb L: 111/3827 MS: 1 EraseBytes-
#15237565	REDUCE cov: 3755 ft: 11834 corp: 5756/547Kb lim: 4096 exec/s: 69261 rss: 706Mb L: 110/3827 MS: 1 EraseBytes-
#15270131	REDUCE cov: 3755 ft: 11837 corp: 5757/548Kb lim: 4096 exec/s: 69095 rss: 706Mb L: 269/3827 MS: 1 ChangeByte-
#15280872	REDUCE cov: 3755 ft: 11837 corp: 5757/548Kb lim: 4096 exec/s: 69144 rss: 706Mb L: 44/3827 MS: 1 EraseBytes-
#15301913	REDUCE cov: 3755 ft: 11837 corp: 5757/548Kb lim: 4096 exec/s: 69239 rss: 706Mb L: 168/3827 MS: 1 EraseBytes-
#15367559	REDUCE cov: 3755 ft: 11837 corp: 5757/548Kb lim: 4096 exec/s: 69223 rss: 706Mb L: 89/3827 MS: 1 EraseBytes-
#15380035	REDUCE cov: 3755 ft: 11837 corp: 5757/548Kb lim: 4096 exec/s: 69279 rss: 706Mb L: 62/3827 MS: 1 EraseBytes-
#15396906	REDUCE cov: 3755 ft: 11837 corp: 5757/548Kb lim: 4096 exec/s: 69044 rss: 706Mb L: 257/3827 MS: 1 EraseBytes-
#15403068	REDUCE cov: 3755 ft: 11837 corp: 5757/548Kb lim: 4096 exec/s: 69072 rss: 706Mb L: 128/3827 MS: 2 ChangeBit-EraseBytes-
#15406679	REDUCE cov: 3755 ft: 11837 corp: 5757/548Kb lim: 4096 exec/s: 69088 rss: 706Mb L: 68/3827 MS: 1 EraseBytes-
#15417585	REDUCE cov: 3755 ft: 11837 corp: 5757/548Kb lim: 4096 exec/s: 69137 rss: 706Mb L: 43/3827 MS: 1 EraseBytes-
#15429872	REDUCE cov: 3755 ft: 11837 corp: 5757/548Kb lim: 4096 exec/s: 69192 rss: 706Mb L: 32/3827 MS: 2 ShuffleBytes-EraseBytes-
#15430043	REDUCE cov: 3755 ft: 11837 corp: 5757/548Kb lim: 4096 exec/s: 69193 rss: 706Mb L: 116/3827 MS: 1 EraseBytes-
#15463854	REDUCE cov: 3755 ft: 11837 corp: 5757/548Kb lim: 4096 exec/s: 69035 rss: 706Mb L: 72/3827 MS: 1 EraseBytes-
#15466655	REDUCE cov: 3755 ft: 11837 corp: 5757/548Kb lim: 4096 exec/s: 69047 rss: 706Mb L: 99/3827 MS: 1 EraseBytes-
#15485152	REDUCE cov: 3755 ft: 11837 corp: 5757/548Kb lim: 4096 exec/s: 69130 rss: 706Mb L: 170/3827 MS: 2 ChangeByte-EraseBytes-
#15501088	REDUCE cov: 3755 ft: 11837 corp: 5757/548Kb lim: 4096 exec/s: 69201 rss: 706Mb L: 62/3827 MS: 1 EraseBytes-
#15501639	REDUCE cov: 3755 ft: 11837 corp: 5757/548Kb lim: 4096 exec/s: 69203 rss: 706Mb L: 109/3827 MS: 1 EraseBytes-
#15518060	REDUCE cov: 3755 ft: 11837 corp: 5757/548Kb lim: 4096 exec/s: 69277 rss: 706Mb L: 82/3827 MS: 1 EraseBytes-
#15538691	REDUCE cov: 3755 ft: 11837 corp: 5757/548Kb lim: 4096 exec/s: 69060 rss: 706Mb L: 85/3827 MS: 1 EraseBytes-
#15567742	REDUCE cov: 3755 ft: 11837 corp: 5757/548Kb lim: 4096 exec/s: 69189 rss: 706Mb L: 69/3827 MS: 1 EraseBytes-
#15593233	REDUCE cov: 3755 ft: 11837 corp: 5757/547Kb lim: 4096 exec/s: 69303 rss: 706Mb L: 1419/3827 MS: 1 EraseBytes-
#15614834	REDUCE cov: 3755 ft: 11837 corp: 5757/547Kb lim: 4096 exec/s: 69092 rss: 706Mb L: 465/3827 MS: 1 EraseBytes-
#15615760	REDUCE cov: 3755 ft: 11837 corp: 5757/547Kb lim: 4096 exec/s: 69096 rss: 706Mb L: 62/3827 MS: 1 EraseBytes-
#15632901	REDUCE cov: 3755 ft: 11837 corp: 5757/547Kb lim: 4096 exec/s: 69172 rss: 706Mb L: 65/3827 MS: 1 EraseBytes-
#15644363	REDUCE cov: 3755 ft: 11837 corp: 5757/547Kb lim: 4096 exec/s: 69222 rss: 706Mb L: 475/3827 MS: 2 ShuffleBytes-EraseBytes-
#15711899	REDUCE cov: 3755 ft: 11837 corp: 5757/547Kb lim: 4096 exec/s: 69215 rss: 706Mb L: 169/3827 MS: 1 EraseBytes-
#15734980	REDUCE cov: 3755 ft: 11837 corp: 5757/547Kb lim: 4096 exec/s: 69317 rss: 706Mb L: 164/3827 MS: 1 EraseBytes-
#15753827	REDUCE cov: 3755 ft: 11837 corp: 5757/547Kb lim: 4096 exec/s: 69400 rss: 706Mb L: 2583/3827 MS: 2 ChangeBinInt-EraseBytes-
#15765299	REDUCE cov: 3755 ft: 11837 corp: 5757/547Kb lim: 4096 exec/s: 69146 rss: 706Mb L: 40/3827 MS: 2 ChangeASCIIInt-EraseBytes-
#15768946	REDUCE cov: 3755 ft: 11837 corp: 5757/547Kb lim: 4096 exec/s: 69162 rss: 706Mb L: 86/3827 MS: 2 ShuffleBytes-EraseBytes-
#15777472	REDUCE cov: 3755 ft: 11837 corp: 5757/547Kb lim: 4096 exec/s: 69199 rss: 706Mb L: 457/3827 MS: 1 EraseBytes-
#15804443	REDUCE cov: 3755 ft: 11837 corp: 5757/547Kb lim: 4096 exec/s: 69317 rss: 706Mb L: 133/3827 MS: 1 EraseBytes-
#15807014	REDUCE cov: 3755 ft: 11838 corp: 5758/547Kb lim: 4096 exec/s: 69329 rss: 706Mb L: 56/3827 MS: 1 CopyPart-
#15808820	REDUCE cov: 3755 ft: 11838 corp: 5758/547Kb lim: 4096 exec/s: 69336 rss: 706Mb L: 761/3827 MS: 1 EraseBytes-
#15855407	REDUCE cov: 3755 ft: 11838 corp: 5758/547Kb lim: 4096 exec/s: 69541 rss: 706Mb L: 99/3827 MS: 2 ChangeBit-EraseBytes-
#15860863	REDUCE cov: 3755 ft: 11838 corp: 5758/547Kb lim: 4096 exec/s: 69565 rss: 706Mb L: 1412/3827 MS: 1 CrossOver-
#15861229	REDUCE cov: 3755 ft: 11838 corp: 5758/547Kb lim: 4096 exec/s: 69566 rss: 706Mb L: 48/3827 MS: 1 EraseBytes-
#15870521	REDUCE cov: 3755 ft: 11838 corp: 5758/547Kb lim: 4096 exec/s: 69607 rss: 706Mb L: 43/3827 MS: 2 InsertByte-EraseBytes-
#15908002	REDUCE cov: 3755 ft: 11838 corp: 5758/547Kb lim: 4096 exec/s: 69467 rss: 706Mb L: 98/3827 MS: 1 EraseBytes-
#15937403	REDUCE cov: 3755 ft: 11838 corp: 5758/547Kb lim: 4096 exec/s: 69595 rss: 706Mb L: 95/3827 MS: 1 EraseBytes-
#16009641	REDUCE cov: 3755 ft: 11838 corp: 5758/547Kb lim: 4096 exec/s: 69305 rss: 706Mb L: 104/3827 MS: 3 InsertRepeatedBytes-ChangeBinInt-EraseBytes-
#16026383	REDUCE cov: 3755 ft: 11838 corp: 5758/547Kb lim: 4096 exec/s: 69378 rss: 706Mb L: 110/3827 MS: 2 CrossOver-EraseBytes-
#16064689	REDUCE cov: 3755 ft: 11838 corp: 5758/547Kb lim: 4096 exec/s: 69544 rss: 706Mb L: 109/3827 MS: 1 EraseBytes-
#16086505	REDUCE cov: 3755 ft: 11838 corp: 5758/547Kb lim: 4096 exec/s: 69338 rss: 706Mb L: 592/3827 MS: 1 EraseBytes-
#16114931	REDUCE cov: 3755 ft: 11838 corp: 5758/547Kb lim: 4096 exec/s: 69460 rss: 706Mb L: 148/3827 MS: 1 EraseBytes-
#16141027	REDUCE cov: 3755 ft: 11838 corp: 5758/547Kb lim: 4096 exec/s: 69573 rss: 706Mb L: 111/3827 MS: 1 EraseBytes-
#16141863	REDUCE cov: 3755 ft: 11838 corp: 5758/547Kb lim: 4096 exec/s: 69576 rss: 706Mb L: 107/3827 MS: 1 EraseBytes-
#16151505	REDUCE cov: 3755 ft: 11838 corp: 5758/547Kb lim: 4096 exec/s: 69618 rss: 706Mb L: 350/3827 MS: 2 EraseBytes-CopyPart-
#16191676	REDUCE cov: 3755 ft: 11838 corp: 5758/547Kb lim: 4096 exec/s: 69492 rss: 706Mb L: 57/3827 MS: 1 EraseBytes-
#16203487	REDUCE cov: 3755 ft: 11838 corp: 5758/547Kb lim: 4096 exec/s: 69542 rss: 706Mb L: 175/3827 MS: 1 EraseBytes-
#16222499	REDUCE cov: 3755 ft: 11838 corp: 5758/547Kb lim: 4096 exec/s: 69326 rss: 706Mb L: 328/3827 MS: 2 PersAutoDict-EraseBytes- DE: "ops"-
#16256660	REDUCE cov: 3755 ft: 11838 corp: 5758/547Kb lim: 4096 exec/s: 69472 rss: 706Mb L: 105/3827 MS: 1 EraseBytes-
#16266126	REDUCE cov: 3755 ft: 11838 corp: 5758/547Kb lim: 4096 exec/s: 69513 rss: 706Mb L: 1176/3827 MS: 1 EraseBytes-
#16314523	REDUCE cov: 3755 ft: 11840 corp: 5759/547Kb lim: 4096 exec/s: 69423 rss: 706Mb L: 15/3827 MS: 1 EraseBytes-
#16332875	REDUCE cov: 3755 ft: 11840 corp: 5759/547Kb lim: 4096 exec/s: 69501 rss: 706Mb L: 161/3827 MS: 2 PersAutoDict-EraseBytes- DE: "4\000\000\000"-
#16333526	REDUCE cov: 3755 ft: 11840 corp: 5759/547Kb lim: 4096 exec/s: 69504 rss: 706Mb L: 35/3827 MS: 1 EraseBytes-
#16360152	REDUCE cov: 3755 ft: 11840 corp: 5759/547Kb lim: 4096 exec/s: 69322 rss: 706Mb L: 92/3827 MS: 1 EraseBytes-
#16363248	REDUCE cov: 3755 ft: 11840 corp: 5759/547Kb lim: 4096 exec/s: 69335 rss: 706Mb L: 74/3827 MS: 1 EraseBytes-
#16364059	REDUCE cov: 3755 ft: 11840 corp: 5759/547Kb lim: 4096 exec/s: 69339 rss: 706Mb L: 188/3827 MS: 1 EraseBytes-
#16393175	REDUCE cov: 3755 ft: 11840 corp: 5759/547Kb lim: 4096 exec/s: 69462 rss: 706Mb L: 93/3827 MS: 1 EraseBytes-
#16470681	REDUCE cov: 3755 ft: 11840 corp: 5759/547Kb lim: 4096 exec/s: 69496 rss: 706Mb L: 129/3827 MS: 1 EraseBytes-
#16471117	REDUCE cov: 3755 ft: 11840 corp: 5759/547Kb lim: 4096 exec/s: 69498 rss: 706Mb L: 60/3827 MS: 1 EraseBytes-
#16486734	REDUCE cov: 3755 ft: 11840 corp: 5759/547Kb lim: 4096 exec/s: 69271 rss: 706Mb L: 2404/3827 MS: 2 ChangeASCIIInt-EraseBytes-
#16503185	REDUCE cov: 3755 ft: 11840 corp: 5759/547Kb lim: 4096 exec/s: 69341 rss: 706Mb L: 47/3827 MS: 1 EraseBytes-
#16592216	REDUCE cov: 3755 ft: 11840 corp: 5759/547Kb lim: 4096 exec/s: 69423 rss: 706Mb L: 267/3827 MS: 1 EraseBytes-
#16648908	REDUCE cov: 3755 ft: 11840 corp: 5759/547Kb lim: 4096 exec/s: 69660 rss: 706Mb L: 91/3827 MS: 2 PersAutoDict-EraseBytes- DE: "ops"-
#16676854	REDUCE cov: 3755 ft: 11840 corp: 5759/547Kb lim: 4096 exec/s: 69486 rss: 706Mb L: 43/3827 MS: 1 EraseBytes-
#16684665	REDUCE cov: 3756 ft: 11841 corp: 5760/547Kb lim: 4096 exec/s: 69519 rss: 706Mb L: 68/3827 MS: 1 EraseBytes-
#16689917	REDUCE cov: 3756 ft: 11841 corp: 5760/547Kb lim: 4096 exec/s: 69541 rss: 706Mb L: 37/3827 MS: 2 ShuffleBytes-EraseBytes-
#16777216	pulse  cov: 3756 ft: 11841 corp: 5760/547Kb lim: 4096 exec/s: 69615 rss: 706Mb
#16790838	REDUCE cov: 3756 ft: 11841 corp: 5760/547Kb lim: 4096 exec/s: 69671 rss: 706Mb L: 804/3827 MS: 1 EraseBytes-
#16816800	REDUCE cov: 3756 ft: 11841 corp: 5760/547Kb lim: 4096 exec/s: 69779 rss: 706Mb L: 280/3827 MS: 2 ChangeBinInt-EraseBytes-
#16828613	REDUCE cov: 3756 ft: 11841 corp: 5760/547Kb lim: 4096 exec/s: 69539 rss: 706Mb L: 81/3827 MS: 3 PersAutoDict-ChangeASCIIInt-EraseBytes- DE: "&:"-
#16837239	REDUCE cov: 3756 ft: 11841 corp: 5760/547Kb lim: 4096 exec/s: 69575 rss: 706Mb L: 52/3827 MS: 1 EraseBytes-
#16847221	REDUCE cov: 3756 ft: 11841 corp: 5760/547Kb lim: 4096 exec/s: 69616 rss: 706Mb L: 92/3827 MS: 2 ChangeASCIIInt-EraseBytes-
#16865127	REDUCE cov: 3756 ft: 11841 corp: 5760/547Kb lim: 4096 exec/s: 69690 rss: 706Mb L: 107/3827 MS: 1 EraseBytes-
#16909633	REDUCE cov: 3756 ft: 11841 corp: 5760/547Kb lim: 4096 exec/s: 69586 rss: 706Mb L: 137/3827 MS: 1 EraseBytes-
#16920409	REDUCE cov: 3756 ft: 11841 corp: 5760/547Kb lim: 4096 exec/s: 69631 rss: 706Mb L: 2543/3827 MS: 1 EraseBytes-
#16958995	REDUCE cov: 3756 ft: 11841 corp: 5760/547Kb lim: 4096 exec/s: 69790 rss: 706Mb L: 712/3827 MS: 1 EraseBytes-
#16965216	REDUCE cov: 3756 ft: 11841 corp: 5760/547Kb lim: 4096 exec/s: 69815 rss: 706Mb L: 103/3827 MS: 1 EraseBytes-
#16989877	REDUCE cov: 3756 ft: 11841 corp: 5760/547Kb lim: 4096 exec/s: 69630 rss: 706Mb L: 109/3827 MS: 1 EraseBytes-
#16999438	REDUCE cov: 3756 ft: 11841 corp: 5760/547Kb lim: 4096 exec/s: 69669 rss: 706Mb L: 87/3827 MS: 1 EraseBytes-
#17004539	REDUCE cov: 3756 ft: 11841 corp: 5760/547Kb lim: 4096 exec/s: 69690 rss: 706Mb L: 99/3827 MS: 1 EraseBytes-
#17010480	REDUCE cov: 3756 ft: 11841 corp: 5760/547Kb lim: 4096 exec/s: 69715 rss: 706Mb L: 51/3827 MS: 1 EraseBytes-
#17058126	REDUCE cov: 3756 ft: 11841 corp: 5760/547Kb lim: 4096 exec/s: 69625 rss: 706Mb L: 228/3827 MS: 1 EraseBytes-
#17075703	REDUCE cov: 3756 ft: 11841 corp: 5760/547Kb lim: 4096 exec/s: 69696 rss: 706Mb L: 210/3827 MS: 2 ChangeASCIIInt-EraseBytes-
#17096304	REDUCE cov: 3756 ft: 11841 corp: 5760/547Kb lim: 4096 exec/s: 69497 rss: 706Mb L: 188/3827 MS: 1 EraseBytes-
#17119550	REDUCE cov: 3756 ft: 11841 corp: 5760/547Kb lim: 4096 exec/s: 69591 rss: 706Mb L: 268/3827 MS: 1 EraseBytes-
#17145011	REDUCE cov: 3756 ft: 11841 corp: 5760/547Kb lim: 4096 exec/s: 69695 rss: 706Mb L: 2425/3827 MS: 1 EraseBytes-
#17152697	REDUCE cov: 3756 ft: 11841 corp: 5760/547Kb lim: 4096 exec/s: 69726 rss: 706Mb L: 3544/3827 MS: 1 EraseBytes-
#17155748	REDUCE cov: 3756 ft: 11841 corp: 5760/547Kb lim: 4096 exec/s: 69738 rss: 706Mb L: 270/3827 MS: 1 CrossOver-
#17160624	REDUCE cov: 3756 ft: 11841 corp: 5760/547Kb lim: 4096 exec/s: 69758 rss: 706Mb L: 102/3827 MS: 1 EraseBytes-
#17191896	REDUCE cov: 3756 ft: 11841 corp: 5760/547Kb lim: 4096 exec/s: 69602 rss: 706Mb L: 125/3827 MS: 1 EraseBytes-
#17220287	REDUCE cov: 3756 ft: 11841 corp: 5760/547Kb lim: 4096 exec/s: 69717 rss: 706Mb L: 57/3827 MS: 1 EraseBytes-
#17223648	REDUCE cov: 3756 ft: 11841 corp: 5760/547Kb lim: 4096 exec/s: 69731 rss: 706Mb L: 3509/3827 MS: 1 EraseBytes-
#17246259	REDUCE cov: 3756 ft: 11841 corp: 5760/547Kb lim: 4096 exec/s: 69541 rss: 706Mb L: 106/3827 MS: 1 EraseBytes-
#17248110	REDUCE cov: 3756 ft: 11841 corp: 5760/547Kb lim: 4096 exec/s: 69548 rss: 706Mb L: 65/3827 MS: 1 EraseBytes-
#17255626	REDUCE cov: 3756 ft: 11841 corp: 5760/547Kb lim: 4096 exec/s: 69579 rss: 706Mb L: 198/3827 MS: 1 EraseBytes-
#17259497	REDUCE cov: 3756 ft: 11841 corp: 5760/547Kb lim: 4096 exec/s: 69594 rss: 706Mb L: 48/3827 MS: 1 EraseBytes-
#17271093	REDUCE cov: 3756 ft: 11841 corp: 5760/547Kb lim: 4096 exec/s: 69641 rss: 706Mb L: 113/3827 MS: 1 EraseBytes-
#17279959	REDUCE cov: 3756 ft: 11841 corp: 5760/547Kb lim: 4096 exec/s: 69677 rss: 706Mb L: 107/3827 MS: 1 EraseBytes-
#17308890	REDUCE cov: 3756 ft: 11841 corp: 5760/547Kb lim: 4096 exec/s: 69513 rss: 706Mb L: 52/3827 MS: 1 EraseBytes-
#17310761	REDUCE cov: 3756 ft: 11841 corp: 5760/547Kb lim: 4096 exec/s: 69521 rss: 706Mb L: 60/3827 MS: 1 EraseBytes-
#17324518	REDUCE cov: 3756 ft: 11841 corp: 5760/547Kb lim: 4096 exec/s: 69576 rss: 706Mb L: 59/3827 MS: 2 ChangeBit-EraseBytes-
#17325124	REDUCE cov: 3756 ft: 11841 corp: 5760/547Kb lim: 4096 exec/s: 69578 rss: 706Mb L: 93/3827 MS: 1 EraseBytes-
#17337505	REDUCE cov: 3756 ft: 11841 corp: 5760/547Kb lim: 4096 exec/s: 69628 rss: 706Mb L: 98/3827 MS: 1 EraseBytes-
#17385332	REDUCE cov: 3756 ft: 11841 corp: 5760/547Kb lim: 4096 exec/s: 69541 rss: 706Mb L: 144/3827 MS: 1 EraseBytes-
#17390693	REDUCE cov: 3756 ft: 11841 corp: 5760/547Kb lim: 4096 exec/s: 69562 rss: 706Mb L: 249/3827 MS: 1 EraseBytes-
#17394394	REDUCE cov: 3756 ft: 11841 corp: 5760/547Kb lim: 4096 exec/s: 69577 rss: 706Mb L: 38/3827 MS: 1 EraseBytes-
#17433180	REDUCE cov: 3756 ft: 11841 corp: 5760/547Kb lim: 4096 exec/s: 69732 rss: 706Mb L: 9/3827 MS: 1 EraseBytes-
#17479407	REDUCE cov: 3756 ft: 11841 corp: 5760/547Kb lim: 4096 exec/s: 69639 rss: 706Mb L: 1428/3827 MS: 1 EraseBytes-
#17535938	REDUCE cov: 3756 ft: 11841 corp: 5760/547Kb lim: 4096 exec/s: 69587 rss: 706Mb L: 106/3827 MS: 1 EraseBytes-
#17538414	REDUCE cov: 3756 ft: 11841 corp: 5760/547Kb lim: 4096 exec/s: 69596 rss: 706Mb L: 146/3827 MS: 1 EraseBytes-
#17572595	REDUCE cov: 3756 ft: 11841 corp: 5760/547Kb lim: 4096 exec/s: 69456 rss: 706Mb L: 64/3827 MS: 1 EraseBytes-
#17582426	REDUCE cov: 3756 ft: 11841 corp: 5760/547Kb lim: 4096 exec/s: 69495 rss: 706Mb L: 416/3827 MS: 1 EraseBytes-
#17635682	REDUCE cov: 3756 ft: 11841 corp: 5760/547Kb lim: 4096 exec/s: 69431 rss: 706Mb L: 98/3827 MS: 1 EraseBytes-
#17642498	REDUCE cov: 3756 ft: 11841 corp: 5760/547Kb lim: 4096 exec/s: 69458 rss: 706Mb L: 210/3827 MS: 1 EraseBytes-
#17664444	REDUCE cov: 3756 ft: 11841 corp: 5760/546Kb lim: 4096 exec/s: 69545 rss: 706Mb L: 323/3827 MS: 1 EraseBytes-
#17671290	REDUCE cov: 3756 ft: 11841 corp: 5760/546Kb lim: 4096 exec/s: 69572 rss: 706Mb L: 105/3827 MS: 1 EraseBytes-
#17700201	REDUCE cov: 3756 ft: 11841 corp: 5760/546Kb lim: 4096 exec/s: 69685 rss: 706Mb L: 76/3827 MS: 1 EraseBytes-
#17716552	REDUCE cov: 3756 ft: 11841 corp: 5760/546Kb lim: 4096 exec/s: 69476 rss: 706Mb L: 94/3827 MS: 1 EraseBytes-
#17727183	REDUCE cov: 3756 ft: 11841 corp: 5760/546Kb lim: 4096 exec/s: 69518 rss: 706Mb L: 29/3827 MS: 1 EraseBytes-
#17741939	REDUCE cov: 3756 ft: 11841 corp: 5760/546Kb lim: 4096 exec/s: 69576 rss: 706Mb L: 2619/3827 MS: 1 EraseBytes-
#17746055	REDUCE cov: 3756 ft: 11841 corp: 5760/546Kb lim: 4096 exec/s: 69592 rss: 706Mb L: 185/3827 MS: 1 EraseBytes-
#17771707	REDUCE cov: 3756 ft: 11841 corp: 5760/546Kb lim: 4096 exec/s: 69692 rss: 706Mb L: 198/3827 MS: 2 ShuffleBytes-EraseBytes-
#17786233	REDUCE cov: 3756 ft: 11841 corp: 5760/546Kb lim: 4096 exec/s: 69477 rss: 706Mb L: 131/3827 MS: 1 EraseBytes-
#17800009	REDUCE cov: 3756 ft: 11841 corp: 5760/546Kb lim: 4096 exec/s: 69531 rss: 706Mb L: 38/3827 MS: 1 EraseBytes-
#17865896	REDUCE cov: 3756 ft: 11841 corp: 5760/546Kb lim: 4096 exec/s: 69788 rss: 706Mb L: 73/3827 MS: 2 ShuffleBytes-EraseBytes-
#17869307	REDUCE cov: 3756 ft: 11841 corp: 5760/546Kb lim: 4096 exec/s: 69801 rss: 706Mb L: 46/3827 MS: 1 EraseBytes-
#17878788	REDUCE cov: 3756 ft: 11841 corp: 5760/546Kb lim: 4096 exec/s: 69567 rss: 706Mb L: 119/3827 MS: 1 EraseBytes-
#17879099	REDUCE cov: 3756 ft: 11841 corp: 5760/546Kb lim: 4096 exec/s: 69568 rss: 706Mb L: 40/3827 MS: 1 EraseBytes-
#17925397	REDUCE cov: 3756 ft: 11841 corp: 5760/546Kb lim: 4096 exec/s: 69748 rss: 706Mb L: 176/3827 MS: 3 ShuffleBytes-ShuffleBytes-EraseBytes-
#17990928	REDUCE cov: 3756 ft: 11841 corp: 5760/546Kb lim: 4096 exec/s: 69732 rss: 706Mb L: 81/3827 MS: 1 EraseBytes-
#17999500	REDUCE cov: 3756 ft: 11844 corp: 5761/547Kb lim: 4096 exec/s: 69765 rss: 706Mb L: 499/3827 MS: 2 InsertByte-CrossOver-
#18004492	REDUCE cov: 3756 ft: 11844 corp: 5761/547Kb lim: 4096 exec/s: 69784 rss: 706Mb L: 108/3827 MS: 2 CMP-EraseBytes- DE: "node"-
#18013359	REDUCE cov: 3756 ft: 11844 corp: 5761/547Kb lim: 4096 exec/s: 69819 rss: 706Mb L: 366/3827 MS: 2 ChangeBit-EraseBytes-
#18018125	REDUCE cov: 3756 ft: 11844 corp: 5761/547Kb lim: 4096 exec/s: 69837 rss: 706Mb L: 136/3827 MS: 1 EraseBytes-
#18064746	REDUCE cov: 3756 ft: 11845 corp: 5762/547Kb lim: 4096 exec/s: 70018 rss: 706Mb L: 366/3827 MS: 1 ShuffleBytes-
#18085427	REDUCE cov: 3756 ft: 11845 corp: 5762/547Kb lim: 4096 exec/s: 69827 rss: 706Mb L: 29/3827 MS: 1 EraseBytes-
#18091473	REDUCE cov: 3756 ft: 11846 corp: 5763/547Kb lim: 4096 exec/s: 69851 rss: 706Mb L: 366/3827 MS: 1 PersAutoDict- DE: "\001\000\000\000\000\000\000\327"-
#18091889	REDUCE cov: 3756 ft: 11846 corp: 5763/547Kb lim: 4096 exec/s: 69852 rss: 706Mb L: 68/3827 MS: 1 EraseBytes-
#18108210	REDUCE cov: 3756 ft: 11848 corp: 5764/548Kb lim: 4096 exec/s: 69915 rss: 706Mb L: 367/3827 MS: 1 InsertByte-
#18112882	REDUCE cov: 3756 ft: 11848 corp: 5764/548Kb lim: 4096 exec/s: 69933 rss: 706Mb L: 127/3827 MS: 2 ChangeASCIIInt-EraseBytes-
#18123736	REDUCE cov: 3756 ft: 11848 corp: 5764/548Kb lim: 4096 exec/s: 69975 rss: 706Mb L: 338/3827 MS: 4 ShuffleBytes-ChangeBit-ChangeASCIIInt-EraseBytes-
#18133177	REDUCE cov: 3756 ft: 11848 corp: 5764/548Kb lim: 4096 exec/s: 70012 rss: 706Mb L: 89/3827 MS: 1 EraseBytes-
#18192718	REDUCE cov: 3756 ft: 11848 corp: 5764/548Kb lim: 4096 exec/s: 69971 rss: 706Mb L: 58/3827 MS: 1 EraseBytes-
#18206354	REDUCE cov: 3756 ft: 11848 corp: 5764/548Kb lim: 4096 exec/s: 70024 rss: 706Mb L: 37/3827 MS: 1 EraseBytes-
#18210210	REDUCE cov: 3756 ft: 11848 corp: 5764/548Kb lim: 4096 exec/s: 70039 rss: 706Mb L: 73/3827 MS: 1 EraseBytes-
#18219756	REDUCE cov: 3756 ft: 11848 corp: 5764/548Kb lim: 4096 exec/s: 70075 rss: 706Mb L: 404/3827 MS: 1 EraseBytes-
#18224222	REDUCE cov: 3756 ft: 11848 corp: 5764/548Kb lim: 4096 exec/s: 70093 rss: 706Mb L: 359/3827 MS: 1 EraseBytes-
#18240938	REDUCE cov: 3756 ft: 11848 corp: 5764/548Kb lim: 4096 exec/s: 69888 rss: 706Mb L: 1307/3827 MS: 1 EraseBytes-
#18249959	REDUCE cov: 3756 ft: 11848 corp: 5764/548Kb lim: 4096 exec/s: 69923 rss: 706Mb L: 1114/3827 MS: 1 EraseBytes-
#18250650	REDUCE cov: 3756 ft: 11848 corp: 5764/548Kb lim: 4096 exec/s: 69925 rss: 706Mb L: 94/3827 MS: 1 EraseBytes-
#18258146	REDUCE cov: 3756 ft: 11848 corp: 5764/548Kb lim: 4096 exec/s: 69954 rss: 706Mb L: 167/3827 MS: 1 EraseBytes-
#18261957	REDUCE cov: 3756 ft: 11848 corp: 5764/548Kb lim: 4096 exec/s: 69969 rss: 706Mb L: 112/3827 MS: 1 EraseBytes-
#18261986	REDUCE cov: 3756 ft: 11848 corp: 5764/548Kb lim: 4096 exec/s: 69969 rss: 706Mb L: 363/3827 MS: 4 ChangeBit-ShuffleBytes-ChangeASCIIInt-EraseBytes-
#18272217	REDUCE cov: 3756 ft: 11848 corp: 5764/548Kb lim: 4096 exec/s: 70008 rss: 706Mb L: 300/3827 MS: 1 EraseBytes-
#18275078	REDUCE cov: 3756 ft: 11848 corp: 5764/548Kb lim: 4096 exec/s: 70019 rss: 706Mb L: 71/3827 MS: 1 EraseBytes-
#18285234	REDUCE cov: 3756 ft: 11848 corp: 5764/548Kb lim: 4096 exec/s: 70058 rss: 706Mb L: 68/3827 MS: 1 EraseBytes-
#18290956	REDUCE cov: 3756 ft: 11848 corp: 5764/548Kb lim: 4096 exec/s: 70080 rss: 706Mb L: 33/3827 MS: 2 ChangeBinInt-EraseBytes-
#18307888	REDUCE cov: 3756 ft: 11848 corp: 5764/548Kb lim: 4096 exec/s: 70145 rss: 706Mb L: 311/3827 MS: 2 CrossOver-EraseBytes-
#18308780	REDUCE cov: 3756 ft: 11848 corp: 5764/547Kb lim: 4096 exec/s: 70148 rss: 706Mb L: 2901/3827 MS: 2 ShuffleBytes-EraseBytes-
#18318706	REDUCE cov: 3756 ft: 11848 corp: 5764/547Kb lim: 4096 exec/s: 69918 rss: 706Mb L: 473/3827 MS: 1 EraseBytes-
#18329838	REDUCE cov: 3756 ft: 11848 corp: 5764/547Kb lim: 4096 exec/s: 69961 rss: 706Mb L: 348/3827 MS: 2 CMP-EraseBytes- DE: "create-nod&::[{"-
#18376079	REDUCE cov: 3756 ft: 11848 corp: 5764/547Kb lim: 4096 exec/s: 70137 rss: 706Mb L: 104/3827 MS: 1 EraseBytes-
#18391165	REDUCE cov: 3756 ft: 11848 corp: 5764/547Kb lim: 4096 exec/s: 70195 rss: 706Mb L: 306/3827 MS: 1 EraseBytes-
#18392092	REDUCE cov: 3756 ft: 11848 corp: 5764/547Kb lim: 4096 exec/s: 69931 rss: 706Mb L: 309/3827 MS: 2 CopyPart-EraseBytes-
#18449008	REDUCE cov: 3756 ft: 11848 corp: 5764/547Kb lim: 4096 exec/s: 70148 rss: 706Mb L: 260/3827 MS: 1 EraseBytes-
#18456129	REDUCE cov: 3756 ft: 11848 corp: 5764/547Kb lim: 4096 exec/s: 69909 rss: 706Mb L: 242/3827 MS: 1 EraseBytes-
#18481732	REDUCE cov: 3756 ft: 11848 corp: 5764/547Kb lim: 4096 exec/s: 70006 rss: 706Mb L: 147/3827 MS: 3 CrossOver-PersAutoDict-EraseBytes- DE: "4\000\000\000"-
#18492584	REDUCE cov: 3756 ft: 11848 corp: 5764/547Kb lim: 4096 exec/s: 70047 rss: 706Mb L: 227/3827 MS: 2 ChangeBit-EraseBytes-
#18497050	REDUCE cov: 3756 ft: 11848 corp: 5764/547Kb lim: 4096 exec/s: 70064 rss: 706Mb L: 161/3827 MS: 1 EraseBytes-
#18505706	REDUCE cov: 3756 ft: 11848 corp: 5764/547Kb lim: 4096 exec/s: 70097 rss: 706Mb L: 422/3827 MS: 1 EraseBytes-
#18526917	REDUCE cov: 3756 ft: 11848 corp: 5764/547Kb lim: 4096 exec/s: 69912 rss: 706Mb L: 170/3827 MS: 1 EraseBytes-
#18544278	REDUCE cov: 3756 ft: 11848 corp: 5764/547Kb lim: 4096 exec/s: 69978 rss: 706Mb L: 296/3827 MS: 1 EraseBytes-
#18590144	REDUCE cov: 3756 ft: 11848 corp: 5764/547Kb lim: 4096 exec/s: 70151 rss: 706Mb L: 175/3827 MS: 1 EraseBytes-
#18599490	REDUCE cov: 3756 ft: 11848 corp: 5764/547Kb lim: 4096 exec/s: 70186 rss: 706Mb L: 41/3827 MS: 1 EraseBytes-
#18609181	REDUCE cov: 3756 ft: 11848 corp: 5764/547Kb lim: 4096 exec/s: 70223 rss: 706Mb L: 71/3827 MS: 1 EraseBytes-
#18675687	REDUCE cov: 3756 ft: 11848 corp: 5764/547Kb lim: 4096 exec/s: 70209 rss: 706Mb L: 49/3827 MS: 1 EraseBytes-
#18679563	REDUCE cov: 3756 ft: 11848 corp: 5764/547Kb lim: 4096 exec/s: 70223 rss: 706Mb L: 88/3827 MS: 1 EraseBytes-
#18688115	REDUCE cov: 3756 ft: 11848 corp: 5764/547Kb lim: 4096 exec/s: 70256 rss: 706Mb L: 194/3827 MS: 2 CMP-EraseBytes- DE: "\376\377\377\311"-
#18729887	REDUCE cov: 3756 ft: 11848 corp: 5764/547Kb lim: 4096 exec/s: 70149 rss: 706Mb L: 87/3827 MS: 2 EraseBytes-ShuffleBytes-
#18786653	REDUCE cov: 3756 ft: 11848 corp: 5764/547Kb lim: 4096 exec/s: 70361 rss: 706Mb L: 50/3827 MS: 1 EraseBytes-
#18792690	REDUCE cov: 3756 ft: 11848 corp: 5764/547Kb lim: 4096 exec/s: 70384 rss: 706Mb L: 476/3827 MS: 2 ShuffleBytes-EraseBytes-
#18797126	REDUCE cov: 3756 ft: 11848 corp: 5764/547Kb lim: 4096 exec/s: 70138 rss: 706Mb L: 80/3827 MS: 1 EraseBytes-
#18802252	REDUCE cov: 3756 ft: 11848 corp: 5764/547Kb lim: 4096 exec/s: 70157 rss: 706Mb L: 183/3827 MS: 1 EraseBytes-
#18812713	REDUCE cov: 3756 ft: 11848 corp: 5764/547Kb lim: 4096 exec/s: 70196 rss: 706Mb L: 99/3827 MS: 1 EraseBytes-
#18815214	REDUCE cov: 3756 ft: 11848 corp: 5764/547Kb lim: 4096 exec/s: 70206 rss: 706Mb L: 41/3827 MS: 1 EraseBytes-
#18830970	REDUCE cov: 3756 ft: 11848 corp: 5764/547Kb lim: 4096 exec/s: 70264 rss: 706Mb L: 70/3827 MS: 1 EraseBytes-
#18835556	REDUCE cov: 3756 ft: 11848 corp: 5764/547Kb lim: 4096 exec/s: 70281 rss: 706Mb L: 74/3827 MS: 1 EraseBytes-
#18837197	REDUCE cov: 3756 ft: 11848 corp: 5764/547Kb lim: 4096 exec/s: 70288 rss: 706Mb L: 40/3827 MS: 1 EraseBytes-
#18839088	REDUCE cov: 3756 ft: 11848 corp: 5764/547Kb lim: 4096 exec/s: 70295 rss: 706Mb L: 86/3827 MS: 1 EraseBytes-
#18839204	REDUCE cov: 3756 ft: 11848 corp: 5764/547Kb lim: 4096 exec/s: 70295 rss: 706Mb L: 36/3827 MS: 1 EraseBytes-
#18904760	REDUCE cov: 3756 ft: 11848 corp: 5764/547Kb lim: 4096 exec/s: 70277 rss: 706Mb L: 96/3827 MS: 1 EraseBytes-
#18913721	REDUCE cov: 3756 ft: 11848 corp: 5764/547Kb lim: 4096 exec/s: 70311 rss: 706Mb L: 93/3827 MS: 1 EraseBytes-
#18918017	REDUCE cov: 3756 ft: 11848 corp: 5764/547Kb lim: 4096 exec/s: 70327 rss: 706Mb L: 1783/3827 MS: 1 EraseBytes-
#18922392	REDUCE cov: 3756 ft: 11848 corp: 5764/547Kb lim: 4096 exec/s: 70343 rss: 706Mb L: 822/3827 MS: 5 ChangeBit-ChangeBit-ChangeBit-ChangeBit-EraseBytes-
#18925428	REDUCE cov: 3756 ft: 11848 corp: 5764/547Kb lim: 4096 exec/s: 70354 rss: 706Mb L: 142/3827 MS: 1 EraseBytes-
#18928839	REDUCE cov: 3756 ft: 11848 corp: 5764/547Kb lim: 4096 exec/s: 70367 rss: 706Mb L: 71/3827 MS: 1 EraseBytes-
#18964180	REDUCE cov: 3756 ft: 11848 corp: 5764/547Kb lim: 4096 exec/s: 70498 rss: 706Mb L: 122/3827 MS: 1 EraseBytes-
#18965571	REDUCE cov: 3756 ft: 11848 corp: 5764/547Kb lim: 4096 exec/s: 70503 rss: 706Mb L: 269/3827 MS: 1 EraseBytes-
#18975603	REDUCE cov: 3756 ft: 11848 corp: 5764/547Kb lim: 4096 exec/s: 70541 rss: 706Mb L: 131/3827 MS: 2 EraseBytes-InsertByte-
#18991136	REDUCE cov: 3756 ft: 11848 corp: 5764/547Kb lim: 4096 exec/s: 70337 rss: 706Mb L: 220/3827 MS: 3 CrossOver-ChangeByte-EraseBytes-
#18997737	REDUCE cov: 3756 ft: 11848 corp: 5764/547Kb lim: 4096 exec/s: 70361 rss: 706Mb L: 157/3827 MS: 1 EraseBytes-
#19012543	REDUCE cov: 3756 ft: 11848 corp: 5764/547Kb lim: 4096 exec/s: 70416 rss: 706Mb L: 415/3827 MS: 1 EraseBytes-
#19073444	REDUCE cov: 3756 ft: 11848 corp: 5764/547Kb lim: 4096 exec/s: 70381 rss: 706Mb L: 80/3827 MS: 1 EraseBytes-
#19075535	REDUCE cov: 3756 ft: 11848 corp: 5764/547Kb lim: 4096 exec/s: 70389 rss: 706Mb L: 164/3827 MS: 1 EraseBytes-
#19103006	REDUCE cov: 3756 ft: 11848 corp: 5764/547Kb lim: 4096 exec/s: 70490 rss: 706Mb L: 116/3827 MS: 1 EraseBytes-
#19103807	REDUCE cov: 3756 ft: 11848 corp: 5764/547Kb lim: 4096 exec/s: 70493 rss: 706Mb L: 107/3827 MS: 1 EraseBytes-
#19104753	REDUCE cov: 3756 ft: 11848 corp: 5764/547Kb lim: 4096 exec/s: 70497 rss: 706Mb L: 185/3827 MS: 1 EraseBytes-
#19108934	REDUCE cov: 3756 ft: 11848 corp: 5764/547Kb lim: 4096 exec/s: 70512 rss: 706Mb L: 130/3827 MS: 1 EraseBytes-
#19167835	REDUCE cov: 3756 ft: 11849 corp: 5765/547Kb lim: 4096 exec/s: 70469 rss: 706Mb L: 142/3827 MS: 1 CrossOver-
#19200761	REDUCE cov: 3756 ft: 11849 corp: 5765/547Kb lim: 4096 exec/s: 70332 rss: 706Mb L: 43/3827 MS: 1 EraseBytes-
#19206247	NEW    cov: 3756 ft: 11875 corp: 5766/547Kb lim: 4096 exec/s: 70352 rss: 706Mb L: 92/3827 MS: 1 CrossOver-
#19207659	REDUCE cov: 3756 ft: 11877 corp: 5767/547Kb lim: 4096 exec/s: 70357 rss: 706Mb L: 132/3827 MS: 2 CopyPart-CopyPart-
#19220595	REDUCE cov: 3756 ft: 11877 corp: 5767/547Kb lim: 4096 exec/s: 70405 rss: 706Mb L: 928/3827 MS: 1 EraseBytes-
#19238501	REDUCE cov: 3756 ft: 11877 corp: 5767/547Kb lim: 4096 exec/s: 70470 rss: 706Mb L: 63/3827 MS: 1 EraseBytes-
#19239957	REDUCE cov: 3756 ft: 11877 corp: 5767/547Kb lim: 4096 exec/s: 70476 rss: 706Mb L: 68/3827 MS: 1 EraseBytes-
#19267938	REDUCE cov: 3756 ft: 11877 corp: 5767/547Kb lim: 4096 exec/s: 70320 rss: 706Mb L: 72/3827 MS: 1 EraseBytes-
#19287661	REDUCE cov: 3756 ft: 11877 corp: 5767/547Kb lim: 4096 exec/s: 70392 rss: 706Mb L: 125/3827 MS: 3 ChangeASCIIInt-ChangeBit-EraseBytes-
#19302457	REDUCE cov: 3756 ft: 11877 corp: 5767/547Kb lim: 4096 exec/s: 70446 rss: 706Mb L: 118/3827 MS: 1 EraseBytes-
#19311198	REDUCE cov: 3756 ft: 11877 corp: 5767/547Kb lim: 4096 exec/s: 70478 rss: 706Mb L: 108/3827 MS: 1 EraseBytes-
#19317584	REDUCE cov: 3756 ft: 11877 corp: 5767/547Kb lim: 4096 exec/s: 70502 rss: 706Mb L: 181/3827 MS: 1 EraseBytes-
#19365775	REDUCE cov: 3756 ft: 11877 corp: 5767/547Kb lim: 4096 exec/s: 70421 rss: 706Mb L: 81/3827 MS: 1 EraseBytes-
#19366307	REDUCE cov: 3756 ft: 11877 corp: 5767/547Kb lim: 4096 exec/s: 70422 rss: 706Mb L: 253/3827 MS: 2 ChangeBit-EraseBytes-
#19375568	NEW    cov: 3756 ft: 11878 corp: 5768/547Kb lim: 4096 exec/s: 70456 rss: 706Mb L: 106/3827 MS: 1 CopyPart-
#19402479	REDUCE cov: 3756 ft: 11878 corp: 5768/547Kb lim: 4096 exec/s: 70298 rss: 706Mb L: 104/3827 MS: 1 EraseBytes-
#19445303	REDUCE cov: 3756 ft: 11878 corp: 5768/547Kb lim: 4096 exec/s: 70453 rss: 706Mb L: 338/3827 MS: 4 ShuffleBytes-ShuffleBytes-CrossOver-EraseBytes-
#19452360	REDUCE cov: 3756 ft: 11878 corp: 5768/547Kb lim: 4096 exec/s: 70479 rss: 706Mb L: 81/3827 MS: 2 PersAutoDict-EraseBytes- DE: "create-nod&::[{"-
#19467456	REDUCE cov: 3756 ft: 11878 corp: 5768/547Kb lim: 4096 exec/s: 70534 rss: 706Mb L: 83/3827 MS: 1 EraseBytes-
#19556287	REDUCE cov: 3756 ft: 11878 corp: 5768/547Kb lim: 4096 exec/s: 70346 rss: 706Mb L: 42/3827 MS: 1 EraseBytes-
#19587653	REDUCE cov: 3756 ft: 11878 corp: 5768/547Kb lim: 4096 exec/s: 70459 rss: 706Mb L: 370/3827 MS: 1 EraseBytes-
#19598969	REDUCE cov: 3756 ft: 11878 corp: 5768/547Kb lim: 4096 exec/s: 70247 rss: 706Mb L: 112/3827 MS: 1 EraseBytes-
#19616270	REDUCE cov: 3756 ft: 11878 corp: 5768/547Kb lim: 4096 exec/s: 70309 rss: 706Mb L: 99/3827 MS: 1 EraseBytes-
#19640677	REDUCE cov: 3756 ft: 11878 corp: 5768/547Kb lim: 4096 exec/s: 70396 rss: 706Mb L: 3424/3827 MS: 2 ChangeBit-EraseBytes-
#19696613	REDUCE cov: 3756 ft: 11878 corp: 5768/547Kb lim: 4096 exec/s: 70345 rss: 706Mb L: 47/3827 MS: 1 EraseBytes-
#19702894	REDUCE cov: 3756 ft: 11878 corp: 5768/547Kb lim: 4096 exec/s: 70367 rss: 706Mb L: 103/3827 MS: 1 EraseBytes-
#19715650	REDUCE cov: 3756 ft: 11878 corp: 5768/547Kb lim: 4096 exec/s: 70413 rss: 706Mb L: 216/3827 MS: 1 EraseBytes-
#19720332	REDUCE cov: 3756 ft: 11878 corp: 5768/547Kb lim: 4096 exec/s: 70429 rss: 706Mb L: 2423/3827 MS: 2 ShuffleBytes-EraseBytes-
#19733558	REDUCE cov: 3756 ft: 11878 corp: 5768/547Kb lim: 4096 exec/s: 70476 rss: 706Mb L: 132/3827 MS: 1 EraseBytes-
#19796294	REDUCE cov: 3756 ft: 11878 corp: 5768/547Kb lim: 4096 exec/s: 70449 rss: 706Mb L: 77/3827 MS: 1 EraseBytes-
#19803740	NEW    cov: 3756 ft: 11880 corp: 5769/547Kb lim: 4096 exec/s: 70226 rss: 706Mb L: 170/3827 MS: 1 CrossOver-
#19835581	REDUCE cov: 3756 ft: 11880 corp: 5769/547Kb lim: 4096 exec/s: 70338 rss: 706Mb L: 96/3827 MS: 1 EraseBytes-
#19846352	REDUCE cov: 3756 ft: 11880 corp: 5769/547Kb lim: 4096 exec/s: 70377 rss: 706Mb L: 264/3827 MS: 1 EraseBytes-
#19865143	REDUCE cov: 3756 ft: 11880 corp: 5769/547Kb lim: 4096 exec/s: 70443 rss: 706Mb L: 32/3827 MS: 1 EraseBytes-
#19870399	REDUCE cov: 3756 ft: 11880 corp: 5769/547Kb lim: 4096 exec/s: 70462 rss: 706Mb L: 138/3827 MS: 1 EraseBytes-
#19874987	REDUCE cov: 3756 ft: 11880 corp: 5769/547Kb lim: 4096 exec/s: 70478 rss: 706Mb L: 96/3827 MS: 3 ChangeASCIIInt-CopyPart-EraseBytes-
#19900688	REDUCE cov: 3756 ft: 11880 corp: 5769/547Kb lim: 4096 exec/s: 70320 rss: 706Mb L: 71/3827 MS: 1 EraseBytes-
#19902819	REDUCE cov: 3756 ft: 11880 corp: 5769/547Kb lim: 4096 exec/s: 70327 rss: 706Mb L: 482/3827 MS: 1 EraseBytes-
#19904335	REDUCE cov: 3756 ft: 11880 corp: 5769/547Kb lim: 4096 exec/s: 70333 rss: 706Mb L: 252/3827 MS: 1 EraseBytes-
#19914896	REDUCE cov: 3756 ft: 11880 corp: 5769/547Kb lim: 4096 exec/s: 70370 rss: 706Mb L: 192/3827 MS: 1 EraseBytes-
#19964777	NEW    cov: 3756 ft: 11882 corp: 5770/547Kb lim: 4096 exec/s: 70298 rss: 706Mb L: 170/3827 MS: 1 CrossOver-
#19964898	REDUCE cov: 3756 ft: 11882 corp: 5770/547Kb lim: 4096 exec/s: 70298 rss: 706Mb L: 185/3827 MS: 1 EraseBytes-
#19975044	REDUCE cov: 3756 ft: 11882 corp: 5770/547Kb lim: 4096 exec/s: 70334 rss: 706Mb L: 20/3827 MS: 1 EraseBytes-
#20043690	REDUCE cov: 3756 ft: 11882 corp: 5770/547Kb lim: 4096 exec/s: 70328 rss: 706Mb L: 1230/3827 MS: 1 EraseBytes-
#20049251	NEW    cov: 3756 ft: 11884 corp: 5771/548Kb lim: 4096 exec/s: 70348 rss: 706Mb L: 170/3827 MS: 1 CMP- DE: "\013\000\000\000"-
#20058768	REDUCE cov: 3756 ft: 11884 corp: 5771/548Kb lim: 4096 exec/s: 70381 rss: 706Mb L: 77/3827 MS: 2 ChangeASCIIInt-EraseBytes-
#20084784	REDUCE cov: 3756 ft: 11884 corp: 5771/548Kb lim: 4096 exec/s: 70226 rss: 706Mb L: 94/3827 MS: 1 EraseBytes-
#20117655	REDUCE cov: 3756 ft: 11884 corp: 5771/548Kb lim: 4096 exec/s: 70341 rss: 706Mb L: 43/3827 MS: 1 EraseBytes-
#20128172	REDUCE cov: 3756 ft: 11884 corp: 5771/548Kb lim: 4096 exec/s: 70378 rss: 706Mb L: 61/3827 MS: 2 CopyPart-EraseBytes-
#20132578	REDUCE cov: 3756 ft: 11884 corp: 5771/548Kb lim: 4096 exec/s: 70393 rss: 706Mb L: 54/3827 MS: 1 EraseBytes-
#20142480	REDUCE cov: 3756 ft: 11884 corp: 5771/548Kb lim: 4096 exec/s: 70428 rss: 706Mb L: 185/3827 MS: 2 ChangeByte-EraseBytes-
#20158816	REDUCE cov: 3757 ft: 11885 corp: 5772/548Kb lim: 4096 exec/s: 70485 rss: 706Mb L: 297/3827 MS: 1 InsertByte-
#20167902	REDUCE cov: 3757 ft: 11885 corp: 5772/548Kb lim: 4096 exec/s: 70517 rss: 706Mb L: 51/3827 MS: 1 EraseBytes-
#20204048	REDUCE cov: 3757 ft: 11885 corp: 5772/548Kb lim: 4096 exec/s: 70397 rss: 706Mb L: 74/3827 MS: 1 EraseBytes-
#20227744	REDUCE cov: 3757 ft: 11885 corp: 5772/548Kb lim: 4096 exec/s: 70235 rss: 706Mb L: 172/3827 MS: 1 EraseBytes-
#20229651	NEW    cov: 3757 ft: 11886 corp: 5773/548Kb lim: 4096 exec/s: 70241 rss: 706Mb L: 200/3827 MS: 2 ChangeASCIIInt-InsertRepeatedBytes-
#20238807	REDUCE cov: 3757 ft: 11886 corp: 5773/548Kb lim: 4096 exec/s: 70273 rss: 706Mb L: 50/3827 MS: 1 EraseBytes-
#20278923	REDUCE cov: 3757 ft: 11886 corp: 5773/548Kb lim: 4096 exec/s: 70412 rss: 706Mb L: 185/3827 MS: 1 EraseBytes-
#20308299	NEW    cov: 3757 ft: 11887 corp: 5774/548Kb lim: 4096 exec/s: 70270 rss: 706Mb L: 200/3827 MS: 1 CopyPart-
#20316720	REDUCE cov: 3757 ft: 11887 corp: 5774/548Kb lim: 4096 exec/s: 70300 rss: 706Mb L: 128/3827 MS: 1 EraseBytes-
#20336601	REDUCE cov: 3757 ft: 11887 corp: 5774/548Kb lim: 4096 exec/s: 70368 rss: 706Mb L: 279/3827 MS: 1 EraseBytes-
#20337022	REDUCE cov: 3757 ft: 11887 corp: 5774/548Kb lim: 4096 exec/s: 70370 rss: 706Mb L: 56/3827 MS: 1 EraseBytes-
#20344752	REDUCE cov: 3757 ft: 11887 corp: 5774/548Kb lim: 4096 exec/s: 70397 rss: 706Mb L: 420/3827 MS: 5 ChangeASCIIInt-ChangeASCIIInt-InsertByte-PersAutoDict-EraseBytes- DE: "\001\000\000\000\000\000\0006"-
#20356308	NEW    cov: 3757 ft: 11888 corp: 5775/548Kb lim: 4096 exec/s: 70194 rss: 706Mb L: 232/3827 MS: 1 InsertRepeatedBytes-
#20368309	REDUCE cov: 3757 ft: 11888 corp: 5775/548Kb lim: 4096 exec/s: 70235 rss: 706Mb L: 100/3827 MS: 1 EraseBytes-
#20372795	NEW    cov: 3757 ft: 11889 corp: 5776/549Kb lim: 4096 exec/s: 70251 rss: 706Mb L: 305/3827 MS: 1 InsertRepeatedBytes-
#20373571	NEW    cov: 3757 ft: 11890 corp: 5777/549Kb lim: 4096 exec/s: 70253 rss: 706Mb L: 170/3827 MS: 1 CopyPart-
#20384832	REDUCE cov: 3757 ft: 11890 corp: 5777/549Kb lim: 4096 exec/s: 70292 rss: 706Mb L: 61/3827 MS: 1 EraseBytes-
#20390038	REDUCE cov: 3757 ft: 11890 corp: 5777/549Kb lim: 4096 exec/s: 70310 rss: 706Mb L: 61/3827 MS: 1 EraseBytes-
#20391354	REDUCE cov: 3757 ft: 11890 corp: 5777/549Kb lim: 4096 exec/s: 70315 rss: 706Mb L: 130/3827 MS: 1 EraseBytes-
#20393340	REDUCE cov: 3757 ft: 11890 corp: 5777/549Kb lim: 4096 exec/s: 70321 rss: 706Mb L: 310/3827 MS: 1 EraseBytes-
#20393371	REDUCE cov: 3757 ft: 11890 corp: 5777/549Kb lim: 4096 exec/s: 70321 rss: 706Mb L: 130/3827 MS: 1 EraseBytes-
#20443402	REDUCE cov: 3757 ft: 11890 corp: 5777/549Kb lim: 4096 exec/s: 70252 rss: 706Mb L: 59/3827 MS: 1 EraseBytes-
#20444554	REDUCE cov: 3757 ft: 11893 corp: 5778/550Kb lim: 4096 exec/s: 70256 rss: 706Mb L: 956/3827 MS: 2 ShuffleBytes-CrossOver-
#20459690	NEW    cov: 3757 ft: 11896 corp: 5779/551Kb lim: 4096 exec/s: 70308 rss: 706Mb L: 960/3827 MS: 1 PersAutoDict- DE: "\013\000\000\000"-
#20472721	REDUCE cov: 3757 ft: 11896 corp: 5779/550Kb lim: 4096 exec/s: 70352 rss: 706Mb L: 815/3827 MS: 1 EraseBytes-
#20478188	REDUCE cov: 3757 ft: 11897 corp: 5780/551Kb lim: 4096 exec/s: 70130 rss: 706Mb L: 397/3827 MS: 2 InsertRepeatedBytes-CrossOver-
#20484429	REDUCE cov: 3757 ft: 11897 corp: 5780/551Kb lim: 4096 exec/s: 70152 rss: 706Mb L: 708/3827 MS: 1 EraseBytes-
#20498585	REDUCE cov: 3757 ft: 11897 corp: 5780/550Kb lim: 4096 exec/s: 70200 rss: 706Mb L: 1076/3827 MS: 1 EraseBytes-
#20506396	REDUCE cov: 3757 ft: 11897 corp: 5780/550Kb lim: 4096 exec/s: 70227 rss: 706Mb L: 69/3827 MS: 1 EraseBytes-
#20510657	REDUCE cov: 3757 ft: 11897 corp: 5780/550Kb lim: 4096 exec/s: 70241 rss: 706Mb L: 268/3827 MS: 1 EraseBytes-
#20511368	REDUCE cov: 3757 ft: 11897 corp: 5780/550Kb lim: 4096 exec/s: 70244 rss: 706Mb L: 180/3827 MS: 1 EraseBytes-
#20533524	REDUCE cov: 3757 ft: 11897 corp: 5780/550Kb lim: 4096 exec/s: 70320 rss: 706Mb L: 60/3827 MS: 1 EraseBytes-
#20539540	REDUCE cov: 3757 ft: 11897 corp: 5780/550Kb lim: 4096 exec/s: 70340 rss: 706Mb L: 589/3827 MS: 1 EraseBytes-
#20540531	REDUCE cov: 3757 ft: 11897 corp: 5780/550Kb lim: 4096 exec/s: 70344 rss: 706Mb L: 145/3827 MS: 1 EraseBytes-
#20546357	REDUCE cov: 3757 ft: 11897 corp: 5780/550Kb lim: 4096 exec/s: 70364 rss: 706Mb L: 127/3827 MS: 1 EraseBytes-
#20566734	REDUCE cov: 3757 ft: 11897 corp: 5780/550Kb lim: 4096 exec/s: 70193 rss: 706Mb L: 373/3827 MS: 2 CopyPart-EraseBytes-
#20605740	REDUCE cov: 3757 ft: 11897 corp: 5780/550Kb lim: 4096 exec/s: 70326 rss: 706Mb L: 456/3827 MS: 1 EraseBytes-
#20676441	REDUCE cov: 3757 ft: 11897 corp: 5780/550Kb lim: 4096 exec/s: 70328 rss: 706Mb L: 41/3827 MS: 1 EraseBytes-
#20682792	REDUCE cov: 3757 ft: 11897 corp: 5780/550Kb lim: 4096 exec/s: 70349 rss: 706Mb L: 172/3827 MS: 1 EraseBytes-
#20692138	REDUCE cov: 3757 ft: 11897 corp: 5780/550Kb lim: 4096 exec/s: 70381 rss: 706Mb L: 205/3827 MS: 1 EraseBytes-
#20692672	REDUCE cov: 3757 ft: 11897 corp: 5780/550Kb lim: 4096 exec/s: 70383 rss: 706Mb L: 259/3827 MS: 4 InsertByte-ChangeByte-ChangeASCIIInt-EraseBytes-
#20699318	REDUCE cov: 3757 ft: 11897 corp: 5780/550Kb lim: 4096 exec/s: 70167 rss: 706Mb L: 68/3827 MS: 1 EraseBytes-
#20733000	REDUCE cov: 3758 ft: 11898 corp: 5781/550Kb lim: 4096 exec/s: 70281 rss: 706Mb L: 65/3827 MS: 2 CopyPart-EraseBytes-
#20745343	REDUCE cov: 3758 ft: 11898 corp: 5781/550Kb lim: 4096 exec/s: 70323 rss: 706Mb L: 213/3827 MS: 3 EraseBytes-ChangeASCIIInt-CopyPart-
#20774905	REDUCE cov: 3758 ft: 11898 corp: 5781/550Kb lim: 4096 exec/s: 70185 rss: 706Mb L: 86/3827 MS: 2 ChangeASCIIInt-EraseBytes-
#20776976	REDUCE cov: 3758 ft: 11898 corp: 5781/550Kb lim: 4096 exec/s: 70192 rss: 706Mb L: 224/3827 MS: 1 EraseBytes-
#20791138	REDUCE cov: 3758 ft: 11898 corp: 5781/550Kb lim: 4096 exec/s: 70240 rss: 706Mb L: 303/3827 MS: 2 ChangeBinInt-EraseBytes-
#20794149	REDUCE cov: 3758 ft: 11898 corp: 5781/550Kb lim: 4096 exec/s: 70250 rss: 706Mb L: 1024/3827 MS: 1 EraseBytes-
#20836610	REDUCE cov: 3758 ft: 11898 corp: 5781/550Kb lim: 4096 exec/s: 70393 rss: 706Mb L: 186/3827 MS: 1 EraseBytes-
#20844281	REDUCE cov: 3758 ft: 11898 corp: 5781/550Kb lim: 4096 exec/s: 70182 rss: 706Mb L: 238/3827 MS: 1 EraseBytes-
#20855702	REDUCE cov: 3758 ft: 11898 corp: 5781/550Kb lim: 4096 exec/s: 70221 rss: 706Mb L: 38/3827 MS: 1 EraseBytes-
#20928488	REDUCE cov: 3758 ft: 11898 corp: 5781/550Kb lim: 4096 exec/s: 70229 rss: 706Mb L: 159/3827 MS: 1 EraseBytes-
#20930577	REDUCE cov: 3758 ft: 11898 corp: 5781/550Kb lim: 4096 exec/s: 70236 rss: 706Mb L: 405/3827 MS: 4 ShuffleBytes-ChangeByte-ChangeASCIIInt-EraseBytes-
#20945784	REDUCE cov: 3758 ft: 11898 corp: 5781/550Kb lim: 4096 exec/s: 70287 rss: 706Mb L: 65/3827 MS: 2 CopyPart-EraseBytes-
#20975532	REDUCE cov: 3758 ft: 11898 corp: 5781/550Kb lim: 4096 exec/s: 70152 rss: 706Mb L: 94/3827 MS: 3 ShuffleBytes-ChangeASCIIInt-EraseBytes-
#20990973	REDUCE cov: 3758 ft: 11898 corp: 5781/550Kb lim: 4096 exec/s: 70203 rss: 706Mb L: 1058/3827 MS: 1 EraseBytes-
#21017654	REDUCE cov: 3758 ft: 11898 corp: 5781/550Kb lim: 4096 exec/s: 70293 rss: 706Mb L: 249/3827 MS: 1 EraseBytes-
#21034215	REDUCE cov: 3758 ft: 11898 corp: 5781/550Kb lim: 4096 exec/s: 70348 rss: 706Mb L: 99/3827 MS: 1 EraseBytes-
#21040736	REDUCE cov: 3758 ft: 11898 corp: 5781/550Kb lim: 4096 exec/s: 70370 rss: 706Mb L: 61/3827 MS: 1 EraseBytes-
#21062282	REDUCE cov: 3758 ft: 11898 corp: 5781/550Kb lim: 4096 exec/s: 70207 rss: 706Mb L: 223/3827 MS: 1 EraseBytes-
#21076313	REDUCE cov: 3758 ft: 11898 corp: 5781/550Kb lim: 4096 exec/s: 70254 rss: 706Mb L: 42/3827 MS: 1 EraseBytes-
#21089649	REDUCE cov: 3758 ft: 11898 corp: 5781/550Kb lim: 4096 exec/s: 70298 rss: 706Mb L: 190/3827 MS: 1 EraseBytes-
#21092841	REDUCE cov: 3758 ft: 11898 corp: 5781/550Kb lim: 4096 exec/s: 70309 rss: 706Mb L: 3792/3792 MS: 2 ChangeByte-EraseBytes-
#21097822	REDUCE cov: 3758 ft: 11898 corp: 5781/550Kb lim: 4096 exec/s: 70326 rss: 706Mb L: 137/3792 MS: 1 EraseBytes-
#21117558	REDUCE cov: 3758 ft: 11898 corp: 5781/550Kb lim: 4096 exec/s: 70391 rss: 706Mb L: 71/3792 MS: 1 EraseBytes-
#21120684	REDUCE cov: 3758 ft: 11898 corp: 5781/550Kb lim: 4096 exec/s: 70402 rss: 706Mb L: 96/3792 MS: 1 EraseBytes-
#21144905	REDUCE cov: 3758 ft: 11898 corp: 5781/550Kb lim: 4096 exec/s: 70248 rss: 706Mb L: 164/3792 MS: 1 EraseBytes-
#21155731	REDUCE cov: 3758 ft: 11898 corp: 5781/550Kb lim: 4096 exec/s: 70052 rss: 706Mb L: 233/3792 MS: 1 EraseBytes-
#21160812	REDUCE cov: 3758 ft: 11898 corp: 5781/550Kb lim: 4096 exec/s: 70068 rss: 706Mb L: 38/3792 MS: 1 EraseBytes-
#21162958	REDUCE cov: 3758 ft: 11898 corp: 5781/550Kb lim: 4096 exec/s: 70076 rss: 706Mb L: 76/3792 MS: 1 EraseBytes-
#21168429	REDUCE cov: 3758 ft: 11898 corp: 5781/550Kb lim: 4096 exec/s: 70094 rss: 706Mb L: 144/3792 MS: 1 EraseBytes-
#21171875	REDUCE cov: 3758 ft: 11898 corp: 5781/550Kb lim: 4096 exec/s: 70105 rss: 706Mb L: 92/3792 MS: 1 EraseBytes-
#21196661	REDUCE cov: 3758 ft: 11898 corp: 5781/550Kb lim: 4096 exec/s: 70187 rss: 706Mb L: 84/3792 MS: 1 EraseBytes-
#21201032	REDUCE cov: 3758 ft: 11898 corp: 5781/550Kb lim: 4096 exec/s: 70202 rss: 706Mb L: 167/3792 MS: 1 EraseBytes-
#21287258	REDUCE cov: 3758 ft: 11898 corp: 5781/550Kb lim: 4096 exec/s: 70023 rss: 706Mb L: 74/3792 MS: 1 EraseBytes-
#21294894	REDUCE cov: 3758 ft: 11898 corp: 5781/550Kb lim: 4096 exec/s: 70048 rss: 706Mb L: 59/3792 MS: 1 EraseBytes-
#21295355	REDUCE cov: 3758 ft: 11898 corp: 5781/550Kb lim: 4096 exec/s: 70050 rss: 706Mb L: 306/3792 MS: 1 EraseBytes-
#21303826	REDUCE cov: 3758 ft: 11898 corp: 5781/550Kb lim: 4096 exec/s: 70078 rss: 706Mb L: 189/3792 MS: 1 EraseBytes-
#21311772	REDUCE cov: 3758 ft: 11898 corp: 5781/550Kb lim: 4096 exec/s: 70104 rss: 706Mb L: 102/3792 MS: 1 EraseBytes-
#21314253	REDUCE cov: 3758 ft: 11898 corp: 5781/550Kb lim: 4096 exec/s: 70112 rss: 706Mb L: 113/3792 MS: 1 EraseBytes-
#21324695	REDUCE cov: 3758 ft: 11898 corp: 5781/550Kb lim: 4096 exec/s: 69917 rss: 706Mb L: 87/3792 MS: 2 ChangeByte-EraseBytes-
#21329936	REDUCE cov: 3758 ft: 11898 corp: 5781/550Kb lim: 4096 exec/s: 69934 rss: 706Mb L: 214/3792 MS: 1 EraseBytes-
#21337542	REDUCE cov: 3758 ft: 11898 corp: 5781/550Kb lim: 4096 exec/s: 69959 rss: 706Mb L: 47/3792 MS: 1 EraseBytes-
#21349323	REDUCE cov: 3758 ft: 11898 corp: 5781/550Kb lim: 4096 exec/s: 69997 rss: 706Mb L: 85/3792 MS: 1 EraseBytes-
#21358714	REDUCE cov: 3758 ft: 11898 corp: 5781/550Kb lim: 4096 exec/s: 70028 rss: 706Mb L: 287/3792 MS: 1 EraseBytes-
#21363565	REDUCE cov: 3758 ft: 11898 corp: 5781/550Kb lim: 4096 exec/s: 70044 rss: 706Mb L: 477/3792 MS: 1 EraseBytes-
#21387166	REDUCE cov: 3758 ft: 11898 corp: 5781/550Kb lim: 4096 exec/s: 69892 rss: 706Mb L: 128/3792 MS: 1 EraseBytes-
#21413957	REDUCE cov: 3758 ft: 11898 corp: 5781/550Kb lim: 4096 exec/s: 69980 rss: 706Mb L: 108/3792 MS: 1 EraseBytes-
#21422393	REDUCE cov: 3758 ft: 11898 corp: 5781/550Kb lim: 4096 exec/s: 70007 rss: 706Mb L: 159/3792 MS: 1 EraseBytes-
#21439454	REDUCE cov: 3758 ft: 11898 corp: 5781/550Kb lim: 4096 exec/s: 70063 rss: 706Mb L: 88/3792 MS: 1 EraseBytes-
#21448783	REDUCE cov: 3758 ft: 11898 corp: 5781/550Kb lim: 4096 exec/s: 70094 rss: 706Mb L: 63/3792 MS: 4 CrossOver-ShuffleBytes-ShuffleBytes-EraseBytes-
#21474225	REDUCE cov: 3758 ft: 11898 corp: 5781/550Kb lim: 4096 exec/s: 70177 rss: 706Mb L: 400/3792 MS: 2 ChangeASCIIInt-EraseBytes-
#21489359	REDUCE cov: 3758 ft: 11899 corp: 5782/550Kb lim: 4096 exec/s: 70226 rss: 706Mb L: 325/3792 MS: 4 ShuffleBytes-EraseBytes-ShuffleBytes-InsertRepeatedBytes-
#21492906	REDUCE cov: 3758 ft: 11899 corp: 5782/550Kb lim: 4096 exec/s: 70009 rss: 706Mb L: 157/3792 MS: 2 InsertRepeatedBytes-EraseBytes-
#21519292	REDUCE cov: 3758 ft: 11899 corp: 5782/550Kb lim: 4096 exec/s: 70095 rss: 706Mb L: 163/3792 MS: 1 EraseBytes-
#21525258	REDUCE cov: 3758 ft: 11899 corp: 5782/550Kb lim: 4096 exec/s: 70114 rss: 706Mb L: 126/3792 MS: 1 EraseBytes-
#21528806	REDUCE cov: 3758 ft: 11899 corp: 5782/550Kb lim: 4096 exec/s: 70126 rss: 706Mb L: 446/3792 MS: 3 ChangeByte-EraseBytes-CopyPart-
#21597397	REDUCE cov: 3758 ft: 11899 corp: 5782/550Kb lim: 4096 exec/s: 70121 rss: 706Mb L: 47/3792 MS: 1 EraseBytes-
#21661518	REDUCE cov: 3758 ft: 11899 corp: 5782/550Kb lim: 4096 exec/s: 70102 rss: 706Mb L: 63/3792 MS: 1 EraseBytes-
#21703019	REDUCE cov: 3758 ft: 11899 corp: 5782/550Kb lim: 4096 exec/s: 70236 rss: 706Mb L: 100/3792 MS: 1 EraseBytes-
#21724890	REDUCE cov: 3758 ft: 11899 corp: 5782/550Kb lim: 4096 exec/s: 70080 rss: 706Mb L: 102/3792 MS: 1 EraseBytes-
#21726671	REDUCE cov: 3758 ft: 11899 corp: 5782/550Kb lim: 4096 exec/s: 70086 rss: 706Mb L: 97/3792 MS: 1 EraseBytes-
#21729262	REDUCE cov: 3758 ft: 11899 corp: 5782/550Kb lim: 4096 exec/s: 70094 rss: 706Mb L: 197/3792 MS: 1 EraseBytes-
#21759728	REDUCE cov: 3758 ft: 11899 corp: 5782/550Kb lim: 4096 exec/s: 70192 rss: 706Mb L: 93/3792 MS: 1 EraseBytes-
#21770109	REDUCE cov: 3758 ft: 11899 corp: 5782/550Kb lim: 4096 exec/s: 70226 rss: 706Mb L: 43/3792 MS: 1 EraseBytes-
#21776115	REDUCE cov: 3758 ft: 11899 corp: 5782/550Kb lim: 4096 exec/s: 70245 rss: 706Mb L: 143/3792 MS: 1 EraseBytes-
#21788752	REDUCE cov: 3758 ft: 11899 corp: 5782/550Kb lim: 4096 exec/s: 70286 rss: 706Mb L: 99/3792 MS: 2 ShuffleBytes-EraseBytes-
#21815983	REDUCE cov: 3758 ft: 11899 corp: 5782/550Kb lim: 4096 exec/s: 70147 rss: 706Mb L: 93/3792 MS: 1 EraseBytes-
#21829139	REDUCE cov: 3758 ft: 11899 corp: 5782/550Kb lim: 4096 exec/s: 70190 rss: 706Mb L: 69/3792 MS: 1 EraseBytes-
#21840015	REDUCE cov: 3758 ft: 11899 corp: 5782/550Kb lim: 4096 exec/s: 70225 rss: 706Mb L: 263/3792 MS: 1 EraseBytes-
#21840551	REDUCE cov: 3758 ft: 11899 corp: 5782/550Kb lim: 4096 exec/s: 70226 rss: 706Mb L: 69/3792 MS: 1 EraseBytes-
#21851642	REDUCE cov: 3758 ft: 11899 corp: 5782/550Kb lim: 4096 exec/s: 70262 rss: 706Mb L: 92/3792 MS: 1 EraseBytes-
#21902500	REDUCE cov: 3758 ft: 11899 corp: 5782/550Kb lim: 4096 exec/s: 70200 rss: 706Mb L: 246/3792 MS: 3 ChangeASCIIInt-CrossOver-EraseBytes-
#21906257	REDUCE cov: 3758 ft: 11899 corp: 5782/550Kb lim: 4096 exec/s: 70212 rss: 706Mb L: 3503/3792 MS: 2 ChangeASCIIInt-EraseBytes-
#21913728	REDUCE cov: 3758 ft: 11899 corp: 5782/550Kb lim: 4096 exec/s: 70236 rss: 706Mb L: 69/3792 MS: 1 EraseBytes-
#21914080	REDUCE cov: 3758 ft: 11899 corp: 5782/550Kb lim: 4096 exec/s: 70237 rss: 706Mb L: 280/3792 MS: 2 ChangeBinInt-EraseBytes-
#21930501	REDUCE cov: 3758 ft: 11899 corp: 5782/550Kb lim: 4096 exec/s: 70065 rss: 706Mb L: 2235/3792 MS: 1 EraseBytes-
#21935133	REDUCE cov: 3758 ft: 11899 corp: 5782/550Kb lim: 4096 exec/s: 70080 rss: 706Mb L: 143/3792 MS: 2 EraseBytes-CrossOver-
#22043794	REDUCE cov: 3758 ft: 11899 corp: 5782/550Kb lim: 4096 exec/s: 70203 rss: 706Mb L: 125/3792 MS: 1 EraseBytes-
#22066680	REDUCE cov: 3758 ft: 11899 corp: 5782/550Kb lim: 4096 exec/s: 70276 rss: 706Mb L: 194/3792 MS: 1 EraseBytes-
#22068556	REDUCE cov: 3758 ft: 11899 corp: 5782/550Kb lim: 4096 exec/s: 70282 rss: 706Mb L: 53/3792 MS: 1 EraseBytes-
#22085987	REDUCE cov: 3758 ft: 11899 corp: 5782/550Kb lim: 4096 exec/s: 70337 rss: 706Mb L: 102/3792 MS: 1 EraseBytes-
#22094778	REDUCE cov: 3758 ft: 11899 corp: 5782/550Kb lim: 4096 exec/s: 70365 rss: 706Mb L: 1056/3792 MS: 1 EraseBytes-
#22121519	REDUCE cov: 3758 ft: 11899 corp: 5782/550Kb lim: 4096 exec/s: 70227 rss: 706Mb L: 97/3792 MS: 1 EraseBytes-
#22142635	REDUCE cov: 3758 ft: 11899 corp: 5782/550Kb lim: 4096 exec/s: 70294 rss: 706Mb L: 50/3792 MS: 1 EraseBytes-
#22155776	REDUCE cov: 3758 ft: 11899 corp: 5782/550Kb lim: 4096 exec/s: 70335 rss: 706Mb L: 106/3792 MS: 1 EraseBytes-
#22169500	REDUCE cov: 3758 ft: 11899 corp: 5782/550Kb lim: 4096 exec/s: 70379 rss: 706Mb L: 168/3792 MS: 4 ChangeByte-ChangeBinInt-ChangeASCIIInt-EraseBytes-
#22171121	REDUCE cov: 3758 ft: 11899 corp: 5782/550Kb lim: 4096 exec/s: 70384 rss: 706Mb L: 73/3792 MS: 1 EraseBytes-
#22180167	REDUCE cov: 3758 ft: 11899 corp: 5782/550Kb lim: 4096 exec/s: 70413 rss: 706Mb L: 253/3792 MS: 1 EraseBytes-
#22184523	REDUCE cov: 3758 ft: 11899 corp: 5782/550Kb lim: 4096 exec/s: 70204 rss: 706Mb L: 153/3792 MS: 1 EraseBytes-
#22196135	REDUCE cov: 3758 ft: 11899 corp: 5782/550Kb lim: 4096 exec/s: 70240 rss: 706Mb L: 176/3792 MS: 2 ShuffleBytes-EraseBytes-
#22212696	REDUCE cov: 3758 ft: 11899 corp: 5782/550Kb lim: 4096 exec/s: 70293 rss: 706Mb L: 41/3792 MS: 1 EraseBytes-
#22218972	REDUCE cov: 3758 ft: 11899 corp: 5782/550Kb lim: 4096 exec/s: 70313 rss: 706Mb L: 101/3792 MS: 1 EraseBytes-
#22230608	REDUCE cov: 3758 ft: 11899 corp: 5782/550Kb lim: 4096 exec/s: 70350 rss: 706Mb L: 911/3792 MS: 1 EraseBytes-
#22240649	REDUCE cov: 3758 ft: 11899 corp: 5782/550Kb lim: 4096 exec/s: 70381 rss: 706Mb L: 40/3792 MS: 1 EraseBytes-
#22244652	REDUCE cov: 3758 ft: 11899 corp: 5782/550Kb lim: 4096 exec/s: 70394 rss: 706Mb L: 93/3792 MS: 3 ShuffleBytes-ShuffleBytes-EraseBytes-
#22249403	REDUCE cov: 3758 ft: 11899 corp: 5782/550Kb lim: 4096 exec/s: 70409 rss: 706Mb L: 55/3792 MS: 1 EraseBytes-
#22271755	REDUCE cov: 3758 ft: 11899 corp: 5782/550Kb lim: 4096 exec/s: 70257 rss: 706Mb L: 40/3792 MS: 2 EraseBytes-CopyPart-
#22320861	REDUCE cov: 3758 ft: 11899 corp: 5782/550Kb lim: 4096 exec/s: 70412 rss: 706Mb L: 92/3792 MS: 1 EraseBytes-
#22321197	REDUCE cov: 3758 ft: 11899 corp: 5782/550Kb lim: 4096 exec/s: 70413 rss: 706Mb L: 127/3792 MS: 1 EraseBytes-
#22351903	REDUCE cov: 3758 ft: 11899 corp: 5782/550Kb lim: 4096 exec/s: 70510 rss: 706Mb L: 101/3792 MS: 1 EraseBytes-
#22369969	REDUCE cov: 3758 ft: 11899 corp: 5782/550Kb lim: 4096 exec/s: 70567 rss: 706Mb L: 55/3792 MS: 1 EraseBytes-
#22389236	REDUCE cov: 3758 ft: 11899 corp: 5782/550Kb lim: 4096 exec/s: 70406 rss: 706Mb L: 120/3792 MS: 2 ShuffleBytes-EraseBytes-
#22402402	REDUCE cov: 3758 ft: 11899 corp: 5782/550Kb lim: 4096 exec/s: 70447 rss: 706Mb L: 17/3792 MS: 1 EraseBytes-
#22471118	REDUCE cov: 3758 ft: 11899 corp: 5782/550Kb lim: 4096 exec/s: 70442 rss: 706Mb L: 68/3792 MS: 1 EraseBytes-
#22477684	REDUCE cov: 3758 ft: 11899 corp: 5782/550Kb lim: 4096 exec/s: 70462 rss: 706Mb L: 60/3792 MS: 1 EraseBytes-
#22488100	REDUCE cov: 3758 ft: 11899 corp: 5782/550Kb lim: 4096 exec/s: 70495 rss: 706Mb L: 65/3792 MS: 1 EraseBytes-
#22530347	REDUCE cov: 3758 ft: 11899 corp: 5782/550Kb lim: 4096 exec/s: 70628 rss: 706Mb L: 199/3792 MS: 2 ChangeASCIIInt-EraseBytes-
#22553983	REDUCE cov: 3758 ft: 11899 corp: 5782/550Kb lim: 4096 exec/s: 70481 rss: 706Mb L: 39/3792 MS: 1 EraseBytes-
#22593174	NEW    cov: 3758 ft: 11900 corp: 5783/550Kb lim: 4096 exec/s: 70603 rss: 706Mb L: 181/3792 MS: 1 CopyPart-
#22665420	REDUCE cov: 3758 ft: 11900 corp: 5783/550Kb lim: 4096 exec/s: 70608 rss: 706Mb L: 140/3792 MS: 1 EraseBytes-
#22684472	REDUCE cov: 3758 ft: 11900 corp: 5783/550Kb lim: 4096 exec/s: 70668 rss: 706Mb L: 128/3792 MS: 2 EraseBytes-PersAutoDict- DE: "node"-
#22753349	NEW    cov: 3758 ft: 11903 corp: 5784/550Kb lim: 4096 exec/s: 70662 rss: 706Mb L: 259/3792 MS: 2 CrossOver-CrossOver-
#22755160	REDUCE cov: 3758 ft: 11903 corp: 5784/550Kb lim: 4096 exec/s: 70668 rss: 706Mb L: 694/3792 MS: 1 EraseBytes-
#22862453	REDUCE cov: 3758 ft: 11903 corp: 5784/550Kb lim: 4096 exec/s: 70781 rss: 706Mb L: 781/3792 MS: 3 ShuffleBytes-ChangeASCIIInt-EraseBytes-
#22875739	REDUCE cov: 3758 ft: 11903 corp: 5784/550Kb lim: 4096 exec/s: 70822 rss: 706Mb L: 19/3792 MS: 1 EraseBytes-
#22906230	REDUCE cov: 3758 ft: 11903 corp: 5784/550Kb lim: 4096 exec/s: 70698 rss: 706Mb L: 36/3792 MS: 1 EraseBytes-
#22980156	REDUCE cov: 3758 ft: 11903 corp: 5784/550Kb lim: 4096 exec/s: 70926 rss: 706Mb L: 88/3792 MS: 1 EraseBytes-
#23006318	REDUCE cov: 3758 ft: 11903 corp: 5784/550Kb lim: 4096 exec/s: 70788 rss: 706Mb L: 105/3792 MS: 2 ChangeASCIIInt-EraseBytes-
#23061064	REDUCE cov: 3758 ft: 11903 corp: 5784/550Kb lim: 4096 exec/s: 70957 rss: 706Mb L: 76/3792 MS: 1 EraseBytes-
#23061181	REDUCE cov: 3758 ft: 11903 corp: 5784/550Kb lim: 4096 exec/s: 70957 rss: 706Mb L: 93/3792 MS: 2 ChangeASCIIInt-EraseBytes-
#23061917	REDUCE cov: 3758 ft: 11903 corp: 5784/550Kb lim: 4096 exec/s: 70959 rss: 706Mb L: 267/3792 MS: 1 EraseBytes-
#23076298	REDUCE cov: 3758 ft: 11903 corp: 5784/550Kb lim: 4096 exec/s: 71003 rss: 706Mb L: 223/3792 MS: 1 EraseBytes-
#23077484	REDUCE cov: 3758 ft: 11903 corp: 5784/550Kb lim: 4096 exec/s: 71007 rss: 706Mb L: 2229/3792 MS: 1 EraseBytes-
#23091291	REDUCE cov: 3758 ft: 11903 corp: 5784/550Kb lim: 4096 exec/s: 71050 rss: 706Mb L: 919/3792 MS: 2 ShuffleBytes-EraseBytes-
#23096312	REDUCE cov: 3758 ft: 11903 corp: 5784/550Kb lim: 4096 exec/s: 70847 rss: 706Mb L: 21/3792 MS: 1 EraseBytes-
#23120823	REDUCE cov: 3758 ft: 11903 corp: 5784/550Kb lim: 4096 exec/s: 70922 rss: 706Mb L: 280/3792 MS: 1 EraseBytes-
#23135534	REDUCE cov: 3758 ft: 11903 corp: 5784/550Kb lim: 4096 exec/s: 70967 rss: 706Mb L: 67/3792 MS: 1 EraseBytes-
#23140340	REDUCE cov: 3758 ft: 11903 corp: 5784/550Kb lim: 4096 exec/s: 70982 rss: 706Mb L: 2403/3792 MS: 1 EraseBytes-
#23165621	REDUCE cov: 3758 ft: 11903 corp: 5784/550Kb lim: 4096 exec/s: 71060 rss: 706Mb L: 51/3792 MS: 1 EraseBytes-
#23174992	REDUCE cov: 3758 ft: 11903 corp: 5784/550Kb lim: 4096 exec/s: 70871 rss: 706Mb L: 825/3792 MS: 1 EraseBytes-
#23176498	REDUCE cov: 3758 ft: 11903 corp: 5784/550Kb lim: 4096 exec/s: 70876 rss: 706Mb L: 35/3792 MS: 1 EraseBytes-
#23202279	REDUCE cov: 3758 ft: 11903 corp: 5784/550Kb lim: 4096 exec/s: 70954 rss: 706Mb L: 65/3792 MS: 1 EraseBytes-
#23220181	REDUCE cov: 3758 ft: 11903 corp: 5784/550Kb lim: 4096 exec/s: 70793 rss: 706Mb L: 55/3792 MS: 2 EraseBytes-InsertByte-
#23276624	REDUCE cov: 3758 ft: 11903 corp: 5784/550Kb lim: 4096 exec/s: 70965 rss: 706Mb L: 114/3792 MS: 3 ChangeByte-ShuffleBytes-EraseBytes-
#23283045	REDUCE cov: 3758 ft: 11903 corp: 5784/550Kb lim: 4096 exec/s: 70984 rss: 706Mb L: 219/3792 MS: 1 EraseBytes-
#23308266	REDUCE cov: 3758 ft: 11903 corp: 5784/550Kb lim: 4096 exec/s: 70845 rss: 706Mb L: 137/3792 MS: 1 EraseBytes-
#23349422	REDUCE cov: 3758 ft: 11903 corp: 5784/550Kb lim: 4096 exec/s: 70970 rss: 706Mb L: 43/3792 MS: 1 EraseBytes-
#23354288	REDUCE cov: 3758 ft: 11903 corp: 5784/550Kb lim: 4096 exec/s: 70985 rss: 706Mb L: 235/3792 MS: 1 EraseBytes-
#23381579	REDUCE cov: 3758 ft: 11903 corp: 5784/550Kb lim: 4096 exec/s: 70853 rss: 706Mb L: 35/3792 MS: 1 EraseBytes-
#23383237	REDUCE cov: 3758 ft: 11903 corp: 5784/550Kb lim: 4096 exec/s: 70858 rss: 706Mb L: 137/3792 MS: 3 EraseBytes-ShuffleBytes-CopyPart-
#23448833	REDUCE cov: 3758 ft: 11903 corp: 5784/550Kb lim: 4096 exec/s: 70842 rss: 706Mb L: 77/3792 MS: 1 EraseBytes-
#23454289	REDUCE cov: 3758 ft: 11903 corp: 5784/550Kb lim: 4096 exec/s: 70858 rss: 706Mb L: 39/3792 MS: 1 EraseBytes-
#23527475	REDUCE cov: 3758 ft: 11903 corp: 5784/550Kb lim: 4096 exec/s: 70865 rss: 706Mb L: 34/3792 MS: 1 EraseBytes-
#23532866	REDUCE cov: 3758 ft: 11903 corp: 5784/550Kb lim: 4096 exec/s: 70882 rss: 706Mb L: 807/3792 MS: 1 EraseBytes-
#23541173	REDUCE cov: 3758 ft: 11903 corp: 5784/550Kb lim: 4096 exec/s: 70907 rss: 706Mb L: 220/3792 MS: 2 ChangeASCIIInt-EraseBytes-
#23595674	REDUCE cov: 3758 ft: 11903 corp: 5784/550Kb lim: 4096 exec/s: 70857 rss: 706Mb L: 43/3792 MS: 1 EraseBytes-
#23610600	REDUCE cov: 3758 ft: 11903 corp: 5784/550Kb lim: 4096 exec/s: 70902 rss: 706Mb L: 100/3792 MS: 1 EraseBytes-
#23618408	REDUCE cov: 3758 ft: 11903 corp: 5784/550Kb lim: 4096 exec/s: 70926 rss: 706Mb L: 594/3792 MS: 3 ChangeByte-ChangeBinInt-EraseBytes-
#23639829	REDUCE cov: 3758 ft: 11903 corp: 5784/550Kb lim: 4096 exec/s: 70777 rss: 706Mb L: 14/3792 MS: 1 EraseBytes-
#23657671	REDUCE cov: 3758 ft: 11903 corp: 5784/550Kb lim: 4096 exec/s: 70831 rss: 706Mb L: 70/3792 MS: 2 InsertByte-EraseBytes-
#23679602	REDUCE cov: 3758 ft: 11903 corp: 5784/550Kb lim: 4096 exec/s: 70897 rss: 706Mb L: 64/3792 MS: 1 EraseBytes-
#23687373	REDUCE cov: 3758 ft: 11903 corp: 5784/550Kb lim: 4096 exec/s: 70708 rss: 706Mb L: 89/3792 MS: 1 EraseBytes-
#23700609	REDUCE cov: 3758 ft: 11903 corp: 5784/550Kb lim: 4096 exec/s: 70748 rss: 706Mb L: 216/3792 MS: 1 EraseBytes-
#23713366	REDUCE cov: 3758 ft: 11903 corp: 5784/550Kb lim: 4096 exec/s: 70786 rss: 706Mb L: 69/3792 MS: 2 ChangeByte-EraseBytes-
#23718582	REDUCE cov: 3758 ft: 11903 corp: 5784/550Kb lim: 4096 exec/s: 70801 rss: 706Mb L: 91/3792 MS: 1 EraseBytes-
#23731643	REDUCE cov: 3758 ft: 11903 corp: 5784/550Kb lim: 4096 exec/s: 70840 rss: 706Mb L: 49/3792 MS: 1 EraseBytes-
#23736399	REDUCE cov: 3758 ft: 11903 corp: 5784/550Kb lim: 4096 exec/s: 70854 rss: 706Mb L: 166/3792 MS: 1 EraseBytes-
#23766345	REDUCE cov: 3758 ft: 11903 corp: 5784/550Kb lim: 4096 exec/s: 70733 rss: 706Mb L: 34/3792 MS: 1 EraseBytes-
#23778091	REDUCE cov: 3758 ft: 11903 corp: 5784/550Kb lim: 4096 exec/s: 70768 rss: 706Mb L: 83/3792 MS: 1 EraseBytes-
#23780512	REDUCE cov: 3758 ft: 11903 corp: 5784/550Kb lim: 4096 exec/s: 70775 rss: 706Mb L: 580/3792 MS: 1 EraseBytes-
#23782703	REDUCE cov: 3758 ft: 11903 corp: 5784/550Kb lim: 4096 exec/s: 70781 rss: 706Mb L: 116/3792 MS: 1 EraseBytes-
#23788474	REDUCE cov: 3758 ft: 11903 corp: 5784/550Kb lim: 4096 exec/s: 70799 rss: 706Mb L: 144/3792 MS: 1 EraseBytes-
#23790045	REDUCE cov: 3758 ft: 11903 corp: 5784/550Kb lim: 4096 exec/s: 70803 rss: 706Mb L: 71/3792 MS: 1 EraseBytes-
#23797417	REDUCE cov: 3758 ft: 11903 corp: 5784/550Kb lim: 4096 exec/s: 70825 rss: 706Mb L: 65/3792 MS: 2 ChangeASCIIInt-EraseBytes-
#23834539	REDUCE cov: 3758 ft: 11903 corp: 5784/550Kb lim: 4096 exec/s: 70725 rss: 706Mb L: 1078/3792 MS: 2 ChangeBit-EraseBytes-
#23873136	REDUCE cov: 3758 ft: 11903 corp: 5784/550Kb lim: 4096 exec/s: 70630 rss: 706Mb L: 254/3792 MS: 2 ShuffleBytes-EraseBytes-
#23913898	REDUCE cov: 3758 ft: 11903 corp: 5784/550Kb lim: 4096 exec/s: 70751 rss: 706Mb L: 1744/3792 MS: 2 EraseBytes-CopyPart-
#23916104	REDUCE cov: 3758 ft: 11903 corp: 5784/550Kb lim: 4096 exec/s: 70757 rss: 706Mb L: 108/3792 MS: 1 EraseBytes-
#23918296	REDUCE cov: 3758 ft: 11903 corp: 5784/550Kb lim: 4096 exec/s: 70764 rss: 706Mb L: 157/3792 MS: 2 ChangeASCIIInt-EraseBytes-
#23921037	REDUCE cov: 3758 ft: 11903 corp: 5784/550Kb lim: 4096 exec/s: 70563 rss: 706Mb L: 142/3792 MS: 1 EraseBytes-
#23981858	REDUCE cov: 3758 ft: 11903 corp: 5784/550Kb lim: 4096 exec/s: 70534 rss: 706Mb L: 158/3792 MS: 1 EraseBytes-
#24044344	REDUCE cov: 3758 ft: 11903 corp: 5784/550Kb lim: 4096 exec/s: 70511 rss: 706Mb L: 669/3792 MS: 1 EraseBytes-
#24046251	REDUCE cov: 3758 ft: 11903 corp: 5784/550Kb lim: 4096 exec/s: 70516 rss: 706Mb L: 132/3792 MS: 2 ChangeASCIIInt-EraseBytes-
#24055082	REDUCE cov: 3758 ft: 11903 corp: 5784/550Kb lim: 4096 exec/s: 70542 rss: 706Mb L: 232/3792 MS: 1 EraseBytes-
#24082228	REDUCE cov: 3758 ft: 11903 corp: 5784/550Kb lim: 4096 exec/s: 70622 rss: 706Mb L: 76/3792 MS: 1 EraseBytes-
#24085544	REDUCE cov: 3758 ft: 11903 corp: 5784/550Kb lim: 4096 exec/s: 70632 rss: 706Mb L: 88/3792 MS: 1 EraseBytes-
#24097560	REDUCE cov: 3758 ft: 11903 corp: 5784/550Kb lim: 4096 exec/s: 70460 rss: 706Mb L: 48/3792 MS: 1 EraseBytes-
#24158046	REDUCE cov: 3758 ft: 11903 corp: 5784/549Kb lim: 4096 exec/s: 70637 rss: 706Mb L: 85/3792 MS: 1 EraseBytes-
#24178942	REDUCE cov: 3758 ft: 11903 corp: 5784/549Kb lim: 4096 exec/s: 70492 rss: 706Mb L: 42/3792 MS: 1 EraseBytes-
#24192643	REDUCE cov: 3758 ft: 11903 corp: 5784/549Kb lim: 4096 exec/s: 70532 rss: 706Mb L: 80/3792 MS: 1 EraseBytes-
#24195531	REDUCE cov: 3758 ft: 11903 corp: 5784/549Kb lim: 4096 exec/s: 70540 rss: 706Mb L: 74/3792 MS: 3 ShuffleBytes-ChangeASCIIInt-EraseBytes-
#24202977	REDUCE cov: 3758 ft: 11903 corp: 5784/549Kb lim: 4096 exec/s: 70562 rss: 706Mb L: 93/3792 MS: 1 EraseBytes-
#24273819	REDUCE cov: 3758 ft: 11903 corp: 5784/549Kb lim: 4096 exec/s: 70563 rss: 706Mb L: 482/3792 MS: 2 ChangeASCIIInt-EraseBytes-
#24284987	REDUCE cov: 3758 ft: 11903 corp: 5784/549Kb lim: 4096 exec/s: 70595 rss: 706Mb L: 243/3792 MS: 3 CopyPart-CopyPart-EraseBytes-
#24291053	REDUCE cov: 3758 ft: 11903 corp: 5784/549Kb lim: 4096 exec/s: 70408 rss: 706Mb L: 2423/3792 MS: 1 EraseBytes-
#24305064	REDUCE cov: 3758 ft: 11903 corp: 5784/549Kb lim: 4096 exec/s: 70449 rss: 706Mb L: 46/3792 MS: 1 EraseBytes-
#24308535	REDUCE cov: 3758 ft: 11903 corp: 5784/549Kb lim: 4096 exec/s: 70459 rss: 706Mb L: 100/3792 MS: 1 EraseBytes-
#24411851	REDUCE cov: 3758 ft: 11903 corp: 5784/549Kb lim: 4096 exec/s: 70554 rss: 706Mb L: 61/3792 MS: 1 EraseBytes-
#24413502	REDUCE cov: 3758 ft: 11903 corp: 5784/549Kb lim: 4096 exec/s: 70559 rss: 706Mb L: 184/3792 MS: 1 EraseBytes-
#24418043	REDUCE cov: 3758 ft: 11903 corp: 5784/549Kb lim: 4096 exec/s: 70572 rss: 706Mb L: 98/3792 MS: 1 EraseBytes-
#24432299	REDUCE cov: 3758 ft: 11903 corp: 5784/549Kb lim: 4096 exec/s: 70613 rss: 706Mb L: 2490/3792 MS: 1 EraseBytes-
#24493986	REDUCE cov: 3758 ft: 11903 corp: 5784/549Kb lim: 4096 exec/s: 70587 rss: 706Mb L: 59/3792 MS: 1 EraseBytes-
#24561093	REDUCE cov: 3758 ft: 11903 corp: 5784/549Kb lim: 4096 exec/s: 70375 rss: 706Mb L: 13/3792 MS: 2 ChangeASCIIInt-EraseBytes-
#24577406	REDUCE cov: 3758 ft: 11903 corp: 5784/549Kb lim: 4096 exec/s: 70422 rss: 706Mb L: 157/3792 MS: 3 ChangeASCIIInt-EraseBytes-CopyPart-
#24605667	REDUCE cov: 3758 ft: 11903 corp: 5784/549Kb lim: 4096 exec/s: 70503 rss: 706Mb L: 189/3792 MS: 1 EraseBytes-
#24607173	REDUCE cov: 3758 ft: 11903 corp: 5784/549Kb lim: 4096 exec/s: 70507 rss: 706Mb L: 165/3792 MS: 1 EraseBytes-
#24610389	REDUCE cov: 3758 ft: 11903 corp: 5784/549Kb lim: 4096 exec/s: 70516 rss: 706Mb L: 153/3792 MS: 1 EraseBytes-
#24627070	REDUCE cov: 3758 ft: 11903 corp: 5784/549Kb lim: 4096 exec/s: 70564 rss: 706Mb L: 84/3792 MS: 1 EraseBytes-
#24636771	REDUCE cov: 3758 ft: 11903 corp: 5784/549Kb lim: 4096 exec/s: 70592 rss: 706Mb L: 99/3792 MS: 1 EraseBytes-
#24674622	REDUCE cov: 3758 ft: 11903 corp: 5784/549Kb lim: 4096 exec/s: 70498 rss: 706Mb L: 1640/3792 MS: 1 EraseBytes-
#24675628	NEW    cov: 3760 ft: 11905 corp: 5785/549Kb lim: 4096 exec/s: 70501 rss: 706Mb L: 48/3792 MS: 1 CopyPart-
#24681379	REDUCE cov: 3760 ft: 11905 corp: 5785/549Kb lim: 4096 exec/s: 70518 rss: 706Mb L: 81/3792 MS: 1 EraseBytes-
#24723885	REDUCE cov: 3760 ft: 11905 corp: 5785/549Kb lim: 4096 exec/s: 70438 rss: 706Mb L: 66/3792 MS: 1 EraseBytes-
#24731591	REDUCE cov: 3760 ft: 11905 corp: 5785/549Kb lim: 4096 exec/s: 70260 rss: 706Mb L: 37/3792 MS: 1 EraseBytes-
#24768597	REDUCE cov: 3760 ft: 11905 corp: 5785/549Kb lim: 4096 exec/s: 70365 rss: 706Mb L: 249/3792 MS: 1 EraseBytes-
#24770623	REDUCE cov: 3760 ft: 11905 corp: 5785/549Kb lim: 4096 exec/s: 70371 rss: 706Mb L: 65/3792 MS: 1 EraseBytes-
#24786249	REDUCE cov: 3760 ft: 11905 corp: 5785/549Kb lim: 4096 exec/s: 70415 rss: 706Mb L: 137/3792 MS: 1 EraseBytes-
#24839370	REDUCE cov: 3760 ft: 11905 corp: 5785/549Kb lim: 4096 exec/s: 70366 rss: 706Mb L: 354/3792 MS: 1 EraseBytes-
#24845026	REDUCE cov: 3760 ft: 11905 corp: 5785/549Kb lim: 4096 exec/s: 70382 rss: 706Mb L: 424/3792 MS: 1 EraseBytes-
#24955777	REDUCE cov: 3760 ft: 11905 corp: 5785/549Kb lim: 4096 exec/s: 70297 rss: 706Mb L: 283/3792 MS: 1 EraseBytes-
#24960808	REDUCE cov: 3760 ft: 11905 corp: 5785/549Kb lim: 4096 exec/s: 70312 rss: 706Mb L: 72/3792 MS: 1 EraseBytes-
#24984831	REDUCE cov: 3760 ft: 11905 corp: 5785/549Kb lim: 4096 exec/s: 70379 rss: 706Mb L: 140/3792 MS: 3 EraseBytes-CMP-PersAutoDict- DE: "\376\377\377\371"-"\375\377\377\377\377\377\377\377"-
#25025237	REDUCE cov: 3760 ft: 11905 corp: 5785/549Kb lim: 4096 exec/s: 70295 rss: 706Mb L: 82/3792 MS: 1 EraseBytes-
#25029658	REDUCE cov: 3760 ft: 11905 corp: 5785/549Kb lim: 4096 exec/s: 70308 rss: 706Mb L: 421/3792 MS: 1 EraseBytes-
#25037914	REDUCE cov: 3760 ft: 11905 corp: 5785/549Kb lim: 4096 exec/s: 70331 rss: 706Mb L: 100/3792 MS: 1 EraseBytes-
#25048210	REDUCE cov: 3760 ft: 11905 corp: 5785/549Kb lim: 4096 exec/s: 70360 rss: 706Mb L: 32/3792 MS: 1 EraseBytes-
#25072971	REDUCE cov: 3760 ft: 11905 corp: 5785/549Kb lim: 4096 exec/s: 70429 rss: 706Mb L: 35/3792 MS: 1 EraseBytes-
#25168277	REDUCE cov: 3760 ft: 11905 corp: 5785/549Kb lim: 4096 exec/s: 70499 rss: 706Mb L: 91/3792 MS: 1 EraseBytes-
#25178923	REDUCE cov: 3760 ft: 11905 corp: 5785/549Kb lim: 4096 exec/s: 70529 rss: 706Mb L: 118/3792 MS: 1 EraseBytes-
#25205499	REDUCE cov: 3760 ft: 11905 corp: 5785/549Kb lim: 4096 exec/s: 70406 rss: 706Mb L: 58/3792 MS: 1 EraseBytes-
#25210021	REDUCE cov: 3760 ft: 11905 corp: 5785/549Kb lim: 4096 exec/s: 70419 rss: 706Mb L: 262/3792 MS: 2 EraseBytes-CopyPart-
#25219262	REDUCE cov: 3760 ft: 11905 corp: 5785/549Kb lim: 4096 exec/s: 70444 rss: 706Mb L: 217/3792 MS: 1 EraseBytes-
#25222413	REDUCE cov: 3760 ft: 11905 corp: 5785/549Kb lim: 4096 exec/s: 70453 rss: 706Mb L: 338/3792 MS: 1 EraseBytes-
#25229399	REDUCE cov: 3760 ft: 11905 corp: 5785/549Kb lim: 4096 exec/s: 70473 rss: 706Mb L: 1355/3792 MS: 1 EraseBytes-
#25233530	REDUCE cov: 3760 ft: 11905 corp: 5785/549Kb lim: 4096 exec/s: 70484 rss: 706Mb L: 125/3792 MS: 1 EraseBytes-
#25245566	REDUCE cov: 3760 ft: 11905 corp: 5785/549Kb lim: 4096 exec/s: 70518 rss: 706Mb L: 72/3792 MS: 1 EraseBytes-
#25252133	REDUCE cov: 3760 ft: 11905 corp: 5785/549Kb lim: 4096 exec/s: 70536 rss: 706Mb L: 224/3792 MS: 2 ChangeASCIIInt-EraseBytes-
#25264304	REDUCE cov: 3760 ft: 11905 corp: 5785/549Kb lim: 4096 exec/s: 70374 rss: 706Mb L: 40/3792 MS: 1 EraseBytes-
#25269530	REDUCE cov: 3760 ft: 11905 corp: 5785/549Kb lim: 4096 exec/s: 70388 rss: 706Mb L: 57/3792 MS: 1 EraseBytes-
#25279996	REDUCE cov: 3760 ft: 11905 corp: 5785/549Kb lim: 4096 exec/s: 70417 rss: 706Mb L: 267/3792 MS: 1 EraseBytes-
#25287433	REDUCE cov: 3760 ft: 11905 corp: 5785/549Kb lim: 4096 exec/s: 70438 rss: 706Mb L: 2955/3792 MS: 2 CopyPart-EraseBytes-
#25289119	REDUCE cov: 3760 ft: 11905 corp: 5785/549Kb lim: 4096 exec/s: 70443 rss: 706Mb L: 76/3792 MS: 1 EraseBytes-
#25315435	REDUCE cov: 3760 ft: 11905 corp: 5785/549Kb lim: 4096 exec/s: 70516 rss: 706Mb L: 56/3792 MS: 1 EraseBytes-
#25322001	REDUCE cov: 3760 ft: 11905 corp: 5785/549Kb lim: 4096 exec/s: 70534 rss: 706Mb L: 112/3792 MS: 1 EraseBytes-
#25360103	REDUCE cov: 3760 ft: 11905 corp: 5785/549Kb lim: 4096 exec/s: 70444 rss: 706Mb L: 667/3792 MS: 2 ChangeBit-EraseBytes-
#25379940	REDUCE cov: 3760 ft: 11905 corp: 5785/549Kb lim: 4096 exec/s: 70499 rss: 706Mb L: 241/3792 MS: 2 ShuffleBytes-EraseBytes-
#25380116	REDUCE cov: 3760 ft: 11905 corp: 5785/549Kb lim: 4096 exec/s: 70500 rss: 706Mb L: 57/3792 MS: 1 EraseBytes-
#25404502	REDUCE cov: 3760 ft: 11905 corp: 5785/549Kb lim: 4096 exec/s: 70372 rss: 706Mb L: 277/3792 MS: 1 EraseBytes-
#25417488	REDUCE cov: 3760 ft: 11905 corp: 5785/549Kb lim: 4096 exec/s: 70408 rss: 706Mb L: 1299/3792 MS: 1 EraseBytes-
#25421264	REDUCE cov: 3760 ft: 11905 corp: 5785/549Kb lim: 4096 exec/s: 70419 rss: 706Mb L: 59/3792 MS: 1 EraseBytes-
#25421550	REDUCE cov: 3760 ft: 11905 corp: 5785/549Kb lim: 4096 exec/s: 70419 rss: 706Mb L: 93/3792 MS: 1 EraseBytes-
#25455256	REDUCE cov: 3760 ft: 11905 corp: 5785/549Kb lim: 4096 exec/s: 70513 rss: 706Mb L: 33/3792 MS: 1 EraseBytes-
#25567162	REDUCE cov: 3760 ft: 11905 corp: 5785/549Kb lim: 4096 exec/s: 70432 rss: 706Mb L: 65/3792 MS: 1 EraseBytes-
#25581648	REDUCE cov: 3760 ft: 11905 corp: 5785/549Kb lim: 4096 exec/s: 70472 rss: 706Mb L: 2936/3792 MS: 1 EraseBytes-
#25586959	REDUCE cov: 3760 ft: 11905 corp: 5785/549Kb lim: 4096 exec/s: 70487 rss: 706Mb L: 2534/3792 MS: 1 EraseBytes-
#25588740	REDUCE cov: 3760 ft: 11905 corp: 5785/549Kb lim: 4096 exec/s: 70492 rss: 706Mb L: 116/3792 MS: 1 EraseBytes-
#25597017	REDUCE cov: 3760 ft: 11905 corp: 5785/549Kb lim: 4096 exec/s: 70515 rss: 706Mb L: 2572/3792 MS: 2 ChangeASCIIInt-EraseBytes-
#25603818	REDUCE cov: 3760 ft: 11905 corp: 5785/549Kb lim: 4096 exec/s: 70533 rss: 706Mb L: 2334/3792 MS: 1 EraseBytes-
#25653431	REDUCE cov: 3760 ft: 11905 corp: 5785/549Kb lim: 4096 exec/s: 70476 rss: 706Mb L: 154/3792 MS: 3 InsertByte-EraseBytes-CopyPart-
#25654832	REDUCE cov: 3760 ft: 11905 corp: 5785/549Kb lim: 4096 exec/s: 70480 rss: 706Mb L: 212/3792 MS: 1 EraseBytes-
#25702413	REDUCE cov: 3760 ft: 11905 corp: 5785/549Kb lim: 4096 exec/s: 70417 rss: 706Mb L: 570/3792 MS: 1 EraseBytes-
#25703424	REDUCE cov: 3760 ft: 11905 corp: 5785/549Kb lim: 4096 exec/s: 70420 rss: 706Mb L: 97/3792 MS: 1 EraseBytes-
#25706555	REDUCE cov: 3760 ft: 11905 corp: 5785/549Kb lim: 4096 exec/s: 70428 rss: 706Mb L: 153/3792 MS: 1 EraseBytes-
#25721216	REDUCE cov: 3760 ft: 11905 corp: 5785/549Kb lim: 4096 exec/s: 70469 rss: 706Mb L: 109/3792 MS: 1 EraseBytes-
#25734302	REDUCE cov: 3760 ft: 11905 corp: 5785/549Kb lim: 4096 exec/s: 70504 rss: 706Mb L: 226/3792 MS: 1 EraseBytes-
#25744653	REDUCE cov: 3760 ft: 11905 corp: 5785/549Kb lim: 4096 exec/s: 70340 rss: 706Mb L: 26/3792 MS: 1 EraseBytes-
#25776314	REDUCE cov: 3760 ft: 11905 corp: 5785/549Kb lim: 4096 exec/s: 70427 rss: 706Mb L: 107/3792 MS: 1 EraseBytes-
#25827380	REDUCE cov: 3760 ft: 11905 corp: 5785/549Kb lim: 4096 exec/s: 70374 rss: 706Mb L: 62/3792 MS: 1 EraseBytes-
#25833166	REDUCE cov: 3760 ft: 11905 corp: 5785/549Kb lim: 4096 exec/s: 70390 rss: 706Mb L: 95/3792 MS: 1 EraseBytes-
#25834957	REDUCE cov: 3760 ft: 11905 corp: 5785/549Kb lim: 4096 exec/s: 70394 rss: 706Mb L: 57/3792 MS: 1 EraseBytes-
#25839674	REDUCE cov: 3760 ft: 11905 corp: 5785/549Kb lim: 4096 exec/s: 70407 rss: 706Mb L: 516/3792 MS: 2 ChangeASCIIInt-EraseBytes-
#25883370	REDUCE cov: 3760 ft: 11905 corp: 5785/549Kb lim: 4096 exec/s: 70526 rss: 706Mb L: 159/3792 MS: 1 EraseBytes-
#25911831	REDUCE cov: 3760 ft: 11905 corp: 5785/549Kb lim: 4096 exec/s: 70412 rss: 706Mb L: 202/3792 MS: 1 EraseBytes-
#25926452	REDUCE cov: 3760 ft: 11905 corp: 5785/549Kb lim: 4096 exec/s: 70452 rss: 706Mb L: 24/3792 MS: 1 EraseBytes-
#25940448	REDUCE cov: 3760 ft: 11905 corp: 5785/549Kb lim: 4096 exec/s: 70490 rss: 706Mb L: 770/3792 MS: 1 EraseBytes-
#25977944	REDUCE cov: 3760 ft: 11905 corp: 5785/549Kb lim: 4096 exec/s: 70592 rss: 706Mb L: 99/3792 MS: 1 EraseBytes-
#25986515	REDUCE cov: 3760 ft: 11905 corp: 5785/549Kb lim: 4096 exec/s: 70424 rss: 706Mb L: 91/3792 MS: 1 EraseBytes-
#26003256	REDUCE cov: 3760 ft: 11905 corp: 5785/549Kb lim: 4096 exec/s: 70469 rss: 706Mb L: 88/3792 MS: 1 EraseBytes-
#26055577	REDUCE cov: 3760 ft: 11905 corp: 5785/549Kb lim: 4096 exec/s: 70611 rss: 706Mb L: 106/3792 MS: 1 EraseBytes-
#26089388	REDUCE cov: 3760 ft: 11905 corp: 5785/549Kb lim: 4096 exec/s: 70511 rss: 706Mb L: 136/3792 MS: 1 EraseBytes-
#26112464	REDUCE cov: 3760 ft: 11905 corp: 5785/549Kb lim: 4096 exec/s: 70574 rss: 706Mb L: 155/3792 MS: 1 EraseBytes-
#26143666	REDUCE cov: 3760 ft: 11905 corp: 5785/549Kb lim: 4096 exec/s: 70468 rss: 706Mb L: 661/3792 MS: 2 InsertByte-EraseBytes-
#26187287	REDUCE cov: 3760 ft: 11905 corp: 5785/549Kb lim: 4096 exec/s: 70585 rss: 706Mb L: 81/3792 MS: 1 EraseBytes-
#26200857	NEW    cov: 3760 ft: 11906 corp: 5786/550Kb lim: 4096 exec/s: 70622 rss: 706Mb L: 738/3792 MS: 5 ChangeBit-InsertByte-ChangeBit-ChangeByte-CrossOver-
#26227753	REDUCE cov: 3760 ft: 11906 corp: 5786/550Kb lim: 4096 exec/s: 70504 rss: 706Mb L: 131/3792 MS: 1 EraseBytes-
#26248025	REDUCE cov: 3760 ft: 11906 corp: 5786/550Kb lim: 4096 exec/s: 70370 rss: 706Mb L: 123/3792 MS: 2 ShuffleBytes-EraseBytes-
#26317616	REDUCE cov: 3760 ft: 11906 corp: 5786/550Kb lim: 4096 exec/s: 70367 rss: 706Mb L: 266/3792 MS: 1 EraseBytes-
#26332618	REDUCE cov: 3760 ft: 11906 corp: 5786/550Kb lim: 4096 exec/s: 70408 rss: 706Mb L: 90/3792 MS: 2 ChangeASCIIInt-EraseBytes-
#26357905	REDUCE cov: 3760 ft: 11906 corp: 5786/550Kb lim: 4096 exec/s: 70475 rss: 706Mb L: 263/3792 MS: 2 ChangeBit-EraseBytes-
#26385812	REDUCE cov: 3760 ft: 11906 corp: 5786/550Kb lim: 4096 exec/s: 70362 rss: 706Mb L: 97/3792 MS: 2 ChangeASCIIInt-EraseBytes-
#26402368	REDUCE cov: 3760 ft: 11906 corp: 5786/550Kb lim: 4096 exec/s: 70219 rss: 706Mb L: 250/3792 MS: 1 EraseBytes-
#26406754	REDUCE cov: 3760 ft: 11906 corp: 5786/550Kb lim: 4096 exec/s: 70230 rss: 706Mb L: 528/3792 MS: 1 EraseBytes-
#26409500	REDUCE cov: 3760 ft: 11906 corp: 5786/549Kb lim: 4096 exec/s: 70238 rss: 706Mb L: 96/3792 MS: 1 EraseBytes-
#26411737	REDUCE cov: 3760 ft: 11906 corp: 5786/549Kb lim: 4096 exec/s: 70243 rss: 706Mb L: 273/3792 MS: 2 CMP-EraseBytes- DE: "\377\377\377\377"-
#26444828	REDUCE cov: 3761 ft: 11907 corp: 5787/550Kb lim: 4096 exec/s: 70331 rss: 706Mb L: 826/3792 MS: 1 InsertByte-
#26446559	REDUCE cov: 3761 ft: 11907 corp: 5787/550Kb lim: 4096 exec/s: 70336 rss: 706Mb L: 82/3792 MS: 1 EraseBytes-
#26448995	REDUCE cov: 3761 ft: 11907 corp: 5787/550Kb lim: 4096 exec/s: 70343 rss: 706Mb L: 114/3792 MS: 1 EraseBytes-
#26475917	REDUCE cov: 3761 ft: 11907 corp: 5787/550Kb lim: 4096 exec/s: 70414 rss: 706Mb L: 84/3792 MS: 2 ShuffleBytes-EraseBytes-
#26481669	REDUCE cov: 3761 ft: 11907 corp: 5787/550Kb lim: 4096 exec/s: 70243 rss: 706Mb L: 757/3792 MS: 2 ChangeBinInt-EraseBytes-
#26488620	REDUCE cov: 3761 ft: 11907 corp: 5787/550Kb lim: 4096 exec/s: 70261 rss: 706Mb L: 654/3792 MS: 1 EraseBytes-
#26490636	REDUCE cov: 3761 ft: 11907 corp: 5787/550Kb lim: 4096 exec/s: 70266 rss: 706Mb L: 63/3792 MS: 1 EraseBytes-
#26491532	REDUCE cov: 3761 ft: 11907 corp: 5787/550Kb lim: 4096 exec/s: 70269 rss: 706Mb L: 153/3792 MS: 1 EraseBytes-
#26493583	REDUCE cov: 3761 ft: 11907 corp: 5787/550Kb lim: 4096 exec/s: 70274 rss: 706Mb L: 275/3792 MS: 1 EraseBytes-
#26506515	REDUCE cov: 3761 ft: 11907 corp: 5787/550Kb lim: 4096 exec/s: 70309 rss: 706Mb L: 551/3792 MS: 2 ShuffleBytes-EraseBytes-
#26512066	REDUCE cov: 3761 ft: 11907 corp: 5787/550Kb lim: 4096 exec/s: 70323 rss: 706Mb L: 259/3792 MS: 1 EraseBytes-
#26512614	REDUCE cov: 3761 ft: 11907 corp: 5787/550Kb lim: 4096 exec/s: 70325 rss: 706Mb L: 345/3792 MS: 3 CrossOver-ChangeASCIIInt-EraseBytes-
#26513900	REDUCE cov: 3761 ft: 11907 corp: 5787/550Kb lim: 4096 exec/s: 70328 rss: 706Mb L: 55/3792 MS: 1 EraseBytes-
#26517561	REDUCE cov: 3761 ft: 11907 corp: 5787/550Kb lim: 4096 exec/s: 70338 rss: 706Mb L: 80/3792 MS: 1 EraseBytes-
#26540832	REDUCE cov: 3761 ft: 11907 corp: 5787/550Kb lim: 4096 exec/s: 70400 rss: 706Mb L: 92/3792 MS: 1 EraseBytes-
#26546968	REDUCE cov: 3761 ft: 11907 corp: 5787/550Kb lim: 4096 exec/s: 70416 rss: 706Mb L: 46/3792 MS: 1 EraseBytes-
#26553659	REDUCE cov: 3761 ft: 11907 corp: 5787/550Kb lim: 4096 exec/s: 70434 rss: 706Mb L: 247/3792 MS: 1 EraseBytes-
#26594970	REDUCE cov: 3761 ft: 11907 corp: 5787/550Kb lim: 4096 exec/s: 70357 rss: 706Mb L: 83/3792 MS: 1 EraseBytes-
#26599019	REDUCE cov: 3761 ft: 11907 corp: 5787/550Kb lim: 4096 exec/s: 70367 rss: 706Mb L: 132/3792 MS: 4 ChangeBinInt-ChangeByte-EraseBytes-CopyPart-
#26630310	REDUCE cov: 3761 ft: 11907 corp: 5787/550Kb lim: 4096 exec/s: 70450 rss: 706Mb L: 140/3792 MS: 1 EraseBytes-
#26641468	REDUCE cov: 3761 ft: 11907 corp: 5787/550Kb lim: 4096 exec/s: 70480 rss: 706Mb L: 13/3792 MS: 3 ChangeBit-ChangeASCIIInt-EraseBytes-
#26679479	REDUCE cov: 3761 ft: 11907 corp: 5787/550Kb lim: 4096 exec/s: 70394 rss: 706Mb L: 97/3792 MS: 1 EraseBytes-
#26692241	REDUCE cov: 3761 ft: 11907 corp: 5787/550Kb lim: 4096 exec/s: 70428 rss: 706Mb L: 301/3792 MS: 1 EraseBytes-
#26727062	REDUCE cov: 3761 ft: 11907 corp: 5787/550Kb lim: 4096 exec/s: 70334 rss: 706Mb L: 85/3792 MS: 1 EraseBytes-
#26732648	REDUCE cov: 3761 ft: 11907 corp: 5787/550Kb lim: 4096 exec/s: 70349 rss: 706Mb L: 85/3792 MS: 1 EraseBytes-
#26754929	REDUCE cov: 3761 ft: 11907 corp: 5787/550Kb lim: 4096 exec/s: 70407 rss: 706Mb L: 134/3792 MS: 1 EraseBytes-
#26757830	REDUCE cov: 3761 ft: 11907 corp: 5787/550Kb lim: 4096 exec/s: 70415 rss: 706Mb L: 72/3792 MS: 1 EraseBytes-
#26776156	REDUCE cov: 3761 ft: 11907 corp: 5787/550Kb lim: 4096 exec/s: 70278 rss: 706Mb L: 105/3792 MS: 1 EraseBytes-
#26820827	REDUCE cov: 3761 ft: 11907 corp: 5787/550Kb lim: 4096 exec/s: 70395 rss: 706Mb L: 39/3792 MS: 1 EraseBytes-
#26830434	REDUCE cov: 3761 ft: 11907 corp: 5787/550Kb lim: 4096 exec/s: 70421 rss: 706Mb L: 69/3792 MS: 2 CopyPart-EraseBytes-
#26833745	REDUCE cov: 3761 ft: 11907 corp: 5787/550Kb lim: 4096 exec/s: 70429 rss: 706Mb L: 76/3792 MS: 1 EraseBytes-
#26837426	REDUCE cov: 3761 ft: 11907 corp: 5787/550Kb lim: 4096 exec/s: 70439 rss: 706Mb L: 35/3792 MS: 1 EraseBytes-
#26875647	REDUCE cov: 3761 ft: 11907 corp: 5787/550Kb lim: 4096 exec/s: 70355 rss: 706Mb L: 986/3792 MS: 1 EraseBytes-
#26880848	REDUCE cov: 3761 ft: 11907 corp: 5787/550Kb lim: 4096 exec/s: 70368 rss: 706Mb L: 67/3792 MS: 1 EraseBytes-
#26888916	REDUCE cov: 3761 ft: 11907 corp: 5787/550Kb lim: 4096 exec/s: 70389 rss: 706Mb L: 61/3792 MS: 3 ShuffleBytes-ChangeASCIIInt-EraseBytes-
#26891743	REDUCE cov: 3761 ft: 11907 corp: 5787/550Kb lim: 4096 exec/s: 70397 rss: 706Mb L: 126/3792 MS: 2 ShuffleBytes-EraseBytes-
#26903019	REDUCE cov: 3761 ft: 11907 corp: 5787/550Kb lim: 4096 exec/s: 70426 rss: 706Mb L: 134/3792 MS: 1 EraseBytes-
#26918926	REDUCE cov: 3761 ft: 11907 corp: 5787/550Kb lim: 4096 exec/s: 70468 rss: 706Mb L: 88/3792 MS: 2 ShuffleBytes-EraseBytes-
#26924917	REDUCE cov: 3761 ft: 11907 corp: 5787/550Kb lim: 4096 exec/s: 70484 rss: 706Mb L: 439/3792 MS: 1 EraseBytes-
#26942133	REDUCE cov: 3761 ft: 11907 corp: 5787/550Kb lim: 4096 exec/s: 70344 rss: 706Mb L: 2517/3792 MS: 1 EraseBytes-
#26952324	REDUCE cov: 3761 ft: 11907 corp: 5787/550Kb lim: 4096 exec/s: 70371 rss: 706Mb L: 54/3792 MS: 1 EraseBytes-
#26977575	REDUCE cov: 3761 ft: 11907 corp: 5787/550Kb lim: 4096 exec/s: 70437 rss: 706Mb L: 137/3792 MS: 1 EraseBytes-
#27013241	REDUCE cov: 3761 ft: 11907 corp: 5787/550Kb lim: 4096 exec/s: 70346 rss: 706Mb L: 22/3792 MS: 1 EraseBytes-
#27018537	REDUCE cov: 3761 ft: 11907 corp: 5787/550Kb lim: 4096 exec/s: 70360 rss: 706Mb L: 92/3792 MS: 1 EraseBytes-
#27042018	REDUCE cov: 3761 ft: 11907 corp: 5787/550Kb lim: 4096 exec/s: 70421 rss: 706Mb L: 185/3792 MS: 1 EraseBytes-
#27066704	REDUCE cov: 3761 ft: 11907 corp: 5787/550Kb lim: 4096 exec/s: 70486 rss: 706Mb L: 130/3792 MS: 1 EraseBytes-
#27067710	REDUCE cov: 3761 ft: 11907 corp: 5787/550Kb lim: 4096 exec/s: 70488 rss: 706Mb L: 1262/3792 MS: 1 EraseBytes-
#27083776	REDUCE cov: 3761 ft: 11907 corp: 5787/550Kb lim: 4096 exec/s: 70347 rss: 706Mb L: 105/3792 MS: 1 EraseBytes-
#27092309	REDUCE cov: 3761 ft: 11907 corp: 5787/550Kb lim: 4096 exec/s: 70369 rss: 706Mb L: 191/3792 MS: 3 ChangeByte-EraseBytes-CopyPart-
#27112300	REDUCE cov: 3761 ft: 11907 corp: 5787/550Kb lim: 4096 exec/s: 70421 rss: 706Mb L: 125/3792 MS: 1 EraseBytes-
#27150776	REDUCE cov: 3761 ft: 11907 corp: 5787/550Kb lim: 4096 exec/s: 70521 rss: 706Mb L: 1525/3792 MS: 1 EraseBytes-
#27160457	REDUCE cov: 3761 ft: 11907 corp: 5787/550Kb lim: 4096 exec/s: 70363 rss: 706Mb L: 105/3792 MS: 1 EraseBytes-
#27199072	REDUCE cov: 3761 ft: 11907 corp: 5787/550Kb lim: 4096 exec/s: 70463 rss: 706Mb L: 188/3792 MS: 5 ChangeASCIIInt-ChangeBit-ChangeASCIIInt-ChangeByte-EraseBytes-
#27202183	REDUCE cov: 3761 ft: 11907 corp: 5787/550Kb lim: 4096 exec/s: 70471 rss: 706Mb L: 44/3792 MS: 1 EraseBytes-
#27209750	REDUCE cov: 3761 ft: 11907 corp: 5787/550Kb lim: 4096 exec/s: 70491 rss: 706Mb L: 192/3792 MS: 2 ChangeASCIIInt-EraseBytes-
#27223126	REDUCE cov: 3761 ft: 11907 corp: 5787/550Kb lim: 4096 exec/s: 70343 rss: 706Mb L: 297/3792 MS: 1 EraseBytes-
#27266892	REDUCE cov: 3761 ft: 11907 corp: 5787/549Kb lim: 4096 exec/s: 70457 rss: 706Mb L: 1011/3792 MS: 1 EraseBytes-
#27330103	REDUCE cov: 3761 ft: 11907 corp: 5787/549Kb lim: 4096 exec/s: 70438 rss: 706Mb L: 300/3792 MS: 1 EraseBytes-
#27354831	REDUCE cov: 3761 ft: 11907 corp: 5787/549Kb lim: 4096 exec/s: 70502 rss: 706Mb L: 12/3792 MS: 3 InsertByte-EraseBytes-ChangeBit-
#27398232	REDUCE cov: 3761 ft: 11907 corp: 5787/549Kb lim: 4096 exec/s: 70432 rss: 706Mb L: 81/3792 MS: 1 EraseBytes-
#27439253	REDUCE cov: 3761 ft: 11907 corp: 5787/549Kb lim: 4096 exec/s: 70537 rss: 706Mb L: 162/3792 MS: 1 EraseBytes-
#27446905	REDUCE cov: 3761 ft: 11907 corp: 5787/549Kb lim: 4096 exec/s: 70376 rss: 706Mb L: 67/3792 MS: 2 ShuffleBytes-EraseBytes-
#27451506	REDUCE cov: 3761 ft: 11907 corp: 5787/549Kb lim: 4096 exec/s: 70388 rss: 706Mb L: 227/3792 MS: 1 EraseBytes-
#27495667	REDUCE cov: 3761 ft: 11907 corp: 5787/549Kb lim: 4096 exec/s: 70321 rss: 706Mb L: 80/3792 MS: 1 EraseBytes-
#27509010	REDUCE cov: 3761 ft: 11907 corp: 5787/549Kb lim: 4096 exec/s: 70355 rss: 706Mb L: 100/3792 MS: 3 ChangeASCIIInt-ChangeASCIIInt-EraseBytes-
#27513391	REDUCE cov: 3761 ft: 11907 corp: 5787/549Kb lim: 4096 exec/s: 70366 rss: 706Mb L: 71/3792 MS: 1 EraseBytes-
#27540092	REDUCE cov: 3761 ft: 11907 corp: 5787/549Kb lim: 4096 exec/s: 70435 rss: 706Mb L: 100/3792 MS: 1 EraseBytes-
#27626413	REDUCE cov: 3761 ft: 11907 corp: 5787/549Kb lim: 4096 exec/s: 70475 rss: 706Mb L: 35/3792 MS: 1 EraseBytes-
#27645594	REDUCE cov: 3761 ft: 11907 corp: 5787/549Kb lim: 4096 exec/s: 70345 rss: 706Mb L: 1636/3792 MS: 1 EraseBytes-
#27649970	REDUCE cov: 3761 ft: 11908 corp: 5788/552Kb lim: 4096 exec/s: 70356 rss: 706Mb L: 3000/3792 MS: 1 CrossOver-
#27684111	REDUCE cov: 3761 ft: 11908 corp: 5788/552Kb lim: 4096 exec/s: 70264 rss: 706Mb L: 80/3792 MS: 1 EraseBytes-
#27686732	REDUCE cov: 3761 ft: 11908 corp: 5788/552Kb lim: 4096 exec/s: 70270 rss: 706Mb L: 709/3792 MS: 1 EraseBytes-
#27688203	REDUCE cov: 3761 ft: 11908 corp: 5788/552Kb lim: 4096 exec/s: 70274 rss: 706Mb L: 2681/3792 MS: 1 EraseBytes-
#27705999	REDUCE cov: 3761 ft: 11908 corp: 5788/552Kb lim: 4096 exec/s: 70319 rss: 706Mb L: 53/3792 MS: 1 EraseBytes-
#27708220	REDUCE cov: 3761 ft: 11908 corp: 5788/552Kb lim: 4096 exec/s: 70325 rss: 706Mb L: 226/3792 MS: 1 EraseBytes-
#27729691	REDUCE cov: 3761 ft: 11908 corp: 5788/552Kb lim: 4096 exec/s: 70379 rss: 706Mb L: 158/3792 MS: 1 EraseBytes-
#27747337	REDUCE cov: 3761 ft: 11908 corp: 5788/552Kb lim: 4096 exec/s: 70246 rss: 706Mb L: 75/3792 MS: 1 EraseBytes-
#27762393	REDUCE cov: 3761 ft: 11908 corp: 5788/552Kb lim: 4096 exec/s: 70284 rss: 706Mb L: 151/3792 MS: 1 EraseBytes-
#27798199	REDUCE cov: 3761 ft: 11908 corp: 5788/552Kb lim: 4096 exec/s: 70375 rss: 706Mb L: 92/3792 MS: 1 EraseBytes-
#27801495	REDUCE cov: 3761 ft: 11908 corp: 5788/552Kb lim: 4096 exec/s: 70383 rss: 706Mb L: 39/3792 MS: 1 EraseBytes-
#27841356	REDUCE cov: 3761 ft: 11908 corp: 5788/552Kb lim: 4096 exec/s: 70129 rss: 706Mb L: 646/3792 MS: 1 EraseBytes-
#27902587	REDUCE cov: 3761 ft: 11908 corp: 5788/552Kb lim: 4096 exec/s: 69931 rss: 706Mb L: 64/3792 MS: 1 EraseBytes-
#27917448	REDUCE cov: 3761 ft: 11908 corp: 5788/552Kb lim: 4096 exec/s: 69968 rss: 706Mb L: 261/3792 MS: 1 EraseBytes-
#27922030	REDUCE cov: 3761 ft: 11908 corp: 5788/552Kb lim: 4096 exec/s: 69980 rss: 706Mb L: 173/3792 MS: 2 InsertByte-EraseBytes-
#27928406	REDUCE cov: 3761 ft: 11908 corp: 5788/552Kb lim: 4096 exec/s: 69996 rss: 706Mb L: 153/3792 MS: 1 EraseBytes-
#27944547	REDUCE cov: 3761 ft: 11908 corp: 5788/552Kb lim: 4096 exec/s: 70036 rss: 706Mb L: 91/3792 MS: 1 EraseBytes-
#27950108	REDUCE cov: 3761 ft: 11908 corp: 5788/552Kb lim: 4096 exec/s: 70050 rss: 706Mb L: 75/3792 MS: 1 EraseBytes-
#28047319	REDUCE cov: 3761 ft: 11908 corp: 5788/552Kb lim: 4096 exec/s: 69943 rss: 706Mb L: 955/3792 MS: 1 EraseBytes-
#28050761	REDUCE cov: 3761 ft: 11908 corp: 5788/552Kb lim: 4096 exec/s: 69952 rss: 706Mb L: 3786/3786 MS: 2 CopyPart-EraseBytes-
#28054252	REDUCE cov: 3761 ft: 11908 corp: 5788/552Kb lim: 4096 exec/s: 69960 rss: 706Mb L: 950/3786 MS: 1 EraseBytes-
#28055718	REDUCE cov: 3761 ft: 11908 corp: 5788/552Kb lim: 4096 exec/s: 69964 rss: 706Mb L: 104/3786 MS: 1 EraseBytes-
#28106104	REDUCE cov: 3761 ft: 11908 corp: 5788/552Kb lim: 4096 exec/s: 69915 rss: 706Mb L: 55/3786 MS: 1 EraseBytes-
#28120895	REDUCE cov: 3761 ft: 11908 corp: 5788/552Kb lim: 4096 exec/s: 69952 rss: 706Mb L: 1230/3786 MS: 1 EraseBytes-
#28144806	REDUCE cov: 3761 ft: 11909 corp: 5789/552Kb lim: 4096 exec/s: 69838 rss: 706Mb L: 213/3786 MS: 1 CrossOver-
#28157137	REDUCE cov: 3761 ft: 11909 corp: 5789/552Kb lim: 4096 exec/s: 69868 rss: 706Mb L: 51/3786 MS: 1 EraseBytes-
#28166348	REDUCE cov: 3761 ft: 11909 corp: 5789/552Kb lim: 4096 exec/s: 69891 rss: 706Mb L: 87/3786 MS: 1 EraseBytes-
#28208469	REDUCE cov: 3761 ft: 11909 corp: 5789/552Kb lim: 4096 exec/s: 69822 rss: 706Mb L: 74/3786 MS: 1 EraseBytes-
#28270516	REDUCE cov: 3761 ft: 11909 corp: 5789/552Kb lim: 4096 exec/s: 69803 rss: 706Mb L: 1020/3786 MS: 2 ChangeByte-EraseBytes-
#28279498	REDUCE cov: 3761 ft: 11909 corp: 5789/552Kb lim: 4096 exec/s: 69825 rss: 706Mb L: 275/3786 MS: 2 CrossOver-EraseBytes-
#28290209	REDUCE cov: 3761 ft: 11909 corp: 5789/552Kb lim: 4096 exec/s: 69852 rss: 706Mb L: 91/3786 MS: 1 EraseBytes-
#28291885	REDUCE cov: 3761 ft: 11909 corp: 5789/552Kb lim: 4096 exec/s: 69856 rss: 706Mb L: 99/3786 MS: 1 EraseBytes-
#28307136	REDUCE cov: 3761 ft: 11909 corp: 5789/552Kb lim: 4096 exec/s: 69894 rss: 706Mb L: 72/3786 MS: 1 EraseBytes-
#28309497	REDUCE cov: 3761 ft: 11909 corp: 5789/552Kb lim: 4096 exec/s: 69899 rss: 706Mb L: 43/3786 MS: 1 EraseBytes-
#28324413	REDUCE cov: 3761 ft: 11909 corp: 5789/552Kb lim: 4096 exec/s: 69936 rss: 706Mb L: 654/3786 MS: 1 EraseBytes-
#28329784	REDUCE cov: 3761 ft: 11909 corp: 5789/552Kb lim: 4096 exec/s: 69950 rss: 706Mb L: 66/3786 MS: 1 EraseBytes-
#28343231	REDUCE cov: 3761 ft: 11909 corp: 5789/552Kb lim: 4096 exec/s: 69810 rss: 706Mb L: 937/3786 MS: 2 ShuffleBytes-EraseBytes-
#28357688	REDUCE cov: 3761 ft: 11909 corp: 5789/552Kb lim: 4096 exec/s: 69846 rss: 706Mb L: 358/3786 MS: 2 EraseBytes-CopyPart-
#28371009	REDUCE cov: 3761 ft: 11909 corp: 5789/552Kb lim: 4096 exec/s: 69879 rss: 706Mb L: 132/3786 MS: 1 EraseBytes-
#28378865	REDUCE cov: 3761 ft: 11909 corp: 5789/552Kb lim: 4096 exec/s: 69898 rss: 706Mb L: 41/3786 MS: 1 EraseBytes-
#28404963	REDUCE cov: 3761 ft: 11909 corp: 5789/552Kb lim: 4096 exec/s: 69962 rss: 706Mb L: 688/3786 MS: 3 ChangeByte-ChangeASCIIInt-EraseBytes-
#28426844	REDUCE cov: 3761 ft: 11909 corp: 5789/552Kb lim: 4096 exec/s: 69844 rss: 706Mb L: 258/3786 MS: 1 EraseBytes-
#28474775	REDUCE cov: 3761 ft: 11909 corp: 5789/552Kb lim: 4096 exec/s: 69962 rss: 706Mb L: 86/3786 MS: 1 EraseBytes-
#28489642	REDUCE cov: 3761 ft: 11909 corp: 5789/552Kb lim: 4096 exec/s: 69999 rss: 706Mb L: 3608/3786 MS: 2 InsertRepeatedBytes-CrossOver-
#28518293	REDUCE cov: 3761 ft: 11909 corp: 5789/552Kb lim: 4096 exec/s: 69897 rss: 706Mb L: 120/3786 MS: 1 EraseBytes-
#28527639	REDUCE cov: 3761 ft: 11909 corp: 5789/552Kb lim: 4096 exec/s: 69920 rss: 706Mb L: 100/3786 MS: 1 EraseBytes-
#28563096	REDUCE cov: 3761 ft: 11909 corp: 5789/552Kb lim: 4096 exec/s: 70007 rss: 706Mb L: 635/3786 MS: 2 ChangeASCIIInt-EraseBytes-
#28574323	REDUCE cov: 3761 ft: 11909 corp: 5789/552Kb lim: 4096 exec/s: 70035 rss: 706Mb L: 76/3786 MS: 2 ShuffleBytes-EraseBytes-
#28598214	REDUCE cov: 3761 ft: 11909 corp: 5789/552Kb lim: 4096 exec/s: 69922 rss: 706Mb L: 724/3786 MS: 1 EraseBytes-
#28693755	REDUCE cov: 3761 ft: 11909 corp: 5789/552Kb lim: 4096 exec/s: 69814 rss: 706Mb L: 82/3786 MS: 1 EraseBytes-
#28736421	REDUCE cov: 3761 ft: 11909 corp: 5789/552Kb lim: 4096 exec/s: 69918 rss: 706Mb L: 56/3786 MS: 1 EraseBytes-
#28751967	REDUCE cov: 3761 ft: 11909 corp: 5789/552Kb lim: 4096 exec/s: 69956 rss: 706Mb L: 166/3786 MS: 1 EraseBytes-
#28756728	REDUCE cov: 3761 ft: 11909 corp: 5789/552Kb lim: 4096 exec/s: 69967 rss: 706Mb L: 46/3786 MS: 1 EraseBytes-
#28831239	REDUCE cov: 3761 ft: 11909 corp: 5789/552Kb lim: 4096 exec/s: 69978 rss: 706Mb L: 236/3786 MS: 1 EraseBytes-
#28833565	REDUCE cov: 3761 ft: 11909 corp: 5789/552Kb lim: 4096 exec/s: 69984 rss: 706Mb L: 34/3786 MS: 1 EraseBytes-
#28834336	REDUCE cov: 3761 ft: 11909 corp: 5789/552Kb lim: 4096 exec/s: 69986 rss: 706Mb L: 119/3786 MS: 1 EraseBytes-
#28837397	REDUCE cov: 3761 ft: 11909 corp: 5789/552Kb lim: 4096 exec/s: 69993 rss: 706Mb L: 10/3786 MS: 1 EraseBytes-
#28852898	REDUCE cov: 3761 ft: 11909 corp: 5789/552Kb lim: 4096 exec/s: 69861 rss: 706Mb L: 77/3786 MS: 1 EraseBytes-
#28864669	REDUCE cov: 3761 ft: 11909 corp: 5789/552Kb lim: 4096 exec/s: 69890 rss: 706Mb L: 194/3786 MS: 1 EraseBytes-
#28936421	REDUCE cov: 3761 ft: 11909 corp: 5789/552Kb lim: 4096 exec/s: 69894 rss: 706Mb L: 200/3786 MS: 2 ShuffleBytes-EraseBytes-
#28937013	REDUCE cov: 3761 ft: 11909 corp: 5789/552Kb lim: 4096 exec/s: 69896 rss: 706Mb L: 232/3786 MS: 2 ShuffleBytes-EraseBytes-
#28943424	REDUCE cov: 3761 ft: 11909 corp: 5789/552Kb lim: 4096 exec/s: 69911 rss: 706Mb L: 57/3786 MS: 1 EraseBytes-
#28959691	REDUCE cov: 3761 ft: 11909 corp: 5789/552Kb lim: 4096 exec/s: 69950 rss: 706Mb L: 195/3786 MS: 2 ShuffleBytes-EraseBytes-
#28965172	REDUCE cov: 3761 ft: 11909 corp: 5789/552Kb lim: 4096 exec/s: 69964 rss: 706Mb L: 79/3786 MS: 1 EraseBytes-
#28999098	REDUCE cov: 3761 ft: 11909 corp: 5789/552Kb lim: 4096 exec/s: 69877 rss: 706Mb L: 106/3786 MS: 1 EraseBytes-
#29033944	REDUCE cov: 3761 ft: 11909 corp: 5789/552Kb lim: 4096 exec/s: 69961 rss: 706Mb L: 208/3786 MS: 1 EraseBytes-
#29040126	REDUCE cov: 3761 ft: 11909 corp: 5789/552Kb lim: 4096 exec/s: 69976 rss: 706Mb L: 469/3786 MS: 2 ShuffleBytes-EraseBytes-
#29051527	REDUCE cov: 3761 ft: 11909 corp: 5789/552Kb lim: 4096 exec/s: 69835 rss: 706Mb L: 74/3786 MS: 1 EraseBytes-
#29065948	REDUCE cov: 3761 ft: 11909 corp: 5789/552Kb lim: 4096 exec/s: 69870 rss: 706Mb L: 74/3786 MS: 1 EraseBytes-
#29067179	REDUCE cov: 3761 ft: 11909 corp: 5789/552Kb lim: 4096 exec/s: 69873 rss: 706Mb L: 82/3786 MS: 1 EraseBytes-
#29070695	REDUCE cov: 3761 ft: 11909 corp: 5789/552Kb lim: 4096 exec/s: 69881 rss: 706Mb L: 63/3786 MS: 1 EraseBytes-
#29107936	REDUCE cov: 3761 ft: 11909 corp: 5789/552Kb lim: 4096 exec/s: 69803 rss: 706Mb L: 95/3786 MS: 1 EraseBytes-
#29134657	REDUCE cov: 3761 ft: 11909 corp: 5789/552Kb lim: 4096 exec/s: 69867 rss: 706Mb L: 231/3786 MS: 1 EraseBytes-
#29184118	REDUCE cov: 3761 ft: 11909 corp: 5789/552Kb lim: 4096 exec/s: 69818 rss: 706Mb L: 236/3786 MS: 1 EraseBytes-
#29242924	REDUCE cov: 3761 ft: 11909 corp: 5789/552Kb lim: 4096 exec/s: 69959 rss: 706Mb L: 69/3786 MS: 1 EraseBytes-
#29247370	REDUCE cov: 3761 ft: 11909 corp: 5789/552Kb lim: 4096 exec/s: 69802 rss: 706Mb L: 81/3786 MS: 1 EraseBytes-
#29291596	REDUCE cov: 3761 ft: 11909 corp: 5789/552Kb lim: 4096 exec/s: 69741 rss: 706Mb L: 186/3786 MS: 1 EraseBytes-
#29404247	REDUCE cov: 3761 ft: 11909 corp: 5789/552Kb lim: 4096 exec/s: 69678 rss: 706Mb L: 97/3786 MS: 1 EraseBytes-
#29488362	REDUCE cov: 3761 ft: 11909 corp: 5789/552Kb lim: 4096 exec/s: 69712 rss: 706Mb L: 137/3786 MS: 5 ChangeASCIIInt-ChangeBinInt-ChangeBit-ChangeBinInt-EraseBytes-
#29494223	REDUCE cov: 3761 ft: 11909 corp: 5789/552Kb lim: 4096 exec/s: 69726 rss: 706Mb L: 195/3786 MS: 1 EraseBytes-
#29508284	REDUCE cov: 3761 ft: 11909 corp: 5789/552Kb lim: 4096 exec/s: 69759 rss: 706Mb L: 46/3786 MS: 1 EraseBytes-
#29519875	REDUCE cov: 3761 ft: 11909 corp: 5789/552Kb lim: 4096 exec/s: 69622 rss: 706Mb L: 31/3786 MS: 1 EraseBytes-
#29553626	REDUCE cov: 3761 ft: 11909 corp: 5789/552Kb lim: 4096 exec/s: 69701 rss: 706Mb L: 150/3786 MS: 1 EraseBytes-
#29559540	REDUCE cov: 3761 ft: 11909 corp: 5789/552Kb lim: 4096 exec/s: 69715 rss: 706Mb L: 68/3786 MS: 4 CopyPart-ChangeASCIIInt-PersAutoDict-EraseBytes- DE: "node"-
#29559731	REDUCE cov: 3761 ft: 11909 corp: 5789/552Kb lim: 4096 exec/s: 69716 rss: 706Mb L: 90/3786 MS: 1 EraseBytes-
#29585177	REDUCE cov: 3761 ft: 11909 corp: 5789/552Kb lim: 4096 exec/s: 69776 rss: 706Mb L: 86/3786 MS: 1 EraseBytes-
#29634733	REDUCE cov: 3761 ft: 11909 corp: 5789/552Kb lim: 4096 exec/s: 69728 rss: 706Mb L: 183/3786 MS: 1 EraseBytes-
#29640359	REDUCE cov: 3761 ft: 11909 corp: 5789/552Kb lim: 4096 exec/s: 69742 rss: 706Mb L: 136/3786 MS: 1 EraseBytes-
#29647150	REDUCE cov: 3761 ft: 11909 corp: 5789/551Kb lim: 4096 exec/s: 69758 rss: 706Mb L: 1226/3786 MS: 1 EraseBytes-
#29665796	REDUCE cov: 3761 ft: 11909 corp: 5789/551Kb lim: 4096 exec/s: 69638 rss: 706Mb L: 151/3786 MS: 1 EraseBytes-
#29666722	REDUCE cov: 3761 ft: 11909 corp: 5789/551Kb lim: 4096 exec/s: 69640 rss: 706Mb L: 123/3786 MS: 1 EraseBytes-
#29692678	REDUCE cov: 3761 ft: 11909 corp: 5789/551Kb lim: 4096 exec/s: 69701 rss: 706Mb L: 89/3786 MS: 1 EraseBytes-
#29709655	REDUCE cov: 3761 ft: 11909 corp: 5789/551Kb lim: 4096 exec/s: 69577 rss: 706Mb L: 381/3786 MS: 2 ChangeASCIIInt-EraseBytes-
#29717816	REDUCE cov: 3761 ft: 11909 corp: 5789/551Kb lim: 4096 exec/s: 69596 rss: 706Mb L: 56/3786 MS: 1 EraseBytes-
#29730197	REDUCE cov: 3761 ft: 11909 corp: 5789/551Kb lim: 4096 exec/s: 69625 rss: 706Mb L: 172/3786 MS: 1 EraseBytes-
#29739388	REDUCE cov: 3761 ft: 11909 corp: 5789/551Kb lim: 4096 exec/s: 69647 rss: 706Mb L: 122/3786 MS: 1 EraseBytes-
#29743024	REDUCE cov: 3761 ft: 11909 corp: 5789/551Kb lim: 4096 exec/s: 69655 rss: 706Mb L: 102/3786 MS: 1 EraseBytes-
#29750505	REDUCE cov: 3761 ft: 11909 corp: 5789/551Kb lim: 4096 exec/s: 69673 rss: 706Mb L: 157/3786 MS: 1 EraseBytes-
#29764761	REDUCE cov: 3761 ft: 11909 corp: 5789/551Kb lim: 4096 exec/s: 69706 rss: 706Mb L: 41/3786 MS: 1 EraseBytes-
#29775617	REDUCE cov: 3761 ft: 11909 corp: 5789/551Kb lim: 4096 exec/s: 69732 rss: 706Mb L: 79/3786 MS: 1 EraseBytes-
#29847598	REDUCE cov: 3761 ft: 11909 corp: 5789/551Kb lim: 4096 exec/s: 69737 rss: 706Mb L: 277/3786 MS: 1 EraseBytes-
#29978109	REDUCE cov: 3761 ft: 11909 corp: 5789/551Kb lim: 4096 exec/s: 69716 rss: 706Mb L: 171/3786 MS: 1 EraseBytes-
#29979836	REDUCE cov: 3761 ft: 11909 corp: 5789/551Kb lim: 4096 exec/s: 69720 rss: 706Mb L: 73/3786 MS: 2 ChangeASCIIInt-EraseBytes-
#29990364	REDUCE cov: 3761 ft: 11909 corp: 5789/551Kb lim: 4096 exec/s: 69745 rss: 706Mb L: 75/3786 MS: 3 ShuffleBytes-ChangeASCIIInt-EraseBytes-
#30009670	REDUCE cov: 3761 ft: 11909 corp: 5789/551Kb lim: 4096 exec/s: 69628 rss: 706Mb L: 78/3786 MS: 1 EraseBytes-
#30085161	REDUCE cov: 3761 ft: 11909 corp: 5789/551Kb lim: 4096 exec/s: 69641 rss: 706Mb L: 106/3786 MS: 1 EraseBytes-
#30090238	REDUCE cov: 3761 ft: 11909 corp: 5789/551Kb lim: 4096 exec/s: 69653 rss: 706Mb L: 431/3786 MS: 2 ChangeASCIIInt-EraseBytes-
#30107864	REDUCE cov: 3761 ft: 11909 corp: 5789/551Kb lim: 4096 exec/s: 69694 rss: 706Mb L: 2768/3786 MS: 1 EraseBytes-
#30154645	REDUCE cov: 3761 ft: 11909 corp: 5789/551Kb lim: 4096 exec/s: 69641 rss: 706Mb L: 181/3786 MS: 1 EraseBytes-
#30171261	REDUCE cov: 3761 ft: 11909 corp: 5789/551Kb lim: 4096 exec/s: 69679 rss: 706Mb L: 64/3786 MS: 1 EraseBytes-
#30185492	REDUCE cov: 3761 ft: 11909 corp: 5789/551Kb lim: 4096 exec/s: 69712 rss: 706Mb L: 114/3786 MS: 1 EraseBytes-
#30187923	REDUCE cov: 3761 ft: 11909 corp: 5789/551Kb lim: 4096 exec/s: 69718 rss: 706Mb L: 163/3786 MS: 1 EraseBytes-
#30207214	REDUCE cov: 3761 ft: 11909 corp: 5789/551Kb lim: 4096 exec/s: 69601 rss: 706Mb L: 37/3786 MS: 1 EraseBytes-
#30207650	REDUCE cov: 3761 ft: 11909 corp: 5789/551Kb lim: 4096 exec/s: 69602 rss: 706Mb L: 115/3786 MS: 1 EraseBytes-
#30253447	REDUCE cov: 3761 ft: 11909 corp: 5789/551Kb lim: 4096 exec/s: 69708 rss: 706Mb L: 105/3786 MS: 2 ChangeBinInt-EraseBytes-
#30257469	REDUCE cov: 3761 ft: 11909 corp: 5789/551Kb lim: 4096 exec/s: 69717 rss: 706Mb L: 262/3786 MS: 2 ChangeASCIIInt-EraseBytes-
#30347435	REDUCE cov: 3761 ft: 11909 corp: 5789/551Kb lim: 4096 exec/s: 69604 rss: 706Mb L: 258/3786 MS: 1 EraseBytes-
#30388001	REDUCE cov: 3761 ft: 11909 corp: 5789/551Kb lim: 4096 exec/s: 69537 rss: 706Mb L: 97/3786 MS: 1 EraseBytes-
#30392292	REDUCE cov: 3761 ft: 11909 corp: 5789/551Kb lim: 4096 exec/s: 69547 rss: 706Mb L: 735/3786 MS: 1 EraseBytes-
#30421448	REDUCE cov: 3761 ft: 11909 corp: 5789/551Kb lim: 4096 exec/s: 69614 rss: 706Mb L: 290/3786 MS: 1 EraseBytes-
#30465030	REDUCE cov: 3761 ft: 11909 corp: 5789/551Kb lim: 4096 exec/s: 69554 rss: 706Mb L: 94/3786 MS: 2 ChangeASCIIInt-EraseBytes-
#30472801	REDUCE cov: 3763 ft: 11911 corp: 5790/551Kb lim: 4096 exec/s: 69572 rss: 706Mb L: 114/3786 MS: 1 ChangeBit-
#30479212	REDUCE cov: 3763 ft: 11911 corp: 5790/551Kb lim: 4096 exec/s: 69428 rss: 706Mb L: 221/3786 MS: 1 EraseBytes-
#30487679	REDUCE cov: 3763 ft: 11911 corp: 5790/551Kb lim: 4096 exec/s: 69448 rss: 706Mb L: 85/3786 MS: 2 ShuffleBytes-EraseBytes-
#30500155	REDUCE cov: 3763 ft: 11911 corp: 5790/551Kb lim: 4096 exec/s: 69476 rss: 706Mb L: 75/3786 MS: 1 EraseBytes-
#30507746	REDUCE cov: 3763 ft: 11911 corp: 5790/551Kb lim: 4096 exec/s: 69493 rss: 706Mb L: 161/3786 MS: 1 EraseBytes-
#30518827	REDUCE cov: 3763 ft: 11911 corp: 5790/551Kb lim: 4096 exec/s: 69518 rss: 706Mb L: 101/3786 MS: 1 EraseBytes-
#30529503	REDUCE cov: 3763 ft: 11911 corp: 5790/551Kb lim: 4096 exec/s: 69385 rss: 706Mb L: 123/3786 MS: 1 EraseBytes-
#30578765	REDUCE cov: 3763 ft: 11911 corp: 5790/551Kb lim: 4096 exec/s: 69497 rss: 706Mb L: 178/3786 MS: 2 CopyPart-EraseBytes-
#30631906	REDUCE cov: 3763 ft: 11911 corp: 5790/551Kb lim: 4096 exec/s: 69460 rss: 706Mb L: 265/3786 MS: 1 EraseBytes-
#30670328	REDUCE cov: 3763 ft: 11911 corp: 5790/551Kb lim: 4096 exec/s: 69389 rss: 706Mb L: 264/3786 MS: 2 CopyPart-EraseBytes-
#30686604	REDUCE cov: 3763 ft: 11911 corp: 5790/551Kb lim: 4096 exec/s: 69426 rss: 706Mb L: 146/3786 MS: 1 EraseBytes-
#30689971	REDUCE cov: 3763 ft: 11911 corp: 5790/551Kb lim: 4096 exec/s: 69434 rss: 706Mb L: 378/3786 MS: 2 CopyPart-EraseBytes-
#30697037	REDUCE cov: 3763 ft: 11911 corp: 5790/551Kb lim: 4096 exec/s: 69450 rss: 706Mb L: 88/3786 MS: 1 EraseBytes-
#30725923	REDUCE cov: 3763 ft: 11911 corp: 5790/551Kb lim: 4096 exec/s: 69358 rss: 706Mb L: 179/3786 MS: 1 EraseBytes-
#30733999	REDUCE cov: 3763 ft: 11911 corp: 5790/551Kb lim: 4096 exec/s: 69376 rss: 706Mb L: 66/3786 MS: 1 EraseBytes-
#30808090	REDUCE cov: 3763 ft: 11911 corp: 5790/551Kb lim: 4096 exec/s: 69387 rss: 706Mb L: 207/3786 MS: 1 EraseBytes-
#30811416	REDUCE cov: 3763 ft: 11911 corp: 5790/551Kb lim: 4096 exec/s: 69395 rss: 706Mb L: 123/3786 MS: 1 EraseBytes-
#30812427	REDUCE cov: 3763 ft: 11911 corp: 5790/551Kb lim: 4096 exec/s: 69397 rss: 706Mb L: 89/3786 MS: 1 EraseBytes-
#30817798	REDUCE cov: 3763 ft: 11911 corp: 5790/551Kb lim: 4096 exec/s: 69409 rss: 706Mb L: 15/3786 MS: 1 EraseBytes-
#30934639	REDUCE cov: 3763 ft: 11911 corp: 5790/551Kb lim: 4096 exec/s: 69360 rss: 706Mb L: 63/3786 MS: 1 EraseBytes-
#30976375	REDUCE cov: 3763 ft: 11911 corp: 5790/551Kb lim: 4096 exec/s: 69298 rss: 706Mb L: 76/3786 MS: 1 EraseBytes-
#30991728	REDUCE cov: 3763 ft: 11911 corp: 5790/551Kb lim: 4096 exec/s: 69332 rss: 706Mb L: 104/3786 MS: 3 InsertByte-CMP-EraseBytes- DE: "move-chlid"-
#30998294	REDUCE cov: 3763 ft: 11911 corp: 5790/551Kb lim: 4096 exec/s: 69347 rss: 706Mb L: 261/3786 MS: 1 EraseBytes-
#31010800	REDUCE cov: 3763 ft: 11911 corp: 5790/551Kb lim: 4096 exec/s: 69375 rss: 706Mb L: 83/3786 MS: 1 EraseBytes-
#31019392	REDUCE cov: 3763 ft: 11911 corp: 5790/551Kb lim: 4096 exec/s: 69394 rss: 706Mb L: 204/3786 MS: 2 ChangeASCIIInt-EraseBytes-
#31031738	REDUCE cov: 3763 ft: 11911 corp: 5790/551Kb lim: 4096 exec/s: 69267 rss: 706Mb L: 233/3786 MS: 1 EraseBytes-
#31055263	REDUCE cov: 3763 ft: 11912 corp: 5791/552Kb lim: 4096 exec/s: 69165 rss: 706Mb L: 685/3786 MS: 5 ChangeByte-InsertRepeatedBytes-EraseBytes-ChangeBit-CrossOver-
#31063669	REDUCE cov: 3763 ft: 11912 corp: 5791/552Kb lim: 4096 exec/s: 69184 rss: 706Mb L: 1647/3786 MS: 1 EraseBytes-
#31078208	NEW    cov: 3763 ft: 11913 corp: 5792/552Kb lim: 4096 exec/s: 69216 rss: 706Mb L: 686/3786 MS: 4 ChangeBit-ChangeByte-InsertByte-CrossOver-
#31085669	REDUCE cov: 3763 ft: 11913 corp: 5792/552Kb lim: 4096 exec/s: 69233 rss: 706Mb L: 85/3786 MS: 1 EraseBytes-
#31094020	REDUCE cov: 3763 ft: 11913 corp: 5792/552Kb lim: 4096 exec/s: 69251 rss: 706Mb L: 69/3786 MS: 1 EraseBytes-
#31101686	REDUCE cov: 3763 ft: 11913 corp: 5792/552Kb lim: 4096 exec/s: 69268 rss: 706Mb L: 261/3786 MS: 1 EraseBytes-
#31134159	NEW    cov: 3763 ft: 11914 corp: 5793/554Kb lim: 4096 exec/s: 69187 rss: 706Mb L: 1264/3786 MS: 3 ChangeByte-ChangeByte-CopyPart-
#31143725	REDUCE cov: 3763 ft: 11914 corp: 5793/554Kb lim: 4096 exec/s: 69208 rss: 706Mb L: 39/3786 MS: 1 EraseBytes-
#31153731	REDUCE cov: 3763 ft: 11914 corp: 5793/554Kb lim: 4096 exec/s: 69077 rss: 706Mb L: 2818/3786 MS: 1 EraseBytes-
#31160142	REDUCE cov: 3763 ft: 11914 corp: 5793/554Kb lim: 4096 exec/s: 69091 rss: 706Mb L: 1674/3786 MS: 1 EraseBytes-
#31225236	REDUCE cov: 3763 ft: 11914 corp: 5793/554Kb lim: 4096 exec/s: 69082 rss: 706Mb L: 109/3786 MS: 4 InsertByte-ChangeByte-ChangeByte-EraseBytes-
#31258807	REDUCE cov: 3763 ft: 11914 corp: 5793/553Kb lim: 4096 exec/s: 69156 rss: 706Mb L: 515/3786 MS: 1 EraseBytes-
#31263652	REDUCE cov: 3763 ft: 11914 corp: 5793/553Kb lim: 4096 exec/s: 69014 rss: 706Mb L: 514/3786 MS: 5 ChangeASCIIInt-ShuffleBytes-CrossOver-CopyPart-EraseBytes-
#31281573	REDUCE cov: 3763 ft: 11914 corp: 5793/553Kb lim: 4096 exec/s: 69054 rss: 706Mb L: 616/3786 MS: 1 EraseBytes-
#31290369	REDUCE cov: 3763 ft: 11914 corp: 5793/553Kb lim: 4096 exec/s: 69073 rss: 706Mb L: 333/3786 MS: 1 EraseBytes-
#31304745	REDUCE cov: 3763 ft: 11914 corp: 5793/553Kb lim: 4096 exec/s: 69105 rss: 706Mb L: 613/3786 MS: 1 EraseBytes-
#31325656	REDUCE cov: 3763 ft: 11914 corp: 5793/553Kb lim: 4096 exec/s: 68999 rss: 706Mb L: 256/3786 MS: 1 EraseBytes-
#31335467	REDUCE cov: 3763 ft: 11914 corp: 5793/553Kb lim: 4096 exec/s: 69020 rss: 706Mb L: 131/3786 MS: 1 EraseBytes-
#31350423	REDUCE cov: 3763 ft: 11914 corp: 5793/553Kb lim: 4096 exec/s: 69053 rss: 706Mb L: 64/3786 MS: 1 EraseBytes-
#31351999	REDUCE cov: 3763 ft: 11914 corp: 5793/553Kb lim: 4096 exec/s: 69057 rss: 706Mb L: 494/3786 MS: 1 EraseBytes-
#31481775	REDUCE cov: 3763 ft: 11914 corp: 5793/553Kb lim: 4096 exec/s: 69190 rss: 706Mb L: 3484/3786 MS: 1 EraseBytes-
#31488081	REDUCE cov: 3763 ft: 11914 corp: 5793/553Kb lim: 4096 exec/s: 69204 rss: 706Mb L: 750/3786 MS: 1 EraseBytes-
#31490698	REDUCE cov: 3763 ft: 11914 corp: 5793/553Kb lim: 4096 exec/s: 69210 rss: 706Mb L: 266/3786 MS: 2 ChangeASCIIInt-EraseBytes-
#31492469	REDUCE cov: 3763 ft: 11914 corp: 5793/553Kb lim: 4096 exec/s: 69214 rss: 706Mb L: 419/3786 MS: 1 EraseBytes-
#31510491	REDUCE cov: 3763 ft: 11914 corp: 5793/553Kb lim: 4096 exec/s: 69101 rss: 706Mb L: 690/3786 MS: 2 CMP-EraseBytes- DE: "\000\000\021\000"-
#31546882	REDUCE cov: 3763 ft: 11914 corp: 5793/553Kb lim: 4096 exec/s: 69181 rss: 706Mb L: 105/3786 MS: 1 EraseBytes-
#31553440	REDUCE cov: 3763 ft: 11914 corp: 5793/553Kb lim: 4096 exec/s: 69044 rss: 706Mb L: 656/3786 MS: 3 ChangeByte-InsertByte-EraseBytes-
#31606168	REDUCE cov: 3763 ft: 11914 corp: 5793/553Kb lim: 4096 exec/s: 69160 rss: 706Mb L: 1253/3786 MS: 3 CopyPart-ChangeBit-EraseBytes-
#31619504	REDUCE cov: 3763 ft: 11914 corp: 5793/553Kb lim: 4096 exec/s: 69189 rss: 706Mb L: 111/3786 MS: 1 EraseBytes-
#31627335	REDUCE cov: 3763 ft: 11914 corp: 5793/553Kb lim: 4096 exec/s: 69055 rss: 706Mb L: 74/3786 MS: 1 EraseBytes-
#31673320	REDUCE cov: 3763 ft: 11914 corp: 5793/553Kb lim: 4096 exec/s: 69005 rss: 706Mb L: 1215/3786 MS: 5 ChangeASCIIInt-InsertByte-PersAutoDict-ChangeByte-EraseBytes- DE: "ops"-
#31677593	REDUCE cov: 3763 ft: 11914 corp: 5793/553Kb lim: 4096 exec/s: 69014 rss: 706Mb L: 110/3786 MS: 3 CopyPart-ChangeASCIIInt-EraseBytes-
#31720174	REDUCE cov: 3763 ft: 11914 corp: 5793/553Kb lim: 4096 exec/s: 69107 rss: 706Mb L: 655/3786 MS: 1 EraseBytes-
#31728685	REDUCE cov: 3763 ft: 11914 corp: 5793/553Kb lim: 4096 exec/s: 69125 rss: 706Mb L: 89/3786 MS: 1 EraseBytes-
#31740573	REDUCE cov: 3763 ft: 11914 corp: 5793/553Kb lim: 4096 exec/s: 69001 rss: 706Mb L: 307/3786 MS: 3 ChangeASCIIInt-ShuffleBytes-EraseBytes-
#31770099	REDUCE cov: 3763 ft: 11914 corp: 5793/553Kb lim: 4096 exec/s: 69065 rss: 706Mb L: 609/3786 MS: 1 EraseBytes-
#31775695	REDUCE cov: 3763 ft: 11914 corp: 5793/553Kb lim: 4096 exec/s: 69077 rss: 706Mb L: 73/3786 MS: 1 EraseBytes-
#31801381	REDUCE cov: 3763 ft: 11914 corp: 5793/553Kb lim: 4096 exec/s: 69133 rss: 706Mb L: 56/3786 MS: 1 EraseBytes-
#31803087	REDUCE cov: 3763 ft: 11914 corp: 5793/553Kb lim: 4096 exec/s: 69137 rss: 706Mb L: 92/3786 MS: 1 EraseBytes-
#31810973	REDUCE cov: 3763 ft: 11914 corp: 5793/553Kb lim: 4096 exec/s: 69154 rss: 706Mb L: 31/3786 MS: 1 EraseBytes-
#31835799	REDUCE cov: 3763 ft: 11914 corp: 5793/553Kb lim: 4096 exec/s: 69058 rss: 706Mb L: 585/3786 MS: 1 EraseBytes-
#31851590	REDUCE cov: 3763 ft: 11914 corp: 5793/553Kb lim: 4096 exec/s: 69092 rss: 706Mb L: 99/3786 MS: 1 EraseBytes-
#31857332	REDUCE cov: 3763 ft: 11914 corp: 5793/553Kb lim: 4096 exec/s: 69104 rss: 706Mb L: 146/3786 MS: 2 PersAutoDict-EraseBytes- DE: "\001\000\000\000\000\000\000\327"-
#31868358	REDUCE cov: 3763 ft: 11914 corp: 5793/553Kb lim: 4096 exec/s: 69128 rss: 706Mb L: 797/3786 MS: 1 EraseBytes-
#31875459	REDUCE cov: 3763 ft: 11914 corp: 5793/553Kb lim: 4096 exec/s: 68994 rss: 706Mb L: 414/3786 MS: 1 EraseBytes-
#31876020	REDUCE cov: 3763 ft: 11914 corp: 5793/553Kb lim: 4096 exec/s: 68995 rss: 706Mb L: 399/3786 MS: 1 EraseBytes-
#31952524	REDUCE cov: 3763 ft: 11914 corp: 5793/553Kb lim: 4096 exec/s: 69011 rss: 706Mb L: 243/3786 MS: 4 ShuffleBytes-ChangeASCIIInt-PersAutoDict-EraseBytes- DE: "4\000\000\000"-
#31995031	REDUCE cov: 3763 ft: 11914 corp: 5793/553Kb lim: 4096 exec/s: 68954 rss: 706Mb L: 1198/3786 MS: 2 EraseBytes-CopyPart-
#31995397	REDUCE cov: 3763 ft: 11914 corp: 5793/553Kb lim: 4096 exec/s: 68955 rss: 706Mb L: 103/3786 MS: 1 EraseBytes-
#32020675	REDUCE cov: 3763 ft: 11914 corp: 5793/553Kb lim: 4096 exec/s: 69010 rss: 706Mb L: 645/3786 MS: 3 ChangeASCIIInt-ChangeBit-EraseBytes-
#32031021	REDUCE cov: 3763 ft: 11914 corp: 5793/553Kb lim: 4096 exec/s: 68883 rss: 706Mb L: 64/3786 MS: 1 EraseBytes-
#32070657	REDUCE cov: 3763 ft: 11914 corp: 5793/553Kb lim: 4096 exec/s: 68821 rss: 706Mb L: 265/3786 MS: 1 EraseBytes-
#32081298	REDUCE cov: 3763 ft: 11914 corp: 5793/553Kb lim: 4096 exec/s: 68843 rss: 706Mb L: 39/3786 MS: 1 EraseBytes-
#32108284	REDUCE cov: 3763 ft: 11914 corp: 5793/553Kb lim: 4096 exec/s: 68901 rss: 706Mb L: 46/3786 MS: 1 EraseBytes-
#32123412	REDUCE cov: 3763 ft: 11914 corp: 5793/553Kb lim: 4096 exec/s: 68934 rss: 706Mb L: 401/3786 MS: 3 ChangeBit-CopyPart-EraseBytes-
#32124508	REDUCE cov: 3763 ft: 11914 corp: 5793/553Kb lim: 4096 exec/s: 68936 rss: 706Mb L: 63/3786 MS: 1 EraseBytes-
#32146414	REDUCE cov: 3763 ft: 11914 corp: 5793/553Kb lim: 4096 exec/s: 68983 rss: 706Mb L: 46/3786 MS: 1 EraseBytes-
#32155120	REDUCE cov: 3763 ft: 11914 corp: 5793/553Kb lim: 4096 exec/s: 69002 rss: 706Mb L: 436/3786 MS: 1 EraseBytes-
#32205476	REDUCE cov: 3763 ft: 11914 corp: 5793/553Kb lim: 4096 exec/s: 68962 rss: 706Mb L: 350/3786 MS: 1 EraseBytes-
#32232597	REDUCE cov: 3763 ft: 11914 corp: 5793/553Kb lim: 4096 exec/s: 68873 rss: 706Mb L: 67/3786 MS: 1 EraseBytes-
#32264643	REDUCE cov: 3763 ft: 11914 corp: 5793/553Kb lim: 4096 exec/s: 68794 rss: 706Mb L: 72/3786 MS: 1 EraseBytes-
#32278461	REDUCE cov: 3763 ft: 11914 corp: 5793/553Kb lim: 4096 exec/s: 68824 rss: 706Mb L: 2653/3786 MS: 3 ChangeASCIIInt-ChangeASCIIInt-EraseBytes-
#32289682	REDUCE cov: 3763 ft: 11914 corp: 5793/553Kb lim: 4096 exec/s: 68847 rss: 706Mb L: 880/3786 MS: 1 EraseBytes-
#32291603	REDUCE cov: 3763 ft: 11914 corp: 5793/553Kb lim: 4096 exec/s: 68852 rss: 706Mb L: 248/3786 MS: 1 EraseBytes-
#32325534	REDUCE cov: 3763 ft: 11914 corp: 5793/553Kb lim: 4096 exec/s: 68631 rss: 706Mb L: 172/3786 MS: 1 EraseBytes-
#32327796	REDUCE cov: 3763 ft: 11914 corp: 5793/553Kb lim: 4096 exec/s: 68636 rss: 706Mb L: 67/3786 MS: 2 CopyPart-EraseBytes-
#32344617	REDUCE cov: 3763 ft: 11914 corp: 5793/553Kb lim: 4096 exec/s: 68672 rss: 706Mb L: 93/3786 MS: 1 EraseBytes-
#32352348	REDUCE cov: 3763 ft: 11914 corp: 5793/553Kb lim: 4096 exec/s: 68688 rss: 706Mb L: 120/3786 MS: 1 EraseBytes-
#32354149	REDUCE cov: 3763 ft: 11914 corp: 5793/553Kb lim: 4096 exec/s: 68692 rss: 706Mb L: 46/3786 MS: 1 EraseBytes-
#32363502	REDUCE cov: 3763 ft: 11914 corp: 5793/552Kb lim: 4096 exec/s: 68712 rss: 706Mb L: 755/3786 MS: 3 ChangeBit-ChangeASCIIInt-EraseBytes-
#32374148	REDUCE cov: 3763 ft: 11914 corp: 5793/552Kb lim: 4096 exec/s: 68734 rss: 706Mb L: 81/3786 MS: 1 EraseBytes-
#32374229	REDUCE cov: 3763 ft: 11914 corp: 5793/552Kb lim: 4096 exec/s: 68735 rss: 706Mb L: 43/3786 MS: 1 EraseBytes-
#32442715	REDUCE cov: 3763 ft: 11914 corp: 5793/552Kb lim: 4096 exec/s: 68589 rss: 706Mb L: 75/3786 MS: 1 EraseBytes-
#32520412	REDUCE cov: 3763 ft: 11914 corp: 5793/552Kb lim: 4096 exec/s: 68608 rss: 706Mb L: 2140/3786 MS: 2 InsertByte-EraseBytes-
#32557659	REDUCE cov: 3763 ft: 11914 corp: 5793/552Kb lim: 4096 exec/s: 68687 rss: 706Mb L: 262/3786 MS: 2 ChangeByte-EraseBytes-
#32567625	REDUCE cov: 3763 ft: 11914 corp: 5793/552Kb lim: 4096 exec/s: 68708 rss: 706Mb L: 49/3786 MS: 1 EraseBytes-
#32576461	REDUCE cov: 3763 ft: 11914 corp: 5793/552Kb lim: 4096 exec/s: 68726 rss: 706Mb L: 34/3786 MS: 1 EraseBytes-
#32585983	REDUCE cov: 3763 ft: 11914 corp: 5793/552Kb lim: 4096 exec/s: 68746 rss: 706Mb L: 683/3786 MS: 2 InsertByte-EraseBytes-
#32615980	REDUCE cov: 3763 ft: 11914 corp: 5793/552Kb lim: 4096 exec/s: 68665 rss: 706Mb L: 147/3786 MS: 2 ChangeBinInt-EraseBytes-
#32626296	REDUCE cov: 3763 ft: 11914 corp: 5793/552Kb lim: 4096 exec/s: 68686 rss: 706Mb L: 2680/3786 MS: 1 EraseBytes-
#32633172	REDUCE cov: 3763 ft: 11914 corp: 5793/552Kb lim: 4096 exec/s: 68701 rss: 706Mb L: 90/3786 MS: 1 EraseBytes-
#32701973	REDUCE cov: 3763 ft: 11914 corp: 5793/552Kb lim: 4096 exec/s: 68557 rss: 706Mb L: 753/3786 MS: 1 EraseBytes-
#32716825	REDUCE cov: 3763 ft: 11914 corp: 5793/552Kb lim: 4096 exec/s: 68588 rss: 706Mb L: 73/3786 MS: 2 CopyPart-EraseBytes-
#32734281	REDUCE cov: 3763 ft: 11914 corp: 5793/552Kb lim: 4096 exec/s: 68625 rss: 706Mb L: 134/3786 MS: 1 EraseBytes-
#32752392	REDUCE cov: 3763 ft: 11914 corp: 5793/552Kb lim: 4096 exec/s: 68663 rss: 706Mb L: 191/3786 MS: 1 EraseBytes-
#32775513	REDUCE cov: 3763 ft: 11914 corp: 5793/552Kb lim: 4096 exec/s: 68568 rss: 706Mb L: 177/3786 MS: 1 EraseBytes-
#32795769	REDUCE cov: 3763 ft: 11914 corp: 5793/552Kb lim: 4096 exec/s: 68467 rss: 706Mb L: 223/3786 MS: 1 EraseBytes-
#32797830	REDUCE cov: 3763 ft: 11914 corp: 5793/552Kb lim: 4096 exec/s: 68471 rss: 706Mb L: 39/3786 MS: 1 EraseBytes-
#32813016	REDUCE cov: 3763 ft: 11914 corp: 5793/552Kb lim: 4096 exec/s: 68503 rss: 706Mb L: 2508/3786 MS: 1 EraseBytes-
#32817252	REDUCE cov: 3763 ft: 11914 corp: 5793/552Kb lim: 4096 exec/s: 68512 rss: 706Mb L: 62/3786 MS: 1 EraseBytes-
#32818223	REDUCE cov: 3763 ft: 11914 corp: 5793/552Kb lim: 4096 exec/s: 68514 rss: 706Mb L: 241/3786 MS: 1 EraseBytes-
#32828234	REDUCE cov: 3763 ft: 11914 corp: 5793/552Kb lim: 4096 exec/s: 68534 rss: 706Mb L: 71/3786 MS: 1 EraseBytes-
#32851245	REDUCE cov: 3763 ft: 11914 corp: 5793/552Kb lim: 4096 exec/s: 68582 rss: 706Mb L: 41/3786 MS: 1 EraseBytes-
#32929041	REDUCE cov: 3763 ft: 11914 corp: 5793/552Kb lim: 4096 exec/s: 68459 rss: 706Mb L: 117/3786 MS: 1 EraseBytes-
#32939733	REDUCE cov: 3763 ft: 11914 corp: 5793/552Kb lim: 4096 exec/s: 68481 rss: 706Mb L: 104/3786 MS: 2 InsertByte-EraseBytes-
#32941449	REDUCE cov: 3763 ft: 11914 corp: 5793/552Kb lim: 4096 exec/s: 68485 rss: 706Mb L: 73/3786 MS: 1 EraseBytes-
#32945171	REDUCE cov: 3763 ft: 11914 corp: 5793/552Kb lim: 4096 exec/s: 68493 rss: 706Mb L: 99/3786 MS: 2 ShuffleBytes-EraseBytes-
#32964507	REDUCE cov: 3763 ft: 11914 corp: 5793/552Kb lim: 4096 exec/s: 68533 rss: 706Mb L: 151/3786 MS: 1 EraseBytes-
#32984409	REDUCE cov: 3763 ft: 11914 corp: 5793/552Kb lim: 4096 exec/s: 68574 rss: 706Mb L: 157/3786 MS: 2 ShuffleBytes-EraseBytes-
#33023595	REDUCE cov: 3763 ft: 11914 corp: 5793/552Kb lim: 4096 exec/s: 68513 rss: 706Mb L: 398/3786 MS: 1 EraseBytes-
#33024606	REDUCE cov: 3763 ft: 11914 corp: 5793/552Kb lim: 4096 exec/s: 68515 rss: 706Mb L: 397/3786 MS: 1 EraseBytes-
#33031658	REDUCE cov: 3763 ft: 11914 corp: 5793/552Kb lim: 4096 exec/s: 68530 rss: 706Mb L: 2430/3786 MS: 2 CopyPart-EraseBytes-
#33075384	REDUCE cov: 3763 ft: 11914 corp: 5793/552Kb lim: 4096 exec/s: 68479 rss: 706Mb L: 2839/3786 MS: 1 EraseBytes-
#33116125	REDUCE cov: 3763 ft: 11914 corp: 5793/552Kb lim: 4096 exec/s: 68563 rss: 706Mb L: 199/3786 MS: 1 EraseBytes-
#33128881	REDUCE cov: 3763 ft: 11914 corp: 5793/552Kb lim: 4096 exec/s: 68589 rss: 706Mb L: 47/3786 MS: 1 EraseBytes-
#33134992	REDUCE cov: 3763 ft: 11914 corp: 5793/552Kb lim: 4096 exec/s: 68602 rss: 706Mb L: 51/3786 MS: 1 EraseBytes-
#33140178	REDUCE cov: 3763 ft: 11914 corp: 5793/552Kb lim: 4096 exec/s: 68613 rss: 706Mb L: 86/3786 MS: 1 EraseBytes-
#33174759	REDUCE cov: 3763 ft: 11914 corp: 5793/552Kb lim: 4096 exec/s: 68542 rss: 706Mb L: 64/3786 MS: 1 EraseBytes-
#33197945	REDUCE cov: 3763 ft: 11914 corp: 5793/552Kb lim: 4096 exec/s: 68590 rss: 706Mb L: 104/3786 MS: 1 EraseBytes-
#33223521	REDUCE cov: 3763 ft: 11914 corp: 5793/552Kb lim: 4096 exec/s: 68643 rss: 706Mb L: 97/3786 MS: 1 EraseBytes-
#33262912	REDUCE cov: 3763 ft: 11914 corp: 5793/552Kb lim: 4096 exec/s: 68583 rss: 706Mb L: 72/3786 MS: 1 EraseBytes-
#33280848	REDUCE cov: 3763 ft: 11914 corp: 5793/552Kb lim: 4096 exec/s: 68620 rss: 706Mb L: 221/3786 MS: 1 EraseBytes-
#33341292	REDUCE cov: 3763 ft: 11916 corp: 5794/553Kb lim: 4096 exec/s: 68603 rss: 706Mb L: 897/3786 MS: 4 InsertRepeatedBytes-ShuffleBytes-CrossOver-CopyPart-
#33371433	NEW    cov: 3763 ft: 11917 corp: 5795/554Kb lim: 4096 exec/s: 68524 rss: 706Mb L: 1464/3786 MS: 1 CopyPart-
#33379670	REDUCE cov: 3763 ft: 11917 corp: 5795/554Kb lim: 4096 exec/s: 68541 rss: 706Mb L: 64/3786 MS: 2 ChangeASCIIInt-EraseBytes-
#33388096	REDUCE cov: 3763 ft: 11917 corp: 5795/554Kb lim: 4096 exec/s: 68558 rss: 706Mb L: 102/3786 MS: 1 EraseBytes-
#33413243	REDUCE cov: 3763 ft: 11917 corp: 5795/554Kb lim: 4096 exec/s: 68610 rss: 706Mb L: 1059/3786 MS: 2 ChangeByte-EraseBytes-
#33429769	REDUCE cov: 3763 ft: 11917 corp: 5795/554Kb lim: 4096 exec/s: 68644 rss: 706Mb L: 817/3786 MS: 1 EraseBytes-
#33458435	REDUCE cov: 3763 ft: 11917 corp: 5795/554Kb lim: 4096 exec/s: 68703 rss: 706Mb L: 74/3786 MS: 1 EraseBytes-
#33463022	REDUCE cov: 3763 ft: 11917 corp: 5795/554Kb lim: 4096 exec/s: 68712 rss: 706Mb L: 68/3786 MS: 2 ShuffleBytes-EraseBytes-
#33477818	REDUCE cov: 3763 ft: 11917 corp: 5795/554Kb lim: 4096 exec/s: 68602 rss: 706Mb L: 183/3786 MS: 1 EraseBytes-
#33495395	REDUCE cov: 3763 ft: 11917 corp: 5795/554Kb lim: 4096 exec/s: 68638 rss: 706Mb L: 192/3786 MS: 2 ChangeASCIIInt-EraseBytes-
#33512256	REDUCE cov: 3763 ft: 11917 corp: 5795/554Kb lim: 4096 exec/s: 68672 rss: 706Mb L: 724/3786 MS: 1 EraseBytes-
#33512622	REDUCE cov: 3763 ft: 11917 corp: 5795/554Kb lim: 4096 exec/s: 68673 rss: 706Mb L: 1433/3786 MS: 1 EraseBytes-
#33526304	REDUCE cov: 3763 ft: 11917 corp: 5795/554Kb lim: 4096 exec/s: 68701 rss: 706Mb L: 271/3786 MS: 2 ShuffleBytes-EraseBytes-
#33527880	REDUCE cov: 3763 ft: 11917 corp: 5795/554Kb lim: 4096 exec/s: 68704 rss: 706Mb L: 129/3786 MS: 1 EraseBytes-
#33552496	REDUCE cov: 3763 ft: 11917 corp: 5795/554Kb lim: 4096 exec/s: 68614 rss: 706Mb L: 61/3786 MS: 1 EraseBytes-
#33554432	pulse  cov: 3763 ft: 11917 corp: 5795/554Kb lim: 4096 exec/s: 68618 rss: 706Mb
#33555992	REDUCE cov: 3763 ft: 11917 corp: 5795/554Kb lim: 4096 exec/s: 68621 rss: 706Mb L: 235/3786 MS: 1 EraseBytes-
#33560499	REDUCE cov: 3763 ft: 11917 corp: 5795/554Kb lim: 4096 exec/s: 68630 rss: 706Mb L: 853/3786 MS: 2 ChangeBinInt-EraseBytes-
#33575640	REDUCE cov: 3763 ft: 11917 corp: 5795/554Kb lim: 4096 exec/s: 68661 rss: 706Mb L: 568/3786 MS: 1 EraseBytes-
#33594867	REDUCE cov: 3763 ft: 11917 corp: 5795/554Kb lim: 4096 exec/s: 68560 rss: 706Mb L: 36/3786 MS: 2 CopyPart-EraseBytes-
#33622374	REDUCE cov: 3763 ft: 11917 corp: 5795/554Kb lim: 4096 exec/s: 68617 rss: 706Mb L: 790/3786 MS: 2 EraseBytes-CopyPart-
#33632300	REDUCE cov: 3763 ft: 11917 corp: 5795/554Kb lim: 4096 exec/s: 68637 rss: 706Mb L: 2548/3786 MS: 1 EraseBytes-
#33662731	REDUCE cov: 3763 ft: 11917 corp: 5795/554Kb lim: 4096 exec/s: 68559 rss: 706Mb L: 77/3786 MS: 1 EraseBytes-
#33671077	REDUCE cov: 3763 ft: 11917 corp: 5795/554Kb lim: 4096 exec/s: 68576 rss: 706Mb L: 88/3786 MS: 1 EraseBytes-
#33690613	REDUCE cov: 3763 ft: 11917 corp: 5795/554Kb lim: 4096 exec/s: 68616 rss: 706Mb L: 77/3786 MS: 1 EraseBytes-
#33711629	REDUCE cov: 3763 ft: 11917 corp: 5795/554Kb lim: 4096 exec/s: 68659 rss: 706Mb L: 426/3786 MS: 1 EraseBytes-
#33736230	REDUCE cov: 3763 ft: 11917 corp: 5795/554Kb lim: 4096 exec/s: 68569 rss: 706Mb L: 68/3786 MS: 1 EraseBytes-
#33759611	REDUCE cov: 3763 ft: 11917 corp: 5795/554Kb lim: 4096 exec/s: 68477 rss: 706Mb L: 183/3786 MS: 1 EraseBytes-
#33793367	REDUCE cov: 3763 ft: 11917 corp: 5795/554Kb lim: 4096 exec/s: 68546 rss: 706Mb L: 289/3786 MS: 1 EraseBytes-
#33814328	REDUCE cov: 3763 ft: 11917 corp: 5795/554Kb lim: 4096 exec/s: 68450 rss: 706Mb L: 39/3786 MS: 1 EraseBytes-
#33821145	REDUCE cov: 3763 ft: 11917 corp: 5795/554Kb lim: 4096 exec/s: 68463 rss: 706Mb L: 135/3786 MS: 2 CopyPart-EraseBytes-
#33834706	REDUCE cov: 3763 ft: 11917 corp: 5795/554Kb lim: 4096 exec/s: 68491 rss: 706Mb L: 935/3786 MS: 1 EraseBytes-
#33834998	REDUCE cov: 3763 ft: 11917 corp: 5795/554Kb lim: 4096 exec/s: 68491 rss: 706Mb L: 98/3786 MS: 2 ShuffleBytes-EraseBytes-
#33854721	REDUCE cov: 3763 ft: 11917 corp: 5795/554Kb lim: 4096 exec/s: 68393 rss: 706Mb L: 108/3786 MS: 3 ChangeASCIIInt-ChangeBinInt-EraseBytes-
#33857682	REDUCE cov: 3763 ft: 11918 corp: 5796/555Kb lim: 4096 exec/s: 68399 rss: 706Mb L: 1433/3786 MS: 1 CopyPart-
#33875178	REDUCE cov: 3763 ft: 11918 corp: 5796/555Kb lim: 4096 exec/s: 68434 rss: 706Mb L: 137/3786 MS: 1 EraseBytes-
#33904417	REDUCE cov: 3763 ft: 11918 corp: 5796/555Kb lim: 4096 exec/s: 68355 rss: 706Mb L: 393/3786 MS: 4 CopyPart-ChangeByte-EraseBytes-InsertByte-
#33912323	NEW    cov: 3763 ft: 11919 corp: 5797/556Kb lim: 4096 exec/s: 68371 rss: 706Mb L: 923/3786 MS: 1 EraseBytes-
#33926000	REDUCE cov: 3763 ft: 11919 corp: 5797/556Kb lim: 4096 exec/s: 68399 rss: 706Mb L: 1425/3786 MS: 2 ShuffleBytes-EraseBytes-
#33970061	REDUCE cov: 3763 ft: 11919 corp: 5797/556Kb lim: 4096 exec/s: 68350 rss: 706Mb L: 699/3786 MS: 1 EraseBytes-
#34000472	REDUCE cov: 3763 ft: 11919 corp: 5797/556Kb lim: 4096 exec/s: 68411 rss: 706Mb L: 58/3786 MS: 1 EraseBytes-
#34001488	REDUCE cov: 3763 ft: 11919 corp: 5797/556Kb lim: 4096 exec/s: 68413 rss: 706Mb L: 1279/3786 MS: 1 EraseBytes-
#34004580	REDUCE cov: 3763 ft: 11919 corp: 5797/556Kb lim: 4096 exec/s: 68282 rss: 706Mb L: 2727/3786 MS: 2 ChangeASCIIInt-EraseBytes-
#34011496	REDUCE cov: 3763 ft: 11919 corp: 5797/556Kb lim: 4096 exec/s: 68296 rss: 706Mb L: 889/3786 MS: 1 EraseBytes-
#34016052	REDUCE cov: 3763 ft: 11919 corp: 5797/556Kb lim: 4096 exec/s: 68305 rss: 706Mb L: 72/3786 MS: 1 EraseBytes-
#34034093	REDUCE cov: 3763 ft: 11919 corp: 5797/556Kb lim: 4096 exec/s: 68341 rss: 706Mb L: 40/3786 MS: 1 EraseBytes-
#34035604	REDUCE cov: 3763 ft: 11919 corp: 5797/556Kb lim: 4096 exec/s: 68344 rss: 706Mb L: 90/3786 MS: 1 EraseBytes-
#34036580	REDUCE cov: 3763 ft: 11919 corp: 5797/556Kb lim: 4096 exec/s: 68346 rss: 706Mb L: 103/3786 MS: 1 EraseBytes-
#34053416	REDUCE cov: 3763 ft: 11919 corp: 5797/556Kb lim: 4096 exec/s: 68380 rss: 706Mb L: 49/3786 MS: 1 EraseBytes-
#34062969	REDUCE cov: 3763 ft: 11919 corp: 5797/556Kb lim: 4096 exec/s: 68399 rss: 706Mb L: 250/3786 MS: 3 CopyPart-ShuffleBytes-EraseBytes-
#34121020	REDUCE cov: 3763 ft: 11919 corp: 5797/556Kb lim: 4096 exec/s: 68378 rss: 706Mb L: 44/3786 MS: 1 EraseBytes-
#34129091	REDUCE cov: 3763 ft: 11919 corp: 5797/556Kb lim: 4096 exec/s: 68394 rss: 706Mb L: 84/3786 MS: 1 EraseBytes-
#34151182	REDUCE cov: 3763 ft: 11919 corp: 5797/556Kb lim: 4096 exec/s: 68439 rss: 706Mb L: 81/3786 MS: 1 EraseBytes-
#34207163	REDUCE cov: 3763 ft: 11919 corp: 5797/556Kb lim: 4096 exec/s: 68277 rss: 706Mb L: 2500/3786 MS: 1 EraseBytes-
#34210499	REDUCE cov: 3763 ft: 11919 corp: 5797/556Kb lim: 4096 exec/s: 68284 rss: 706Mb L: 39/3786 MS: 1 EraseBytes-
#34215395	REDUCE cov: 3763 ft: 11919 corp: 5797/556Kb lim: 4096 exec/s: 68294 rss: 706Mb L: 40/3786 MS: 1 EraseBytes-
#34217929	REDUCE cov: 3763 ft: 11919 corp: 5797/556Kb lim: 4096 exec/s: 68299 rss: 706Mb L: 102/3786 MS: 4 ShuffleBytes-ShuffleBytes-ChangeASCIIInt-EraseBytes-
#34218350	REDUCE cov: 3763 ft: 11919 corp: 5797/556Kb lim: 4096 exec/s: 68300 rss: 706Mb L: 98/3786 MS: 1 EraseBytes-
#34242776	REDUCE cov: 3763 ft: 11919 corp: 5797/556Kb lim: 4096 exec/s: 68348 rss: 706Mb L: 643/3786 MS: 1 EraseBytes-
#34264792	REDUCE cov: 3763 ft: 11919 corp: 5797/556Kb lim: 4096 exec/s: 68256 rss: 706Mb L: 397/3786 MS: 1 EraseBytes-
#34266043	REDUCE cov: 3763 ft: 11919 corp: 5797/556Kb lim: 4096 exec/s: 68259 rss: 706Mb L: 256/3786 MS: 1 EraseBytes-
#34277881	REDUCE cov: 3763 ft: 11919 corp: 5797/556Kb lim: 4096 exec/s: 68282 rss: 706Mb L: 871/3786 MS: 3 ChangeBinInt-CrossOver-EraseBytes-
#34281652	REDUCE cov: 3763 ft: 11919 corp: 5797/556Kb lim: 4096 exec/s: 68290 rss: 706Mb L: 102/3786 MS: 1 EraseBytes-
#34284988	REDUCE cov: 3763 ft: 11919 corp: 5797/556Kb lim: 4096 exec/s: 68296 rss: 706Mb L: 1428/3786 MS: 1 EraseBytes-
#34290422	REDUCE cov: 3763 ft: 11919 corp: 5797/556Kb lim: 4096 exec/s: 68307 rss: 706Mb L: 515/3786 MS: 4 InsertByte-ChangeASCIIInt-InsertByte-EraseBytes-
#34290743	REDUCE cov: 3763 ft: 11919 corp: 5797/556Kb lim: 4096 exec/s: 68308 rss: 706Mb L: 171/3786 MS: 1 EraseBytes-
#34296164	REDUCE cov: 3763 ft: 11919 corp: 5797/556Kb lim: 4096 exec/s: 68319 rss: 706Mb L: 476/3786 MS: 1 EraseBytes-
#34324670	REDUCE cov: 3763 ft: 11919 corp: 5797/556Kb lim: 4096 exec/s: 68375 rss: 706Mb L: 663/3786 MS: 1 EraseBytes-
#34328387	REDUCE cov: 3763 ft: 11919 corp: 5797/556Kb lim: 4096 exec/s: 68247 rss: 706Mb L: 45/3786 MS: 2 ShuffleBytes-EraseBytes-
#34342288	REDUCE cov: 3763 ft: 11919 corp: 5797/556Kb lim: 4096 exec/s: 68274 rss: 706Mb L: 36/3786 MS: 1 EraseBytes-
#34344760	REDUCE cov: 3763 ft: 11919 corp: 5797/556Kb lim: 4096 exec/s: 68279 rss: 706Mb L: 2463/3786 MS: 2 ChangeASCIIInt-EraseBytes-
#34356216	REDUCE cov: 3763 ft: 11919 corp: 5797/556Kb lim: 4096 exec/s: 68302 rss: 706Mb L: 173/3786 MS: 1 EraseBytes-
#34362237	REDUCE cov: 3763 ft: 11919 corp: 5797/556Kb lim: 4096 exec/s: 68314 rss: 706Mb L: 243/3786 MS: 1 EraseBytes-
#34378579	REDUCE cov: 3763 ft: 11919 corp: 5797/556Kb lim: 4096 exec/s: 68347 rss: 706Mb L: 111/3786 MS: 2 PersAutoDict-EraseBytes- DE: "4\000\000\000"-
#34380386	REDUCE cov: 3763 ft: 11919 corp: 5797/556Kb lim: 4096 exec/s: 68350 rss: 706Mb L: 37/3786 MS: 2 ShuffleBytes-EraseBytes-
#34395367	REDUCE cov: 3763 ft: 11919 corp: 5797/556Kb lim: 4096 exec/s: 68244 rss: 706Mb L: 634/3786 MS: 1 EraseBytes-
#34403730	REDUCE cov: 3763 ft: 11919 corp: 5797/556Kb lim: 4096 exec/s: 68261 rss: 706Mb L: 797/3786 MS: 3 ShuffleBytes-InsertRepeatedBytes-EraseBytes-
#34403866	REDUCE cov: 3763 ft: 11919 corp: 5797/556Kb lim: 4096 exec/s: 68261 rss: 706Mb L: 115/3786 MS: 1 EraseBytes-
#34403917	REDUCE cov: 3763 ft: 11919 corp: 5797/556Kb lim: 4096 exec/s: 68261 rss: 706Mb L: 124/3786 MS: 1 EraseBytes-
#34404204	REDUCE cov: 3763 ft: 11919 corp: 5797/556Kb lim: 4096 exec/s: 68262 rss: 706Mb L: 54/3786 MS: 2 ShuffleBytes-EraseBytes-
#34416420	REDUCE cov: 3763 ft: 11919 corp: 5797/556Kb lim: 4096 exec/s: 68286 rss: 706Mb L: 40/3786 MS: 1 EraseBytes-
#34418321	REDUCE cov: 3763 ft: 11919 corp: 5797/556Kb lim: 4096 exec/s: 68290 rss: 706Mb L: 161/3786 MS: 1 EraseBytes-
#34426867	REDUCE cov: 3763 ft: 11919 corp: 5797/556Kb lim: 4096 exec/s: 68307 rss: 706Mb L: 255/3786 MS: 1 EraseBytes-
#34501468	REDUCE cov: 3763 ft: 11919 corp: 5797/556Kb lim: 4096 exec/s: 68319 rss: 706Mb L: 88/3786 MS: 1 EraseBytes-
#34522790	REDUCE cov: 3763 ft: 11919 corp: 5797/556Kb lim: 4096 exec/s: 68226 rss: 706Mb L: 746/3786 MS: 2 ChangeByte-EraseBytes-
#34552366	REDUCE cov: 3763 ft: 11919 corp: 5797/556Kb lim: 4096 exec/s: 68285 rss: 706Mb L: 221/3786 MS: 1 EraseBytes-
#34555012	REDUCE cov: 3763 ft: 11919 corp: 5797/556Kb lim: 4096 exec/s: 68290 rss: 706Mb L: 598/3786 MS: 1 EraseBytes-
#34625983	REDUCE cov: 3763 ft: 11919 corp: 5797/556Kb lim: 4096 exec/s: 68295 rss: 706Mb L: 84/3786 MS: 1 EraseBytes-
#34672279	REDUCE cov: 3763 ft: 11919 corp: 5797/555Kb lim: 4096 exec/s: 68252 rss: 706Mb L: 674/3786 MS: 1 EraseBytes-
#34701245	REDUCE cov: 3763 ft: 11919 corp: 5797/555Kb lim: 4096 exec/s: 68175 rss: 706Mb L: 247/3786 MS: 1 EraseBytes-
#34727157	NEW    cov: 3763 ft: 11920 corp: 5798/556Kb lim: 4096 exec/s: 68226 rss: 706Mb L: 741/3786 MS: 2 ShuffleBytes-CrossOver-
#34744783	REDUCE cov: 3763 ft: 11920 corp: 5798/556Kb lim: 4096 exec/s: 68260 rss: 706Mb L: 608/3786 MS: 1 EraseBytes-
#34746170	REDUCE cov: 3763 ft: 11920 corp: 5798/556Kb lim: 4096 exec/s: 68263 rss: 706Mb L: 627/3786 MS: 2 ShuffleBytes-EraseBytes-
#34757671	REDUCE cov: 3763 ft: 11920 corp: 5798/556Kb lim: 4096 exec/s: 68286 rss: 706Mb L: 48/3786 MS: 1 EraseBytes-
#34758597	REDUCE cov: 3763 ft: 11920 corp: 5798/556Kb lim: 4096 exec/s: 68288 rss: 706Mb L: 3773/3773 MS: 1 EraseBytes-
#34778594	REDUCE cov: 3763 ft: 11920 corp: 5798/556Kb lim: 4096 exec/s: 68327 rss: 706Mb L: 1673/3773 MS: 2 ShuffleBytes-EraseBytes-
#34779310	REDUCE cov: 3763 ft: 11920 corp: 5798/556Kb lim: 4096 exec/s: 68328 rss: 706Mb L: 248/3773 MS: 1 EraseBytes-
#34780241	REDUCE cov: 3763 ft: 11920 corp: 5798/556Kb lim: 4096 exec/s: 68196 rss: 706Mb L: 670/3773 MS: 1 EraseBytes-
#34786257	REDUCE cov: 3763 ft: 11920 corp: 5798/556Kb lim: 4096 exec/s: 68208 rss: 706Mb L: 80/3773 MS: 1 EraseBytes-
#34795089	REDUCE cov: 3763 ft: 11920 corp: 5798/556Kb lim: 4096 exec/s: 68225 rss: 706Mb L: 88/3773 MS: 2 ChangeASCIIInt-EraseBytes-
#34827030	REDUCE cov: 3763 ft: 11920 corp: 5798/556Kb lim: 4096 exec/s: 68154 rss: 706Mb L: 72/3773 MS: 1 EraseBytes-
#34840881	REDUCE cov: 3763 ft: 11920 corp: 5798/556Kb lim: 4096 exec/s: 68181 rss: 706Mb L: 79/3773 MS: 1 EraseBytes-
#34851712	REDUCE cov: 3763 ft: 11920 corp: 5798/556Kb lim: 4096 exec/s: 68069 rss: 706Mb L: 60/3773 MS: 1 EraseBytes-
#34862813	REDUCE cov: 3763 ft: 11920 corp: 5798/556Kb lim: 4096 exec/s: 68091 rss: 706Mb L: 96/3773 MS: 1 EraseBytes-
#34869795	REDUCE cov: 3763 ft: 11920 corp: 5798/556Kb lim: 4096 exec/s: 68105 rss: 706Mb L: 163/3773 MS: 2 ShuffleBytes-EraseBytes-
#34880396	REDUCE cov: 3763 ft: 11920 corp: 5798/556Kb lim: 4096 exec/s: 68125 rss: 706Mb L: 99/3773 MS: 1 EraseBytes-
#34885252	REDUCE cov: 3763 ft: 11920 corp: 5798/556Kb lim: 4096 exec/s: 68135 rss: 706Mb L: 78/3773 MS: 1 EraseBytes-
#34891879	REDUCE cov: 3763 ft: 11920 corp: 5798/556Kb lim: 4096 exec/s: 68148 rss: 706Mb L: 82/3773 MS: 2 ShuffleBytes-EraseBytes-
#34919855	REDUCE cov: 3763 ft: 11920 corp: 5798/556Kb lim: 4096 exec/s: 68069 rss: 706Mb L: 47/3773 MS: 1 EraseBytes-
#34962711	REDUCE cov: 3763 ft: 11920 corp: 5798/556Kb lim: 4096 exec/s: 68153 rss: 706Mb L: 85/3773 MS: 1 EraseBytes-
#34976612	REDUCE cov: 3763 ft: 11920 corp: 5798/556Kb lim: 4096 exec/s: 68047 rss: 706Mb L: 60/3773 MS: 1 EraseBytes-
#34985498	REDUCE cov: 3763 ft: 11920 corp: 5798/556Kb lim: 4096 exec/s: 68065 rss: 706Mb L: 568/3773 MS: 1 EraseBytes-
#35030724	REDUCE cov: 3763 ft: 11920 corp: 5798/556Kb lim: 4096 exec/s: 68020 rss: 706Mb L: 118/3773 MS: 1 EraseBytes-
#35059165	REDUCE cov: 3763 ft: 11920 corp: 5798/556Kb lim: 4096 exec/s: 68076 rss: 706Mb L: 202/3773 MS: 1 EraseBytes-
#35115083	REDUCE cov: 3763 ft: 11920 corp: 5798/556Kb lim: 4096 exec/s: 68052 rss: 706Mb L: 616/3773 MS: 3 ChangeASCIIInt-ChangeASCIIInt-EraseBytes-
#35145994	REDUCE cov: 3763 ft: 11920 corp: 5798/556Kb lim: 4096 exec/s: 67980 rss: 706Mb L: 52/3773 MS: 1 EraseBytes-
#35234330	REDUCE cov: 3763 ft: 11920 corp: 5798/556Kb lim: 4096 exec/s: 68019 rss: 706Mb L: 1131/3773 MS: 1 EraseBytes-
#35268536	REDUCE cov: 3763 ft: 11920 corp: 5798/556Kb lim: 4096 exec/s: 68085 rss: 706Mb L: 31/3773 MS: 1 EraseBytes-
#35295193	REDUCE cov: 3763 ft: 11920 corp: 5798/556Kb lim: 4096 exec/s: 68006 rss: 706Mb L: 65/3773 MS: 2 ShuffleBytes-EraseBytes-
#35297564	REDUCE cov: 3763 ft: 11920 corp: 5798/556Kb lim: 4096 exec/s: 68010 rss: 706Mb L: 387/3773 MS: 1 EraseBytes-
#35314411	REDUCE cov: 3763 ft: 11920 corp: 5798/556Kb lim: 4096 exec/s: 68043 rss: 706Mb L: 1236/3773 MS: 2 CopyPart-EraseBytes-
#35341627	REDUCE cov: 3763 ft: 11920 corp: 5798/556Kb lim: 4096 exec/s: 67964 rss: 706Mb L: 1116/3773 MS: 1 EraseBytes-
#35412668	REDUCE cov: 3763 ft: 11920 corp: 5798/556Kb lim: 4096 exec/s: 67970 rss: 706Mb L: 610/3773 MS: 1 EraseBytes-
#35421740	REDUCE cov: 3763 ft: 11920 corp: 5798/555Kb lim: 4096 exec/s: 67857 rss: 706Mb L: 160/3773 MS: 2 ChangeByte-EraseBytes-
#35431871	REDUCE cov: 3763 ft: 11920 corp: 5798/555Kb lim: 4096 exec/s: 67877 rss: 706Mb L: 109/3773 MS: 1 EraseBytes-
#35458152	REDUCE cov: 3763 ft: 11920 corp: 5798/555Kb lim: 4096 exec/s: 67927 rss: 706Mb L: 68/3773 MS: 1 EraseBytes-
#35460189	REDUCE cov: 3763 ft: 11920 corp: 5798/555Kb lim: 4096 exec/s: 67931 rss: 706Mb L: 114/3773 MS: 2 ShuffleBytes-EraseBytes-
#35494205	REDUCE cov: 3763 ft: 11920 corp: 5798/555Kb lim: 4096 exec/s: 67996 rss: 706Mb L: 152/3773 MS: 1 EraseBytes-
#35530767	REDUCE cov: 3763 ft: 11920 corp: 5798/555Kb lim: 4096 exec/s: 67936 rss: 706Mb L: 532/3773 MS: 2 ChangeBinInt-EraseBytes-
#35539404	REDUCE cov: 3763 ft: 11920 corp: 5798/555Kb lim: 4096 exec/s: 67952 rss: 706Mb L: 2627/3773 MS: 2 CopyPart-EraseBytes-
#35548990	REDUCE cov: 3763 ft: 11920 corp: 5798/555Kb lim: 4096 exec/s: 67971 rss: 706Mb L: 98/3773 MS: 1 EraseBytes-
#35565371	REDUCE cov: 3763 ft: 11920 corp: 5798/555Kb lim: 4096 exec/s: 67872 rss: 706Mb L: 386/3773 MS: 1 EraseBytes-
#35585402	REDUCE cov: 3763 ft: 11920 corp: 5798/555Kb lim: 4096 exec/s: 67911 rss: 706Mb L: 796/3773 MS: 1 EraseBytes-
#35594693	REDUCE cov: 3763 ft: 11920 corp: 5798/555Kb lim: 4096 exec/s: 67928 rss: 706Mb L: 999/3773 MS: 1 EraseBytes-
#35605804	REDUCE cov: 3763 ft: 11920 corp: 5798/555Kb lim: 4096 exec/s: 67950 rss: 706Mb L: 245/3773 MS: 1 EraseBytes-
#35630230	REDUCE cov: 3763 ft: 11920 corp: 5798/555Kb lim: 4096 exec/s: 67867 rss: 706Mb L: 144/3773 MS: 1 EraseBytes-
#35643231	REDUCE cov: 3763 ft: 11920 corp: 5798/555Kb lim: 4096 exec/s: 67891 rss: 706Mb L: 882/3773 MS: 1 EraseBytes-
#35696457	REDUCE cov: 3763 ft: 11920 corp: 5798/555Kb lim: 4096 exec/s: 67863 rss: 706Mb L: 60/3773 MS: 1 EraseBytes-
#35738785	REDUCE cov: 3763 ft: 11920 corp: 5798/555Kb lim: 4096 exec/s: 67815 rss: 706Mb L: 2449/3773 MS: 3 ChangeASCIIInt-EraseBytes-CopyPart-
#35761496	REDUCE cov: 3763 ft: 11920 corp: 5798/555Kb lim: 4096 exec/s: 67858 rss: 706Mb L: 1873/3773 MS: 1 EraseBytes-
#35763952	REDUCE cov: 3763 ft: 11920 corp: 5798/555Kb lim: 4096 exec/s: 67863 rss: 706Mb L: 1007/3773 MS: 1 EraseBytes-
#35765208	REDUCE cov: 3763 ft: 11920 corp: 5798/555Kb lim: 4096 exec/s: 67865 rss: 706Mb L: 227/3773 MS: 1 EraseBytes-
#35791745	REDUCE cov: 3763 ft: 11920 corp: 5798/555Kb lim: 4096 exec/s: 67787 rss: 706Mb L: 1362/3773 MS: 2 CopyPart-EraseBytes-
#35862886	REDUCE cov: 3763 ft: 11920 corp: 5798/555Kb lim: 4096 exec/s: 67793 rss: 706Mb L: 195/3773 MS: 1 EraseBytes-
#35876552	REDUCE cov: 3763 ft: 11920 corp: 5798/555Kb lim: 4096 exec/s: 67819 rss: 706Mb L: 1327/3773 MS: 1 EraseBytes-
#35879438	REDUCE cov: 3763 ft: 11920 corp: 5798/555Kb lim: 4096 exec/s: 67825 rss: 706Mb L: 36/3773 MS: 1 EraseBytes-
#35881465	REDUCE cov: 3763 ft: 11920 corp: 5798/555Kb lim: 4096 exec/s: 67828 rss: 706Mb L: 346/3773 MS: 2 ChangeASCIIInt-EraseBytes-
#35891450	REDUCE cov: 3763 ft: 11920 corp: 5798/555Kb lim: 4096 exec/s: 67847 rss: 706Mb L: 584/3773 MS: 5 ShuffleBytes-InsertByte-ChangeASCIIInt-ChangeBinInt-EraseBytes-
#35910006	REDUCE cov: 3763 ft: 11920 corp: 5798/555Kb lim: 4096 exec/s: 67754 rss: 706Mb L: 50/3773 MS: 1 EraseBytes-
#35916287	REDUCE cov: 3763 ft: 11920 corp: 5798/555Kb lim: 4096 exec/s: 67766 rss: 706Mb L: 57/3773 MS: 1 EraseBytes-
#35946568	REDUCE cov: 3763 ft: 11920 corp: 5798/555Kb lim: 4096 exec/s: 67823 rss: 706Mb L: 39/3773 MS: 1 EraseBytes-
#35955239	REDUCE cov: 3763 ft: 11920 corp: 5798/555Kb lim: 4096 exec/s: 67712 rss: 706Mb L: 48/3773 MS: 1 EraseBytes-
#35962935	REDUCE cov: 3763 ft: 11920 corp: 5798/555Kb lim: 4096 exec/s: 67726 rss: 706Mb L: 1298/3773 MS: 1 EraseBytes-
#36011321	REDUCE cov: 3763 ft: 11920 corp: 5798/555Kb lim: 4096 exec/s: 67690 rss: 706Mb L: 52/3773 MS: 1 EraseBytes-
#36024262	REDUCE cov: 3763 ft: 11920 corp: 5798/555Kb lim: 4096 exec/s: 67714 rss: 706Mb L: 626/3773 MS: 1 EraseBytes-
#36026737	REDUCE cov: 3763 ft: 11920 corp: 5798/555Kb lim: 4096 exec/s: 67719 rss: 706Mb L: 880/3773 MS: 5 ShuffleBytes-CrossOver-ChangeByte-CopyPart-EraseBytes-
#36038578	REDUCE cov: 3763 ft: 11920 corp: 5798/555Kb lim: 4096 exec/s: 67741 rss: 706Mb L: 72/3773 MS: 1 EraseBytes-
#36052770	REDUCE cov: 3763 ft: 11920 corp: 5798/555Kb lim: 4096 exec/s: 67768 rss: 706Mb L: 558/3773 MS: 2 ChangeASCIIInt-EraseBytes-
#36075041	REDUCE cov: 3763 ft: 11920 corp: 5798/555Kb lim: 4096 exec/s: 67683 rss: 706Mb L: 80/3773 MS: 1 EraseBytes-
#36090078	REDUCE cov: 3763 ft: 11920 corp: 5798/555Kb lim: 4096 exec/s: 67711 rss: 706Mb L: 1291/3773 MS: 2 ShuffleBytes-EraseBytes-
#36111299	REDUCE cov: 3763 ft: 11920 corp: 5798/555Kb lim: 4096 exec/s: 67751 rss: 706Mb L: 1851/3773 MS: 1 EraseBytes-
#36115140	REDUCE cov: 3763 ft: 11920 corp: 5798/555Kb lim: 4096 exec/s: 67758 rss: 706Mb L: 280/3773 MS: 1 EraseBytes-
#36120206	REDUCE cov: 3763 ft: 11920 corp: 5798/555Kb lim: 4096 exec/s: 67640 rss: 706Mb L: 922/3773 MS: 1 EraseBytes-
#36143029	REDUCE cov: 3763 ft: 11920 corp: 5798/555Kb lim: 4096 exec/s: 67683 rss: 706Mb L: 83/3773 MS: 3 ChangeASCIIInt-CopyPart-EraseBytes-
#36157606	REDUCE cov: 3763 ft: 11920 corp: 5798/555Kb lim: 4096 exec/s: 67710 rss: 706Mb L: 859/3773 MS: 2 PersAutoDict-EraseBytes- DE: "\001\000\000\000\000\000\000\327"-
#36183554	REDUCE cov: 3763 ft: 11920 corp: 5798/555Kb lim: 4096 exec/s: 67759 rss: 706Mb L: 379/3773 MS: 3 CMP-CopyPart-EraseBytes- DE: "\377\377\377\377"-
#36188120	REDUCE cov: 3763 ft: 11920 corp: 5798/555Kb lim: 4096 exec/s: 67641 rss: 706Mb L: 19/3773 MS: 1 EraseBytes-
#36190318	REDUCE cov: 3763 ft: 11920 corp: 5798/555Kb lim: 4096 exec/s: 67645 rss: 706Mb L: 95/3773 MS: 3 CopyPart-ShuffleBytes-EraseBytes-
#36240894	REDUCE cov: 3763 ft: 11920 corp: 5798/555Kb lim: 4096 exec/s: 67613 rss: 706Mb L: 91/3773 MS: 1 EraseBytes-
#36245550	REDUCE cov: 3763 ft: 11920 corp: 5798/555Kb lim: 4096 exec/s: 67622 rss: 706Mb L: 63/3773 MS: 1 EraseBytes-
#36248131	REDUCE cov: 3763 ft: 11920 corp: 5798/555Kb lim: 4096 exec/s: 67627 rss: 706Mb L: 455/3773 MS: 1 EraseBytes-
#36271102	REDUCE cov: 3763 ft: 11920 corp: 5798/555Kb lim: 4096 exec/s: 67669 rss: 706Mb L: 136/3773 MS: 1 EraseBytes-
#36284855	REDUCE cov: 3763 ft: 11920 corp: 5798/555Kb lim: 4096 exec/s: 67569 rss: 706Mb L: 108/3773 MS: 3 InsertByte-InsertByte-EraseBytes-
#36292942	REDUCE cov: 3763 ft: 11920 corp: 5798/555Kb lim: 4096 exec/s: 67584 rss: 706Mb L: 75/3773 MS: 2 ShuffleBytes-EraseBytes-
#36304388	REDUCE cov: 3763 ft: 11920 corp: 5798/555Kb lim: 4096 exec/s: 67605 rss: 706Mb L: 66/3773 MS: 1 EraseBytes-
#36304724	REDUCE cov: 3763 ft: 11920 corp: 5798/555Kb lim: 4096 exec/s: 67606 rss: 706Mb L: 122/3773 MS: 1 EraseBytes-
#36358265	REDUCE cov: 3763 ft: 11920 corp: 5798/555Kb lim: 4096 exec/s: 67706 rss: 706Mb L: 976/3773 MS: 1 EraseBytes-
#36384436	REDUCE cov: 3763 ft: 11920 corp: 5798/555Kb lim: 4096 exec/s: 67629 rss: 706Mb L: 181/3773 MS: 1 EraseBytes-
#36451133	REDUCE cov: 3763 ft: 11920 corp: 5798/555Kb lim: 4096 exec/s: 67627 rss: 706Mb L: 31/3773 MS: 2 PersAutoDict-EraseBytes- DE: "\000\000\021\000"-
#36456404	REDUCE cov: 3763 ft: 11920 corp: 5798/555Kb lim: 4096 exec/s: 67637 rss: 706Mb L: 29/3773 MS: 1 EraseBytes-
#36506560	REDUCE cov: 3763 ft: 11920 corp: 5798/555Kb lim: 4096 exec/s: 67604 rss: 706Mb L: 1255/3773 MS: 1 EraseBytes-
#36524241	REDUCE cov: 3763 ft: 11920 corp: 5798/555Kb lim: 4096 exec/s: 67637 rss: 706Mb L: 24/3773 MS: 1 EraseBytes-
#36576672	REDUCE cov: 3763 ft: 11920 corp: 5798/555Kb lim: 4096 exec/s: 67609 rss: 706Mb L: 177/3773 MS: 1 EraseBytes-
#36609288	REDUCE cov: 3763 ft: 11920 corp: 5798/555Kb lim: 4096 exec/s: 67669 rss: 706Mb L: 38/3773 MS: 1 EraseBytes-
#36615542	REDUCE cov: 3763 ft: 11920 corp: 5798/555Kb lim: 4096 exec/s: 67681 rss: 706Mb L: 92/3773 MS: 4 ChangeBinInt-ChangeBit-InsertByte-EraseBytes-
#36677118	REDUCE cov: 3763 ft: 11920 corp: 5798/555Kb lim: 4096 exec/s: 67669 rss: 706Mb L: 75/3773 MS: 1 EraseBytes-
#36702710	REDUCE cov: 3763 ft: 11920 corp: 5798/555Kb lim: 4096 exec/s: 67592 rss: 706Mb L: 2697/3773 MS: 2 ChangeASCIIInt-EraseBytes-
#36714011	REDUCE cov: 3763 ft: 11920 corp: 5798/555Kb lim: 4096 exec/s: 67613 rss: 706Mb L: 67/3773 MS: 1 EraseBytes-
#36719362	REDUCE cov: 3763 ft: 11920 corp: 5798/555Kb lim: 4096 exec/s: 67623 rss: 706Mb L: 166/3773 MS: 1 EraseBytes-
#36781193	REDUCE cov: 3763 ft: 11920 corp: 5798/555Kb lim: 4096 exec/s: 67612 rss: 706Mb L: 42/3773 MS: 1 EraseBytes-
#36789884	REDUCE cov: 3763 ft: 11920 corp: 5798/555Kb lim: 4096 exec/s: 67628 rss: 706Mb L: 190/3773 MS: 1 EraseBytes-
#36871070	REDUCE cov: 3763 ft: 11920 corp: 5798/555Kb lim: 4096 exec/s: 67529 rss: 706Mb L: 581/3773 MS: 1 EraseBytes-
#36874006	REDUCE cov: 3763 ft: 11920 corp: 5798/555Kb lim: 4096 exec/s: 67534 rss: 706Mb L: 566/3773 MS: 1 EraseBytes-
#36903029	REDUCE cov: 3763 ft: 11920 corp: 5798/554Kb lim: 4096 exec/s: 67587 rss: 706Mb L: 477/3773 MS: 3 ShuffleBytes-CopyPart-EraseBytes-
#36946380	REDUCE cov: 3763 ft: 11920 corp: 5798/554Kb lim: 4096 exec/s: 67543 rss: 706Mb L: 37/3773 MS: 1 EraseBytes-
#36959356	REDUCE cov: 3763 ft: 11920 corp: 5798/554Kb lim: 4096 exec/s: 67567 rss: 706Mb L: 112/3773 MS: 1 EraseBytes-
#37031602	REDUCE cov: 3763 ft: 11920 corp: 5798/554Kb lim: 4096 exec/s: 67575 rss: 706Mb L: 70/3773 MS: 1 EraseBytes-
#37079714	REDUCE cov: 3763 ft: 11920 corp: 5798/554Kb lim: 4096 exec/s: 67663 rss: 706Mb L: 132/3773 MS: 2 CMP-EraseBytes- DE: "\377\377"-
#37087240	REDUCE cov: 3763 ft: 11920 corp: 5798/554Kb lim: 4096 exec/s: 67677 rss: 706Mb L: 488/3773 MS: 1 EraseBytes-
#37095411	REDUCE cov: 3763 ft: 11920 corp: 5798/554Kb lim: 4096 exec/s: 67692 rss: 706Mb L: 1686/3773 MS: 1 EraseBytes-
#37097148	REDUCE cov: 3763 ft: 11920 corp: 5798/554Kb lim: 4096 exec/s: 67572 rss: 706Mb L: 54/3773 MS: 2 ChangeASCIIInt-EraseBytes-
#37140649	REDUCE cov: 3763 ft: 11920 corp: 5798/554Kb lim: 4096 exec/s: 67528 rss: 706Mb L: 191/3773 MS: 1 EraseBytes-
#37147035	REDUCE cov: 3763 ft: 11920 corp: 5798/554Kb lim: 4096 exec/s: 67540 rss: 706Mb L: 175/3773 MS: 1 EraseBytes-
#37164392	REDUCE cov: 3763 ft: 11920 corp: 5798/554Kb lim: 4096 exec/s: 67571 rss: 706Mb L: 118/3773 MS: 2 ChangeASCIIInt-EraseBytes-
#37174623	REDUCE cov: 3763 ft: 11920 corp: 5798/554Kb lim: 4096 exec/s: 67590 rss: 706Mb L: 33/3773 MS: 1 EraseBytes-
#37211714	REDUCE cov: 3763 ft: 11920 corp: 5798/554Kb lim: 4096 exec/s: 67534 rss: 706Mb L: 51/3773 MS: 1 EraseBytes-
#37275205	REDUCE cov: 3763 ft: 11920 corp: 5798/554Kb lim: 4096 exec/s: 67527 rss: 706Mb L: 357/3773 MS: 1 EraseBytes-
#37317910	REDUCE cov: 3763 ft: 11920 corp: 5798/554Kb lim: 4096 exec/s: 67482 rss: 706Mb L: 1272/3773 MS: 5 ChangeBit-ChangeASCIIInt-InsertByte-ChangeASCIIInt-EraseBytes-
#37329371	REDUCE cov: 3763 ft: 11920 corp: 5798/554Kb lim: 4096 exec/s: 67503 rss: 706Mb L: 47/3773 MS: 1 EraseBytes-
#37350137	REDUCE cov: 3763 ft: 11920 corp: 5798/554Kb lim: 4096 exec/s: 67540 rss: 706Mb L: 1005/3773 MS: 1 EraseBytes-
#37359828	REDUCE cov: 3763 ft: 11920 corp: 5798/554Kb lim: 4096 exec/s: 67436 rss: 706Mb L: 233/3773 MS: 1 EraseBytes-
#37378064	REDUCE cov: 3763 ft: 11920 corp: 5798/554Kb lim: 4096 exec/s: 67469 rss: 706Mb L: 108/3773 MS: 1 EraseBytes-
#37397405	REDUCE cov: 3763 ft: 11920 corp: 5798/554Kb lim: 4096 exec/s: 67504 rss: 706Mb L: 33/3773 MS: 1 EraseBytes-
#37398302	REDUCE cov: 3763 ft: 11920 corp: 5798/554Kb lim: 4096 exec/s: 67505 rss: 706Mb L: 822/3773 MS: 2 ShuffleBytes-EraseBytes-
#37415693	REDUCE cov: 3763 ft: 11920 corp: 5798/554Kb lim: 4096 exec/s: 67537 rss: 706Mb L: 69/3773 MS: 1 EraseBytes-
#37419364	REDUCE cov: 3763 ft: 11920 corp: 5798/554Kb lim: 4096 exec/s: 67543 rss: 706Mb L: 242/3773 MS: 1 EraseBytes-
#37422016	REDUCE cov: 3763 ft: 11920 corp: 5798/554Kb lim: 4096 exec/s: 67548 rss: 706Mb L: 101/3773 MS: 2 ChangeBit-EraseBytes-
#37430082	REDUCE cov: 3763 ft: 11920 corp: 5798/554Kb lim: 4096 exec/s: 67563 rss: 706Mb L: 1408/3773 MS: 1 EraseBytes-
#37444809	REDUCE cov: 3763 ft: 11920 corp: 5798/554Kb lim: 4096 exec/s: 67589 rss: 706Mb L: 96/3773 MS: 2 ShuffleBytes-EraseBytes-
#37449665	REDUCE cov: 3763 ft: 11920 corp: 5798/554Kb lim: 4096 exec/s: 67598 rss: 706Mb L: 2817/3773 MS: 1 EraseBytes-
#37465251	REDUCE cov: 3763 ft: 11920 corp: 5798/554Kb lim: 4096 exec/s: 67504 rss: 706Mb L: 77/3773 MS: 1 EraseBytes-
#37483642	REDUCE cov: 3763 ft: 11920 corp: 5798/554Kb lim: 4096 exec/s: 67538 rss: 706Mb L: 403/3773 MS: 1 EraseBytes-
#37516999	REDUCE cov: 3763 ft: 11920 corp: 5798/554Kb lim: 4096 exec/s: 67598 rss: 706Mb L: 137/3773 MS: 2 ChangeASCIIInt-EraseBytes-
#37542900	REDUCE cov: 3763 ft: 11920 corp: 5798/554Kb lim: 4096 exec/s: 67523 rss: 706Mb L: 68/3773 MS: 1 EraseBytes-
#37548376	REDUCE cov: 3763 ft: 11920 corp: 5798/554Kb lim: 4096 exec/s: 67533 rss: 706Mb L: 58/3773 MS: 1 EraseBytes-
#37557502	REDUCE cov: 3763 ft: 11920 corp: 5798/554Kb lim: 4096 exec/s: 67549 rss: 706Mb L: 33/3773 MS: 1 EraseBytes-
#37569718	REDUCE cov: 3763 ft: 11920 corp: 5798/554Kb lim: 4096 exec/s: 67450 rss: 706Mb L: 95/3773 MS: 1 EraseBytes-
#37603179	REDUCE cov: 3763 ft: 11920 corp: 5798/554Kb lim: 4096 exec/s: 67510 rss: 706Mb L: 190/3773 MS: 1 EraseBytes-
#37625690	REDUCE cov: 3763 ft: 11920 corp: 5798/554Kb lim: 4096 exec/s: 67550 rss: 706Mb L: 912/3773 MS: 1 EraseBytes-
#37632466	REDUCE cov: 3763 ft: 11920 corp: 5798/554Kb lim: 4096 exec/s: 67562 rss: 706Mb L: 53/3773 MS: 1 EraseBytes-
#37675052	REDUCE cov: 3763 ft: 11920 corp: 5798/554Kb lim: 4096 exec/s: 67518 rss: 706Mb L: 72/3773 MS: 1 EraseBytes-
#37712109	REDUCE cov: 3763 ft: 11920 corp: 5798/554Kb lim: 4096 exec/s: 67463 rss: 706Mb L: 44/3773 MS: 2 ChangeByte-EraseBytes-
#37799760	REDUCE cov: 3763 ft: 11920 corp: 5798/554Kb lim: 4096 exec/s: 67499 rss: 706Mb L: 100/3773 MS: 1 EraseBytes-
#37817223	REDUCE cov: 3763 ft: 11920 corp: 5798/554Kb lim: 4096 exec/s: 67530 rss: 706Mb L: 73/3773 MS: 3 InsertByte-EraseBytes-EraseBytes-
#37832244	REDUCE cov: 3763 ft: 11920 corp: 5798/554Kb lim: 4096 exec/s: 67557 rss: 706Mb L: 90/3773 MS: 1 EraseBytes-
#37832735	REDUCE cov: 3763 ft: 11920 corp: 5798/554Kb lim: 4096 exec/s: 67558 rss: 706Mb L: 1190/3773 MS: 1 EraseBytes-
#37869242	REDUCE cov: 3763 ft: 11920 corp: 5798/554Kb lim: 4096 exec/s: 67503 rss: 706Mb L: 381/3773 MS: 2 InsertByte-EraseBytes-
#37904493	REDUCE cov: 3763 ft: 11920 corp: 5798/554Kb lim: 4096 exec/s: 67565 rss: 706Mb L: 65/3773 MS: 1 EraseBytes-
#37932424	REDUCE cov: 3763 ft: 11920 corp: 5798/554Kb lim: 4096 exec/s: 67495 rss: 706Mb L: 616/3773 MS: 1 EraseBytes-
#37937865	REDUCE cov: 3763 ft: 11921 corp: 5799/554Kb lim: 4096 exec/s: 67505 rss: 706Mb L: 190/3773 MS: 1 InsertRepeatedBytes-
#37942136	REDUCE cov: 3763 ft: 11921 corp: 5799/554Kb lim: 4096 exec/s: 67512 rss: 706Mb L: 99/3773 MS: 1 EraseBytes-
#37996203	REDUCE cov: 3763 ft: 11921 corp: 5799/554Kb lim: 4096 exec/s: 67488 rss: 706Mb L: 817/3773 MS: 1 EraseBytes-
#38045284	REDUCE cov: 3763 ft: 11921 corp: 5799/554Kb lim: 4096 exec/s: 67336 rss: 706Mb L: 62/3773 MS: 1 EraseBytes-
#38072891	REDUCE cov: 3763 ft: 11921 corp: 5799/554Kb lim: 4096 exec/s: 67385 rss: 706Mb L: 1286/3773 MS: 2 ChangeBinInt-EraseBytes-
#38103719	REDUCE cov: 3763 ft: 11921 corp: 5799/554Kb lim: 4096 exec/s: 67321 rss: 706Mb L: 173/3773 MS: 3 ShuffleBytes-ShuffleBytes-EraseBytes-
#38112326	REDUCE cov: 3763 ft: 11921 corp: 5799/554Kb lim: 4096 exec/s: 67336 rss: 706Mb L: 44/3773 MS: 2 ChangeASCIIInt-EraseBytes-
#38130192	REDUCE cov: 3763 ft: 11921 corp: 5799/554Kb lim: 4096 exec/s: 67367 rss: 706Mb L: 256/3773 MS: 1 EraseBytes-
#38151573	REDUCE cov: 3763 ft: 11921 corp: 5799/554Kb lim: 4096 exec/s: 67286 rss: 706Mb L: 378/3773 MS: 1 EraseBytes-
#38165674	REDUCE cov: 3763 ft: 11921 corp: 5799/554Kb lim: 4096 exec/s: 67311 rss: 706Mb L: 95/3773 MS: 1 EraseBytes-
#38206860	REDUCE cov: 3763 ft: 11921 corp: 5799/554Kb lim: 4096 exec/s: 67265 rss: 706Mb L: 162/3773 MS: 1 EraseBytes-
#38236876	REDUCE cov: 3763 ft: 11921 corp: 5799/554Kb lim: 4096 exec/s: 67318 rss: 706Mb L: 34/3773 MS: 1 EraseBytes-
#38243292	REDUCE cov: 3763 ft: 11921 corp: 5799/554Kb lim: 4096 exec/s: 67329 rss: 706Mb L: 56/3773 MS: 1 EraseBytes-
#38272874	REDUCE cov: 3763 ft: 11921 corp: 5799/554Kb lim: 4096 exec/s: 67263 rss: 706Mb L: 120/3773 MS: 2 CrossOver-EraseBytes-
#38302375	REDUCE cov: 3763 ft: 11921 corp: 5799/554Kb lim: 4096 exec/s: 67197 rss: 706Mb L: 420/3773 MS: 1 EraseBytes-
#38374141	REDUCE cov: 3763 ft: 11921 corp: 5799/554Kb lim: 4096 exec/s: 67205 rss: 706Mb L: 88/3773 MS: 1 EraseBytes-
#38379572	REDUCE cov: 3763 ft: 11921 corp: 5799/554Kb lim: 4096 exec/s: 67214 rss: 706Mb L: 104/3773 MS: 1 EraseBytes-
#38380494	REDUCE cov: 3763 ft: 11921 corp: 5799/554Kb lim: 4096 exec/s: 67216 rss: 706Mb L: 72/3773 MS: 2 ChangeBinInt-EraseBytes-
#38388100	REDUCE cov: 3763 ft: 11921 corp: 5799/554Kb lim: 4096 exec/s: 67112 rss: 706Mb L: 55/3773 MS: 1 EraseBytes-
#38457032	REDUCE cov: 3763 ft: 11921 corp: 5799/554Kb lim: 4096 exec/s: 67115 rss: 706Mb L: 34/3773 MS: 2 ShuffleBytes-EraseBytes-
#38499258	REDUCE cov: 3763 ft: 11921 corp: 5799/554Kb lim: 4096 exec/s: 67071 rss: 706Mb L: 2316/3773 MS: 1 EraseBytes-
#38529649	REDUCE cov: 3763 ft: 11921 corp: 5799/554Kb lim: 4096 exec/s: 67124 rss: 706Mb L: 69/3773 MS: 1 EraseBytes-
#38543195	REDUCE cov: 3763 ft: 11921 corp: 5799/554Kb lim: 4096 exec/s: 67031 rss: 706Mb L: 777/3773 MS: 1 EraseBytes-
#38558906	REDUCE cov: 3763 ft: 11921 corp: 5799/554Kb lim: 4096 exec/s: 67058 rss: 706Mb L: 672/3773 MS: 1 EraseBytes-
#38592622	REDUCE cov: 3763 ft: 11921 corp: 5799/554Kb lim: 4096 exec/s: 67001 rss: 706Mb L: 102/3773 MS: 1 EraseBytes-
#38619828	REDUCE cov: 3763 ft: 11921 corp: 5799/554Kb lim: 4096 exec/s: 67048 rss: 706Mb L: 61/3773 MS: 1 EraseBytes-
#38627385	REDUCE cov: 3763 ft: 11921 corp: 5799/554Kb lim: 4096 exec/s: 67061 rss: 706Mb L: 92/3773 MS: 2 ChangeBit-EraseBytes-
#38636586	REDUCE cov: 3763 ft: 11921 corp: 5799/554Kb lim: 4096 exec/s: 67077 rss: 706Mb L: 86/3773 MS: 1 EraseBytes-
#38827748	REDUCE cov: 3763 ft: 11921 corp: 5799/554Kb lim: 4096 exec/s: 67060 rss: 706Mb L: 96/3773 MS: 2 ShuffleBytes-EraseBytes-
#38844809	REDUCE cov: 3763 ft: 11921 corp: 5799/554Kb lim: 4096 exec/s: 66973 rss: 706Mb L: 60/3773 MS: 1 EraseBytes-
#38852015	REDUCE cov: 3763 ft: 11921 corp: 5799/554Kb lim: 4096 exec/s: 66986 rss: 706Mb L: 146/3773 MS: 1 EraseBytes-
#38860691	REDUCE cov: 3763 ft: 11921 corp: 5799/554Kb lim: 4096 exec/s: 67001 rss: 706Mb L: 165/3773 MS: 1 EraseBytes-
#38874779	REDUCE cov: 3769 ft: 11927 corp: 5800/554Kb lim: 4096 exec/s: 67025 rss: 706Mb L: 267/3773 MS: 3 ChangeASCIIInt-CrossOver-EraseBytes-
#38904825	REDUCE cov: 3769 ft: 11927 corp: 5800/554Kb lim: 4096 exec/s: 67077 rss: 706Mb L: 452/3773 MS: 1 EraseBytes-
#38923126	REDUCE cov: 3769 ft: 11927 corp: 5800/554Kb lim: 4096 exec/s: 67108 rss: 706Mb L: 1215/3773 MS: 1 EraseBytes-
#38945597	REDUCE cov: 3769 ft: 11927 corp: 5800/554Kb lim: 4096 exec/s: 67032 rss: 706Mb L: 69/3773 MS: 1 EraseBytes-
#38967413	REDUCE cov: 3769 ft: 11927 corp: 5800/554Kb lim: 4096 exec/s: 67069 rss: 706Mb L: 114/3773 MS: 1 EraseBytes-
#38990445	REDUCE cov: 3769 ft: 11927 corp: 5800/554Kb lim: 4096 exec/s: 66993 rss: 706Mb L: 849/3773 MS: 2 CMP-EraseBytes- DE: "'////"-
#39002521	REDUCE cov: 3769 ft: 11927 corp: 5800/554Kb lim: 4096 exec/s: 67014 rss: 706Mb L: 150/3773 MS: 1 EraseBytes-
#39058402	REDUCE cov: 3769 ft: 11927 corp: 5800/554Kb lim: 4096 exec/s: 66995 rss: 706Mb L: 1123/3773 MS: 1 EraseBytes-
#39064303	REDUCE cov: 3769 ft: 11927 corp: 5800/554Kb lim: 4096 exec/s: 67005 rss: 706Mb L: 76/3773 MS: 1 EraseBytes-
#39089159	REDUCE cov: 3769 ft: 11927 corp: 5800/554Kb lim: 4096 exec/s: 67048 rss: 706Mb L: 91/3773 MS: 1 EraseBytes-
#39118690	REDUCE cov: 3769 ft: 11927 corp: 5800/554Kb lim: 4096 exec/s: 66984 rss: 706Mb L: 376/3773 MS: 1 EraseBytes-
#39122268	REDUCE cov: 3769 ft: 11928 corp: 5801/556Kb lim: 4096 exec/s: 66990 rss: 706Mb L: 1443/3773 MS: 3 CopyPart-ChangeBinInt-CopyPart-
#39133664	REDUCE cov: 3769 ft: 11928 corp: 5801/556Kb lim: 4096 exec/s: 67009 rss: 706Mb L: 336/3773 MS: 1 EraseBytes-
#39149990	REDUCE cov: 3769 ft: 11928 corp: 5801/556Kb lim: 4096 exec/s: 67037 rss: 706Mb L: 52/3773 MS: 1 EraseBytes-
#39160652	REDUCE cov: 3769 ft: 11928 corp: 5801/556Kb lim: 4096 exec/s: 67055 rss: 706Mb L: 171/3773 MS: 2 ShuffleBytes-EraseBytes-
#39163918	REDUCE cov: 3769 ft: 11928 corp: 5801/556Kb lim: 4096 exec/s: 67061 rss: 706Mb L: 54/3773 MS: 1 EraseBytes-
#39195979	REDUCE cov: 3769 ft: 11928 corp: 5801/556Kb lim: 4096 exec/s: 67116 rss: 706Mb L: 58/3773 MS: 1 EraseBytes-
#39207415	REDUCE cov: 3769 ft: 11928 corp: 5801/556Kb lim: 4096 exec/s: 67021 rss: 706Mb L: 38/3773 MS: 1 EraseBytes-
#39208366	REDUCE cov: 3769 ft: 11928 corp: 5801/556Kb lim: 4096 exec/s: 67022 rss: 706Mb L: 79/3773 MS: 1 EraseBytes-
#39268388	REDUCE cov: 3769 ft: 11928 corp: 5801/556Kb lim: 4096 exec/s: 67010 rss: 706Mb L: 48/3773 MS: 2 CopyPart-EraseBytes-
#39268574	REDUCE cov: 3769 ft: 11928 corp: 5801/556Kb lim: 4096 exec/s: 67011 rss: 706Mb L: 274/3773 MS: 1 EraseBytes-
#39275150	REDUCE cov: 3769 ft: 11928 corp: 5801/556Kb lim: 4096 exec/s: 67022 rss: 706Mb L: 234/3773 MS: 1 EraseBytes-
#39310422	REDUCE cov: 3769 ft: 11928 corp: 5801/556Kb lim: 4096 exec/s: 66968 rss: 706Mb L: 200/3773 MS: 2 ChangeByte-EraseBytes-
#39314538	REDUCE cov: 3769 ft: 11928 corp: 5801/556Kb lim: 4096 exec/s: 66975 rss: 706Mb L: 191/3773 MS: 1 EraseBytes-
#39370630	REDUCE cov: 3769 ft: 11928 corp: 5801/555Kb lim: 4096 exec/s: 67070 rss: 706Mb L: 1171/3773 MS: 2 ChangeASCIIInt-EraseBytes-
#39376742	REDUCE cov: 3769 ft: 11928 corp: 5801/555Kb lim: 4096 exec/s: 67081 rss: 706Mb L: 90/3773 MS: 2 ChangeASCIIInt-EraseBytes-
#39427643	REDUCE cov: 3769 ft: 11928 corp: 5801/555Kb lim: 4096 exec/s: 67053 rss: 706Mb L: 120/3773 MS: 1 EraseBytes-
#39453564	REDUCE cov: 3769 ft: 11928 corp: 5801/555Kb lim: 4096 exec/s: 67097 rss: 706Mb L: 74/3773 MS: 1 EraseBytes-
#39453940	REDUCE cov: 3769 ft: 11928 corp: 5801/555Kb lim: 4096 exec/s: 67098 rss: 706Mb L: 151/3773 MS: 1 EraseBytes-
#39483502	REDUCE cov: 3769 ft: 11928 corp: 5801/555Kb lim: 4096 exec/s: 67034 rss: 706Mb L: 49/3773 MS: 2 ChangeByte-EraseBytes-
#39502388	REDUCE cov: 3769 ft: 11928 corp: 5801/555Kb lim: 4096 exec/s: 67066 rss: 706Mb L: 102/3773 MS: 1 EraseBytes-
#39522349	REDUCE cov: 3769 ft: 11928 corp: 5801/555Kb lim: 4096 exec/s: 67100 rss: 706Mb L: 88/3773 MS: 1 EraseBytes-
#39525020	REDUCE cov: 3769 ft: 11928 corp: 5801/555Kb lim: 4096 exec/s: 67105 rss: 706Mb L: 71/3773 MS: 1 EraseBytes-
#39537141	REDUCE cov: 3769 ft: 11928 corp: 5801/555Kb lim: 4096 exec/s: 67012 rss: 706Mb L: 226/3773 MS: 1 EraseBytes-
#39550683	REDUCE cov: 3769 ft: 11928 corp: 5801/555Kb lim: 4096 exec/s: 67035 rss: 706Mb L: 149/3773 MS: 2 CMP-EraseBytes- DE: "inverse"-
#39610909	REDUCE cov: 3769 ft: 11928 corp: 5801/555Kb lim: 4096 exec/s: 67023 rss: 706Mb L: 63/3773 MS: 1 EraseBytes-
#39634337	REDUCE cov: 3769 ft: 11928 corp: 5801/555Kb lim: 4096 exec/s: 67063 rss: 706Mb L: 794/3773 MS: 3 ShuffleBytes-ShuffleBytes-EraseBytes-
#39639371	REDUCE cov: 3769 ft: 11928 corp: 5801/555Kb lim: 4096 exec/s: 67071 rss: 706Mb L: 73/3773 MS: 4 ShuffleBytes-EraseBytes-ShuffleBytes-CopyPart-
#39655202	REDUCE cov: 3769 ft: 11928 corp: 5801/555Kb lim: 4096 exec/s: 67098 rss: 706Mb L: 41/3773 MS: 1 EraseBytes-
#39693575	REDUCE cov: 3769 ft: 11928 corp: 5801/555Kb lim: 4096 exec/s: 67049 rss: 706Mb L: 110/3773 MS: 3 ChangeByte-ChangeByte-EraseBytes-
#39699152	REDUCE cov: 3769 ft: 11928 corp: 5801/555Kb lim: 4096 exec/s: 67059 rss: 706Mb L: 98/3773 MS: 2 ChangeByte-EraseBytes-
#39726023	REDUCE cov: 3769 ft: 11928 corp: 5801/555Kb lim: 4096 exec/s: 66991 rss: 706Mb L: 610/3773 MS: 1 EraseBytes-
#39754734	REDUCE cov: 3769 ft: 11928 corp: 5801/555Kb lim: 4096 exec/s: 66927 rss: 706Mb L: 71/3773 MS: 1 EraseBytes-
#39761735	REDUCE cov: 3769 ft: 11928 corp: 5801/555Kb lim: 4096 exec/s: 66938 rss: 706Mb L: 41/3773 MS: 1 EraseBytes-
#39901856	REDUCE cov: 3769 ft: 11928 corp: 5801/555Kb lim: 4096 exec/s: 66837 rss: 706Mb L: 277/3773 MS: 1 EraseBytes-
#39913242	REDUCE cov: 3769 ft: 11928 corp: 5801/555Kb lim: 4096 exec/s: 66856 rss: 706Mb L: 47/3773 MS: 1 EraseBytes-
#39919213	REDUCE cov: 3769 ft: 11928 corp: 5801/555Kb lim: 4096 exec/s: 66866 rss: 706Mb L: 263/3773 MS: 1 EraseBytes-
#39946564	REDUCE cov: 3769 ft: 11928 corp: 5801/555Kb lim: 4096 exec/s: 66912 rss: 706Mb L: 79/3773 MS: 1 EraseBytes-
#39949540	REDUCE cov: 3769 ft: 11928 corp: 5801/555Kb lim: 4096 exec/s: 66917 rss: 706Mb L: 78/3773 MS: 1 EraseBytes-
#39975178	REDUCE cov: 3769 ft: 11928 corp: 5801/555Kb lim: 4096 exec/s: 66848 rss: 706Mb L: 475/3773 MS: 3 ChangeASCIIInt-ShuffleBytes-EraseBytes-
#40016955	REDUCE cov: 3769 ft: 11928 corp: 5801/555Kb lim: 4096 exec/s: 66806 rss: 706Mb L: 44/3773 MS: 2 PersAutoDict-EraseBytes- DE: "create-nod&::[{"-
#40030731	REDUCE cov: 3769 ft: 11928 corp: 5801/555Kb lim: 4096 exec/s: 66829 rss: 706Mb L: 55/3773 MS: 1 EraseBytes-
#40035983	REDUCE cov: 3769 ft: 11928 corp: 5801/555Kb lim: 4096 exec/s: 66838 rss: 706Mb L: 1076/3773 MS: 2 ChangeASCIIInt-EraseBytes-
#40074829	REDUCE cov: 3769 ft: 11928 corp: 5801/555Kb lim: 4096 exec/s: 66791 rss: 706Mb L: 132/3773 MS: 1 EraseBytes-
#40109555	REDUCE cov: 3769 ft: 11928 corp: 5801/555Kb lim: 4096 exec/s: 66738 rss: 706Mb L: 71/3773 MS: 1 EraseBytes-
#40137956	REDUCE cov: 3769 ft: 11928 corp: 5801/555Kb lim: 4096 exec/s: 66785 rss: 706Mb L: 762/3773 MS: 1 EraseBytes-
#40150232	REDUCE cov: 3769 ft: 11928 corp: 5801/555Kb lim: 4096 exec/s: 66805 rss: 706Mb L: 135/3773 MS: 1 EraseBytes-
#40180438	REDUCE cov: 3769 ft: 11928 corp: 5801/555Kb lim: 4096 exec/s: 66744 rss: 706Mb L: 175/3773 MS: 1 EraseBytes-
#40208360	REDUCE cov: 3769 ft: 11928 corp: 5801/555Kb lim: 4096 exec/s: 66680 rss: 706Mb L: 130/3773 MS: 2 InsertRepeatedBytes-EraseBytes-
#40212121	REDUCE cov: 3769 ft: 11928 corp: 5801/555Kb lim: 4096 exec/s: 66686 rss: 706Mb L: 173/3773 MS: 1 EraseBytes-
#40233097	REDUCE cov: 3769 ft: 11928 corp: 5801/555Kb lim: 4096 exec/s: 66721 rss: 706Mb L: 183/3773 MS: 1 EraseBytes-
#40237038	REDUCE cov: 3769 ft: 11928 corp: 5801/555Kb lim: 4096 exec/s: 66728 rss: 706Mb L: 59/3773 MS: 1 EraseBytes-
#40268504	REDUCE cov: 3769 ft: 11928 corp: 5801/555Kb lim: 4096 exec/s: 66780 rss: 706Mb L: 2150/3773 MS: 1 CrossOver-
#40306215	REDUCE cov: 3769 ft: 11928 corp: 5801/555Kb lim: 4096 exec/s: 66732 rss: 706Mb L: 113/3773 MS: 1 EraseBytes-
#40339116	REDUCE cov: 3769 ft: 11928 corp: 5801/555Kb lim: 4096 exec/s: 66676 rss: 706Mb L: 906/3773 MS: 1 EraseBytes-
#40340662	REDUCE cov: 3769 ft: 11928 corp: 5801/555Kb lim: 4096 exec/s: 66678 rss: 706Mb L: 1315/3773 MS: 1 EraseBytes-
#40341343	REDUCE cov: 3769 ft: 11928 corp: 5801/555Kb lim: 4096 exec/s: 66679 rss: 706Mb L: 32/3773 MS: 1 EraseBytes-
#40375884	REDUCE cov: 3769 ft: 11928 corp: 5801/555Kb lim: 4096 exec/s: 66626 rss: 706Mb L: 371/3773 MS: 1 EraseBytes-
#40400130	REDUCE cov: 3769 ft: 11928 corp: 5801/555Kb lim: 4096 exec/s: 66666 rss: 706Mb L: 247/3773 MS: 1 EraseBytes-
#40405781	REDUCE cov: 3769 ft: 11928 corp: 5801/555Kb lim: 4096 exec/s: 66676 rss: 706Mb L: 356/3773 MS: 1 EraseBytes-
#40459017	REDUCE cov: 3769 ft: 11928 corp: 5801/555Kb lim: 4096 exec/s: 66654 rss: 706Mb L: 128/3773 MS: 1 EraseBytes-
#40505799	REDUCE cov: 3769 ft: 11928 corp: 5801/555Kb lim: 4096 exec/s: 66731 rss: 706Mb L: 247/3773 MS: 2 ChangeBit-EraseBytes-
#40515131	REDUCE cov: 3769 ft: 11929 corp: 5802/557Kb lim: 4096 exec/s: 66746 rss: 706Mb L: 1679/3773 MS: 2 CrossOver-CopyPart-
#40518467	REDUCE cov: 3769 ft: 11929 corp: 5802/557Kb lim: 4096 exec/s: 66642 rss: 706Mb L: 1597/3773 MS: 1 EraseBytes-
#40523288	REDUCE cov: 3769 ft: 11929 corp: 5802/557Kb lim: 4096 exec/s: 66650 rss: 706Mb L: 65/3773 MS: 1 EraseBytes-
#40549975	REDUCE cov: 3769 ft: 11929 corp: 5802/557Kb lim: 4096 exec/s: 66584 rss: 706Mb L: 157/3773 MS: 2 ChangeByte-EraseBytes-
#40554071	REDUCE cov: 3769 ft: 11929 corp: 5802/557Kb lim: 4096 exec/s: 66591 rss: 706Mb L: 116/3773 MS: 1 EraseBytes-
#40574613	REDUCE cov: 3769 ft: 11929 corp: 5802/556Kb lim: 4096 exec/s: 66624 rss: 706Mb L: 1388/3773 MS: 2 CMP-EraseBytes- DE: "\017\000\000\000\000\000\000\000"-
#40601204	REDUCE cov: 3769 ft: 11929 corp: 5802/556Kb lim: 4096 exec/s: 66559 rss: 706Mb L: 182/3773 MS: 1 EraseBytes-
#40689235	REDUCE cov: 3769 ft: 11929 corp: 5802/556Kb lim: 4096 exec/s: 66485 rss: 706Mb L: 73/3773 MS: 1 EraseBytes-
#40716016	REDUCE cov: 3769 ft: 11929 corp: 5802/556Kb lim: 4096 exec/s: 66529 rss: 706Mb L: 1117/3773 MS: 1 EraseBytes-
#40726742	REDUCE cov: 3769 ft: 11929 corp: 5802/556Kb lim: 4096 exec/s: 66546 rss: 706Mb L: 85/3773 MS: 1 EraseBytes-
#40767019	REDUCE cov: 3769 ft: 11929 corp: 5802/556Kb lim: 4096 exec/s: 66504 rss: 706Mb L: 686/3773 MS: 2 InsertByte-EraseBytes-
#40769720	REDUCE cov: 3769 ft: 11929 corp: 5802/556Kb lim: 4096 exec/s: 66508 rss: 706Mb L: 73/3773 MS: 1 EraseBytes-
#40791871	REDUCE cov: 3769 ft: 11929 corp: 5802/556Kb lim: 4096 exec/s: 66436 rss: 706Mb L: 67/3773 MS: 1 EraseBytes-
#40838882	REDUCE cov: 3769 ft: 11929 corp: 5802/556Kb lim: 4096 exec/s: 66512 rss: 706Mb L: 69/3773 MS: 1 EraseBytes-
#40842853	REDUCE cov: 3769 ft: 11929 corp: 5802/556Kb lim: 4096 exec/s: 66519 rss: 706Mb L: 67/3773 MS: 1 EraseBytes-
#40866814	REDUCE cov: 3769 ft: 11929 corp: 5802/556Kb lim: 4096 exec/s: 66450 rss: 706Mb L: 47/3773 MS: 1 EraseBytes-
#40915440	REDUCE cov: 3769 ft: 11929 corp: 5802/556Kb lim: 4096 exec/s: 66529 rss: 706Mb L: 3396/3773 MS: 1 EraseBytes-
#40916631	REDUCE cov: 3769 ft: 11929 corp: 5802/556Kb lim: 4096 exec/s: 66531 rss: 706Mb L: 70/3773 MS: 1 EraseBytes-
#40918273	REDUCE cov: 3769 ft: 11929 corp: 5802/556Kb lim: 4096 exec/s: 66533 rss: 706Mb L: 189/3773 MS: 2 ChangeASCIIInt-EraseBytes-
#40926384	REDUCE cov: 3769 ft: 11929 corp: 5802/556Kb lim: 4096 exec/s: 66546 rss: 706Mb L: 130/3773 MS: 1 EraseBytes-
#40983771	REDUCE cov: 3769 ft: 11929 corp: 5802/556Kb lim: 4096 exec/s: 66424 rss: 706Mb L: 79/3773 MS: 2 ShuffleBytes-EraseBytes-
#41000382	REDUCE cov: 3769 ft: 11929 corp: 5802/556Kb lim: 4096 exec/s: 66451 rss: 706Mb L: 318/3773 MS: 1 EraseBytes-
#41018098	REDUCE cov: 3769 ft: 11929 corp: 5802/556Kb lim: 4096 exec/s: 66479 rss: 706Mb L: 134/3773 MS: 1 EraseBytes-
#41043450	REDUCE cov: 3769 ft: 11929 corp: 5802/556Kb lim: 4096 exec/s: 66413 rss: 706Mb L: 474/3773 MS: 2 ChangeASCIIInt-EraseBytes-
#41161866	REDUCE cov: 3769 ft: 11929 corp: 5802/556Kb lim: 4096 exec/s: 66497 rss: 706Mb L: 97/3773 MS: 1 EraseBytes-
#41183672	REDUCE cov: 3769 ft: 11929 corp: 5802/556Kb lim: 4096 exec/s: 66425 rss: 706Mb L: 62/3773 MS: 1 EraseBytes-
#41211894	REDUCE cov: 3769 ft: 11929 corp: 5802/556Kb lim: 4096 exec/s: 66470 rss: 706Mb L: 2764/3773 MS: 2 CMP-EraseBytes- DE: "add-relatdon"-
#41214365	REDUCE cov: 3769 ft: 11929 corp: 5802/556Kb lim: 4096 exec/s: 66474 rss: 706Mb L: 1382/3773 MS: 1 EraseBytes-
#41220902	REDUCE cov: 3769 ft: 11929 corp: 5802/556Kb lim: 4096 exec/s: 66378 rss: 706Mb L: 122/3773 MS: 2 ChangeASCIIInt-EraseBytes-
#41221858	REDUCE cov: 3769 ft: 11929 corp: 5802/556Kb lim: 4096 exec/s: 66379 rss: 706Mb L: 194/3773 MS: 1 EraseBytes-
#41261944	REDUCE cov: 3769 ft: 11929 corp: 5802/556Kb lim: 4096 exec/s: 66444 rss: 706Mb L: 38/3773 MS: 1 EraseBytes-
#41277975	REDUCE cov: 3769 ft: 11929 corp: 5802/556Kb lim: 4096 exec/s: 66363 rss: 706Mb L: 120/3773 MS: 1 EraseBytes-
#41279971	REDUCE cov: 3769 ft: 11929 corp: 5802/556Kb lim: 4096 exec/s: 66366 rss: 706Mb L: 1317/3773 MS: 1 EraseBytes-
#41317078	REDUCE cov: 3769 ft: 11929 corp: 5802/556Kb lim: 4096 exec/s: 66426 rss: 706Mb L: 1172/3773 MS: 2 CMP-EraseBytes- DE: "\010\000\000\000"-
#41322784	REDUCE cov: 3769 ft: 11929 corp: 5802/556Kb lim: 4096 exec/s: 66435 rss: 706Mb L: 68/3773 MS: 1 EraseBytes-
#41365350	REDUCE cov: 3769 ft: 11929 corp: 5802/556Kb lim: 4096 exec/s: 66397 rss: 706Mb L: 82/3773 MS: 1 EraseBytes-
#41369091	REDUCE cov: 3769 ft: 11929 corp: 5802/556Kb lim: 4096 exec/s: 66403 rss: 706Mb L: 108/3773 MS: 1 EraseBytes-
#41400592	REDUCE cov: 3769 ft: 11929 corp: 5802/556Kb lim: 4096 exec/s: 66347 rss: 706Mb L: 340/3773 MS: 1 EraseBytes-
#41414699	REDUCE cov: 3769 ft: 11929 corp: 5802/556Kb lim: 4096 exec/s: 66369 rss: 706Mb L: 107/3773 MS: 2 ChangeASCIIInt-EraseBytes-
#41426830	REDUCE cov: 3769 ft: 11929 corp: 5802/556Kb lim: 4096 exec/s: 66389 rss: 706Mb L: 118/3773 MS: 1 EraseBytes-
#41434771	REDUCE cov: 3769 ft: 11929 corp: 5802/556Kb lim: 4096 exec/s: 66295 rss: 706Mb L: 115/3773 MS: 1 EraseBytes-
#41441312	REDUCE cov: 3769 ft: 11929 corp: 5802/556Kb lim: 4096 exec/s: 66306 rss: 706Mb L: 482/3773 MS: 1 EraseBytes-
#41441788	REDUCE cov: 3769 ft: 11929 corp: 5802/556Kb lim: 4096 exec/s: 66306 rss: 706Mb L: 472/3773 MS: 1 EraseBytes-
#41472029	REDUCE cov: 3769 ft: 11929 corp: 5802/556Kb lim: 4096 exec/s: 66355 rss: 706Mb L: 104/3773 MS: 1 EraseBytes-
#41493260	REDUCE cov: 3769 ft: 11929 corp: 5802/556Kb lim: 4096 exec/s: 66389 rss: 706Mb L: 112/3773 MS: 1 EraseBytes-
#41529391	REDUCE cov: 3769 ft: 11929 corp: 5802/556Kb lim: 4096 exec/s: 66340 rss: 706Mb L: 50/3773 MS: 1 EraseBytes-
#41551017	REDUCE cov: 3769 ft: 11929 corp: 5802/556Kb lim: 4096 exec/s: 66375 rss: 706Mb L: 268/3773 MS: 1 EraseBytes-
#41603468	REDUCE cov: 3769 ft: 11929 corp: 5802/556Kb lim: 4096 exec/s: 66353 rss: 706Mb L: 70/3773 MS: 1 EraseBytes-
#41614869	REDUCE cov: 3769 ft: 11929 corp: 5802/556Kb lim: 4096 exec/s: 66371 rss: 706Mb L: 3150/3773 MS: 1 EraseBytes-
#41621755	REDUCE cov: 3769 ft: 11929 corp: 5802/556Kb lim: 4096 exec/s: 66382 rss: 706Mb L: 184/3773 MS: 1 EraseBytes-
#41659441	REDUCE cov: 3769 ft: 11929 corp: 5802/556Kb lim: 4096 exec/s: 66336 rss: 706Mb L: 61/3773 MS: 1 EraseBytes-
#41660478	REDUCE cov: 3769 ft: 11929 corp: 5802/556Kb lim: 4096 exec/s: 66338 rss: 706Mb L: 537/3773 MS: 2 InsertRepeatedBytes-EraseBytes-
#41695139	REDUCE cov: 3769 ft: 11929 corp: 5802/556Kb lim: 4096 exec/s: 66393 rss: 706Mb L: 418/3773 MS: 1 EraseBytes-
#41704170	REDUCE cov: 3769 ft: 11929 corp: 5802/556Kb lim: 4096 exec/s: 66302 rss: 706Mb L: 174/3773 MS: 1 EraseBytes-
#41714267	REDUCE cov: 3769 ft: 11929 corp: 5802/556Kb lim: 4096 exec/s: 66318 rss: 706Mb L: 1164/3773 MS: 2 ChangeBit-EraseBytes-
#41728124	REDUCE cov: 3769 ft: 11929 corp: 5802/556Kb lim: 4096 exec/s: 66340 rss: 706Mb L: 169/3773 MS: 2 ChangeBit-EraseBytes-
#41742986	REDUCE cov: 3769 ft: 11929 corp: 5802/556Kb lim: 4096 exec/s: 66364 rss: 706Mb L: 93/3773 MS: 2 ChangeBit-EraseBytes-
#41766312	REDUCE cov: 3769 ft: 11929 corp: 5802/556Kb lim: 4096 exec/s: 66295 rss: 706Mb L: 46/3773 MS: 1 EraseBytes-
#41767138	REDUCE cov: 3769 ft: 11929 corp: 5802/556Kb lim: 4096 exec/s: 66297 rss: 706Mb L: 42/3773 MS: 1 EraseBytes-
#41778720	REDUCE cov: 3769 ft: 11929 corp: 5802/556Kb lim: 4096 exec/s: 66315 rss: 706Mb L: 805/3773 MS: 2 ChangeASCIIInt-EraseBytes-
#41789056	REDUCE cov: 3769 ft: 11929 corp: 5802/556Kb lim: 4096 exec/s: 66226 rss: 706Mb L: 159/3773 MS: 1 EraseBytes-
#41836522	REDUCE cov: 3769 ft: 11929 corp: 5802/556Kb lim: 4096 exec/s: 66197 rss: 706Mb L: 55/3773 MS: 1 EraseBytes-
#41852594	REDUCE cov: 3769 ft: 11929 corp: 5802/556Kb lim: 4096 exec/s: 66222 rss: 706Mb L: 39/3773 MS: 2 ShuffleBytes-EraseBytes-
#41908325	REDUCE cov: 3769 ft: 11929 corp: 5802/556Kb lim: 4096 exec/s: 66101 rss: 706Mb L: 38/3773 MS: 1 EraseBytes-
#41949341	REDUCE cov: 3769 ft: 11929 corp: 5802/556Kb lim: 4096 exec/s: 66061 rss: 706Mb L: 95/3773 MS: 1 EraseBytes-
#41950692	REDUCE cov: 3769 ft: 11929 corp: 5802/556Kb lim: 4096 exec/s: 66064 rss: 706Mb L: 313/3773 MS: 1 EraseBytes-
#41968243	REDUCE cov: 3769 ft: 11929 corp: 5802/556Kb lim: 4096 exec/s: 66091 rss: 706Mb L: 96/3773 MS: 1 EraseBytes-
#41970995	REDUCE cov: 3769 ft: 11929 corp: 5802/556Kb lim: 4096 exec/s: 66096 rss: 706Mb L: 360/3773 MS: 2 ShuffleBytes-EraseBytes-
#41973331	REDUCE cov: 3769 ft: 11929 corp: 5802/556Kb lim: 4096 exec/s: 66099 rss: 706Mb L: 140/3773 MS: 1 EraseBytes-
#42003882	REDUCE cov: 3769 ft: 11929 corp: 5802/556Kb lim: 4096 exec/s: 66147 rss: 706Mb L: 134/3773 MS: 1 EraseBytes-
#42064668	REDUCE cov: 3769 ft: 11929 corp: 5802/556Kb lim: 4096 exec/s: 66139 rss: 706Mb L: 2149/3773 MS: 1 EraseBytes-
#42101864	REDUCE cov: 3769 ft: 11929 corp: 5802/556Kb lim: 4096 exec/s: 66093 rss: 706Mb L: 128/3773 MS: 1 EraseBytes-
#42109670	REDUCE cov: 3769 ft: 11929 corp: 5802/556Kb lim: 4096 exec/s: 66106 rss: 706Mb L: 107/3773 MS: 1 EraseBytes-
#42133336	REDUCE cov: 3769 ft: 11929 corp: 5802/556Kb lim: 4096 exec/s: 66039 rss: 706Mb L: 98/3773 MS: 1 EraseBytes-
#42164852	REDUCE cov: 3769 ft: 11929 corp: 5802/556Kb lim: 4096 exec/s: 66089 rss: 706Mb L: 1153/3773 MS: 1 EraseBytes-
#42256723	REDUCE cov: 3769 ft: 11929 corp: 5802/556Kb lim: 4096 exec/s: 66129 rss: 706Mb L: 80/3773 MS: 1 EraseBytes-
#42263094	REDUCE cov: 3769 ft: 11929 corp: 5802/556Kb lim: 4096 exec/s: 66139 rss: 706Mb L: 46/3773 MS: 1 EraseBytes-
#42297345	REDUCE cov: 3769 ft: 11929 corp: 5802/556Kb lim: 4096 exec/s: 66089 rss: 706Mb L: 76/3773 MS: 1 EraseBytes-
#42336457	REDUCE cov: 3769 ft: 11929 corp: 5802/556Kb lim: 4096 exec/s: 66150 rss: 706Mb L: 179/3773 MS: 2 ShuffleBytes-EraseBytes-
#42402868	REDUCE cov: 3769 ft: 11929 corp: 5802/556Kb lim: 4096 exec/s: 66151 rss: 706Mb L: 1149/3773 MS: 1 EraseBytes-
#42423174	REDUCE cov: 3769 ft: 11929 corp: 5802/556Kb lim: 4096 exec/s: 66182 rss: 706Mb L: 40/3773 MS: 1 EraseBytes-
#42460705	REDUCE cov: 3769 ft: 11929 corp: 5802/556Kb lim: 4096 exec/s: 66138 rss: 706Mb L: 94/3773 MS: 1 EraseBytes-
#42504057	REDUCE cov: 3769 ft: 11929 corp: 5802/555Kb lim: 4096 exec/s: 66102 rss: 706Mb L: 444/3773 MS: 2 EraseBytes-CopyPart-
#42559453	REDUCE cov: 3769 ft: 11929 corp: 5802/555Kb lim: 4096 exec/s: 66188 rss: 706Mb L: 743/3773 MS: 1 EraseBytes-
#42579194	REDUCE cov: 3769 ft: 11929 corp: 5802/555Kb lim: 4096 exec/s: 66116 rss: 706Mb L: 164/3773 MS: 1 EraseBytes-
#42636845	REDUCE cov: 3769 ft: 11929 corp: 5802/555Kb lim: 4096 exec/s: 66103 rss: 706Mb L: 447/3773 MS: 1 EraseBytes-
#42639407	REDUCE cov: 3769 ft: 11929 corp: 5802/555Kb lim: 4096 exec/s: 66107 rss: 706Mb L: 427/3773 MS: 2 ChangeASCIIInt-EraseBytes-
#42693494	REDUCE cov: 3769 ft: 11929 corp: 5802/555Kb lim: 4096 exec/s: 66089 rss: 706Mb L: 293/3773 MS: 2 ChangeASCIIInt-EraseBytes-
#42701710	REDUCE cov: 3769 ft: 11929 corp: 5802/555Kb lim: 4096 exec/s: 66101 rss: 706Mb L: 192/3773 MS: 1 EraseBytes-
#42720051	REDUCE cov: 3769 ft: 11929 corp: 5802/555Kb lim: 4096 exec/s: 66130 rss: 706Mb L: 90/3773 MS: 1 EraseBytes-
#42743947	REDUCE cov: 3769 ft: 11929 corp: 5802/555Kb lim: 4096 exec/s: 66064 rss: 706Mb L: 68/3773 MS: 1 EraseBytes-
#42761493	REDUCE cov: 3769 ft: 11929 corp: 5802/555Kb lim: 4096 exec/s: 66091 rss: 706Mb L: 63/3773 MS: 1 EraseBytes-
#42803214	REDUCE cov: 3769 ft: 11929 corp: 5802/555Kb lim: 4096 exec/s: 66156 rss: 706Mb L: 96/3773 MS: 1 EraseBytes-
#42842440	REDUCE cov: 3769 ft: 11929 corp: 5802/555Kb lim: 4096 exec/s: 66114 rss: 706Mb L: 1314/3773 MS: 1 EraseBytes-
#42858041	REDUCE cov: 3769 ft: 11929 corp: 5802/555Kb lim: 4096 exec/s: 66138 rss: 706Mb L: 430/3773 MS: 1 EraseBytes-
#42878237	REDUCE cov: 3769 ft: 11929 corp: 5802/555Kb lim: 4096 exec/s: 66170 rss: 706Mb L: 1115/3773 MS: 1 EraseBytes-
#42908023	REDUCE cov: 3769 ft: 11929 corp: 5802/555Kb lim: 4096 exec/s: 66114 rss: 706Mb L: 1105/3773 MS: 1 EraseBytes-
#42924085	REDUCE cov: 3769 ft: 11929 corp: 5802/555Kb lim: 4096 exec/s: 66138 rss: 706Mb L: 507/3773 MS: 1 EraseBytes-
#42934471	REDUCE cov: 3769 ft: 11929 corp: 5802/555Kb lim: 4096 exec/s: 66154 rss: 706Mb L: 121/3773 MS: 1 EraseBytes-
#42985842	REDUCE cov: 3769 ft: 11929 corp: 5802/555Kb lim: 4096 exec/s: 66132 rss: 706Mb L: 44/3773 MS: 1 EraseBytes-
#42993223	REDUCE cov: 3769 ft: 11929 corp: 5802/555Kb lim: 4096 exec/s: 66143 rss: 706Mb L: 2935/3773 MS: 1 EraseBytes-
#42996119	REDUCE cov: 3769 ft: 11929 corp: 5802/555Kb lim: 4096 exec/s: 66147 rss: 706Mb L: 1192/3773 MS: 1 EraseBytes-
#43016340	REDUCE cov: 3769 ft: 11929 corp: 5802/555Kb lim: 4096 exec/s: 66178 rss: 706Mb L: 106/3773 MS: 1 EraseBytes-
#43024736	REDUCE cov: 3769 ft: 11929 corp: 5802/555Kb lim: 4096 exec/s: 66090 rss: 706Mb L: 431/3773 MS: 1 EraseBytes-
#43125317	REDUCE cov: 3769 ft: 11929 corp: 5802/555Kb lim: 4096 exec/s: 66143 rss: 706Mb L: 87/3773 MS: 1 EraseBytes-
#43153289	REDUCE cov: 3769 ft: 11929 corp: 5802/555Kb lim: 4096 exec/s: 66186 rss: 706Mb L: 962/3773 MS: 2 ShuffleBytes-EraseBytes-
#43156105	REDUCE cov: 3769 ft: 11929 corp: 5802/555Kb lim: 4096 exec/s: 66190 rss: 706Mb L: 37/3773 MS: 1 EraseBytes-
#43171021	REDUCE cov: 3769 ft: 11929 corp: 5802/555Kb lim: 4096 exec/s: 66111 rss: 706Mb L: 37/3773 MS: 1 EraseBytes-
#43174662	REDUCE cov: 3769 ft: 11929 corp: 5802/555Kb lim: 4096 exec/s: 66117 rss: 706Mb L: 389/3773 MS: 1 EraseBytes-
#43182553	REDUCE cov: 3769 ft: 11929 corp: 5802/555Kb lim: 4096 exec/s: 66129 rss: 706Mb L: 808/3773 MS: 1 EraseBytes-
#43198475	REDUCE cov: 3769 ft: 11929 corp: 5802/555Kb lim: 4096 exec/s: 66153 rss: 706Mb L: 72/3773 MS: 2 ChangeASCIIInt-EraseBytes-
#43211376	REDUCE cov: 3769 ft: 11929 corp: 5802/555Kb lim: 4096 exec/s: 66173 rss: 706Mb L: 173/3773 MS: 1 EraseBytes-
#43247707	REDUCE cov: 3769 ft: 11929 corp: 5802/555Kb lim: 4096 exec/s: 66127 rss: 706Mb L: 425/3773 MS: 1 EraseBytes-
#43276543	REDUCE cov: 3769 ft: 11929 corp: 5802/555Kb lim: 4096 exec/s: 66172 rss: 706Mb L: 41/3773 MS: 1 EraseBytes-
#43301335	REDUCE cov: 3769 ft: 11929 corp: 5802/555Kb lim: 4096 exec/s: 66209 rss: 706Mb L: 101/3773 MS: 2 ShuffleBytes-EraseBytes-
#43334316	REDUCE cov: 3769 ft: 11929 corp: 5802/555Kb lim: 4096 exec/s: 66159 rss: 706Mb L: 117/3773 MS: 1 EraseBytes-
#43358487	REDUCE cov: 3769 ft: 11929 corp: 5802/555Kb lim: 4096 exec/s: 66196 rss: 706Mb L: 43/3773 MS: 1 EraseBytes-
#43369813	REDUCE cov: 3769 ft: 11929 corp: 5802/555Kb lim: 4096 exec/s: 66112 rss: 706Mb L: 74/3773 MS: 1 EraseBytes-
#43400489	REDUCE cov: 3769 ft: 11929 corp: 5802/555Kb lim: 4096 exec/s: 66159 rss: 706Mb L: 279/3773 MS: 1 EraseBytes-
#43401610	REDUCE cov: 3769 ft: 11929 corp: 5802/555Kb lim: 4096 exec/s: 66160 rss: 706Mb L: 136/3773 MS: 1 EraseBytes-
#43414516	REDUCE cov: 3769 ft: 11929 corp: 5802/555Kb lim: 4096 exec/s: 66180 rss: 706Mb L: 69/3773 MS: 1 EraseBytes-
#43415417	REDUCE cov: 3769 ft: 11929 corp: 5802/555Kb lim: 4096 exec/s: 66182 rss: 706Mb L: 121/3773 MS: 1 EraseBytes-
#43423148	REDUCE cov: 3769 ft: 11929 corp: 5802/555Kb lim: 4096 exec/s: 66093 rss: 706Mb L: 60/3773 MS: 1 EraseBytes-
#43431459	REDUCE cov: 3769 ft: 11929 corp: 5802/555Kb lim: 4096 exec/s: 66105 rss: 706Mb L: 1253/3773 MS: 1 EraseBytes-
#43446905	REDUCE cov: 3769 ft: 11929 corp: 5802/555Kb lim: 4096 exec/s: 66129 rss: 706Mb L: 223/3773 MS: 1 EraseBytes-
#43533471	REDUCE cov: 3769 ft: 11929 corp: 5802/555Kb lim: 4096 exec/s: 66160 rss: 706Mb L: 761/3773 MS: 1 EraseBytes-
#43547532	REDUCE cov: 3769 ft: 11929 corp: 5802/555Kb lim: 4096 exec/s: 66181 rss: 706Mb L: 361/3773 MS: 1 EraseBytes-
#43559924	REDUCE cov: 3769 ft: 11929 corp: 5802/555Kb lim: 4096 exec/s: 66100 rss: 706Mb L: 525/3773 MS: 2 ChangeBinInt-EraseBytes-
#43591255	REDUCE cov: 3769 ft: 11929 corp: 5802/555Kb lim: 4096 exec/s: 66147 rss: 706Mb L: 200/3773 MS: 1 EraseBytes-
#43611866	REDUCE cov: 3769 ft: 11929 corp: 5802/555Kb lim: 4096 exec/s: 66178 rss: 706Mb L: 188/3773 MS: 1 EraseBytes-
#43637512	REDUCE cov: 3769 ft: 11929 corp: 5802/555Kb lim: 4096 exec/s: 66117 rss: 706Mb L: 69/3773 MS: 1 EraseBytes-
#43655203	REDUCE cov: 3769 ft: 11929 corp: 5802/555Kb lim: 4096 exec/s: 66144 rss: 706Mb L: 105/3773 MS: 1 EraseBytes-
#43673269	REDUCE cov: 3769 ft: 11929 corp: 5802/555Kb lim: 4096 exec/s: 66171 rss: 706Mb L: 84/3773 MS: 1 EraseBytes-
#43701200	REDUCE cov: 3769 ft: 11929 corp: 5802/555Kb lim: 4096 exec/s: 66113 rss: 706Mb L: 29/3773 MS: 1 EraseBytes-
#43702931	REDUCE cov: 3769 ft: 11929 corp: 5802/555Kb lim: 4096 exec/s: 66116 rss: 706Mb L: 97/3773 MS: 1 EraseBytes-
#43751073	REDUCE cov: 3769 ft: 11929 corp: 5802/555Kb lim: 4096 exec/s: 66089 rss: 706Mb L: 73/3773 MS: 2 InsertByte-EraseBytes-
#43793619	REDUCE cov: 3769 ft: 11929 corp: 5802/555Kb lim: 4096 exec/s: 66153 rss: 706Mb L: 1721/3773 MS: 1 EraseBytes-
#43804120	REDUCE cov: 3769 ft: 11929 corp: 5802/555Kb lim: 4096 exec/s: 66169 rss: 706Mb L: 30/3773 MS: 1 EraseBytes-
#43823061	REDUCE cov: 3769 ft: 11929 corp: 5802/555Kb lim: 4096 exec/s: 66197 rss: 706Mb L: 41/3773 MS: 1 EraseBytes-
#43853822	REDUCE cov: 3769 ft: 11929 corp: 5802/555Kb lim: 4096 exec/s: 66144 rss: 706Mb L: 38/3773 MS: 1 EraseBytes-
#43869313	REDUCE cov: 3769 ft: 11929 corp: 5802/555Kb lim: 4096 exec/s: 66167 rss: 706Mb L: 774/3773 MS: 1 EraseBytes-
#43875604	REDUCE cov: 3769 ft: 11929 corp: 5802/555Kb lim: 4096 exec/s: 66177 rss: 706Mb L: 55/3773 MS: 1 EraseBytes-
#43892395	REDUCE cov: 3769 ft: 11929 corp: 5802/555Kb lim: 4096 exec/s: 66103 rss: 706Mb L: 48/3773 MS: 1 EraseBytes-
#43909196	REDUCE cov: 3769 ft: 11929 corp: 5802/555Kb lim: 4096 exec/s: 66028 rss: 706Mb L: 38/3773 MS: 1 EraseBytes-
#43958963	REDUCE cov: 3769 ft: 11929 corp: 5802/555Kb lim: 4096 exec/s: 66004 rss: 706Mb L: 71/3773 MS: 2 CopyPart-EraseBytes-
#43973144	REDUCE cov: 3769 ft: 11929 corp: 5802/555Kb lim: 4096 exec/s: 66025 rss: 706Mb L: 103/3773 MS: 1 EraseBytes-
#44004510	REDUCE cov: 3769 ft: 11929 corp: 5802/555Kb lim: 4096 exec/s: 66072 rss: 706Mb L: 50/3773 MS: 1 EraseBytes-
#44115906	REDUCE cov: 3769 ft: 11929 corp: 5802/555Kb lim: 4096 exec/s: 66041 rss: 706Mb L: 121/3773 MS: 1 EraseBytes-
#44128657	REDUCE cov: 3769 ft: 11929 corp: 5802/555Kb lim: 4096 exec/s: 66060 rss: 706Mb L: 220/3773 MS: 1 EraseBytes-
#44189484	REDUCE cov: 3769 ft: 11929 corp: 5802/555Kb lim: 4096 exec/s: 66053 rss: 706Mb L: 685/3773 MS: 2 ShuffleBytes-EraseBytes-
#44196805	REDUCE cov: 3769 ft: 11929 corp: 5802/555Kb lim: 4096 exec/s: 66063 rss: 706Mb L: 168/3773 MS: 1 EraseBytes-
#44200178	REDUCE cov: 3769 ft: 11929 corp: 5802/555Kb lim: 4096 exec/s: 65970 rss: 706Mb L: 88/3773 MS: 3 ChangeASCIIInt-ChangeASCIIInt-EraseBytes-
#44243619	REDUCE cov: 3769 ft: 11929 corp: 5802/555Kb lim: 4096 exec/s: 66035 rss: 706Mb L: 45/3773 MS: 1 EraseBytes-
#44286340	REDUCE cov: 3769 ft: 11929 corp: 5802/555Kb lim: 4096 exec/s: 66000 rss: 706Mb L: 91/3773 MS: 1 EraseBytes-
#44331621	REDUCE cov: 3769 ft: 11929 corp: 5802/555Kb lim: 4096 exec/s: 65969 rss: 706Mb L: 93/3773 MS: 1 EraseBytes-
#44334265	REDUCE cov: 3769 ft: 11930 corp: 5803/555Kb lim: 4096 exec/s: 65973 rss: 706Mb L: 281/3773 MS: 4 ChangeASCIIInt-InsertByte-CrossOver-CopyPart-
#44347381	REDUCE cov: 3769 ft: 11930 corp: 5803/555Kb lim: 4096 exec/s: 65993 rss: 706Mb L: 504/3773 MS: 1 EraseBytes-
#44354862	REDUCE cov: 3769 ft: 11930 corp: 5803/555Kb lim: 4096 exec/s: 66004 rss: 706Mb L: 229/3773 MS: 1 EraseBytes-
#44376783	REDUCE cov: 3769 ft: 11930 corp: 5803/555Kb lim: 4096 exec/s: 66036 rss: 706Mb L: 41/3773 MS: 1 EraseBytes-
#44385149	REDUCE cov: 3769 ft: 11930 corp: 5803/555Kb lim: 4096 exec/s: 66049 rss: 706Mb L: 423/3773 MS: 1 EraseBytes-
#44396345	REDUCE cov: 3769 ft: 11930 corp: 5803/555Kb lim: 4096 exec/s: 66065 rss: 706Mb L: 207/3773 MS: 1 EraseBytes-
#44435656	REDUCE cov: 3769 ft: 11930 corp: 5803/555Kb lim: 4096 exec/s: 66026 rss: 706Mb L: 2422/3773 MS: 1 EraseBytes-
#44437852	REDUCE cov: 3769 ft: 11930 corp: 5803/555Kb lim: 4096 exec/s: 66029 rss: 706Mb L: 448/3773 MS: 1 EraseBytes-
#44452078	REDUCE cov: 3769 ft: 11930 corp: 5803/555Kb lim: 4096 exec/s: 66050 rss: 706Mb L: 197/3773 MS: 1 EraseBytes-
#44462419	REDUCE cov: 3769 ft: 11930 corp: 5803/555Kb lim: 4096 exec/s: 65967 rss: 706Mb L: 1813/3773 MS: 1 EraseBytes-
#44468585	REDUCE cov: 3769 ft: 11930 corp: 5803/555Kb lim: 4096 exec/s: 65977 rss: 706Mb L: 82/3773 MS: 1 EraseBytes-
#44470871	REDUCE cov: 3769 ft: 11930 corp: 5803/555Kb lim: 4096 exec/s: 65980 rss: 706Mb L: 516/3773 MS: 1 EraseBytes-
#44489657	REDUCE cov: 3769 ft: 11930 corp: 5803/555Kb lim: 4096 exec/s: 65910 rss: 706Mb L: 1245/3773 MS: 1 EraseBytes-
#44493694	REDUCE cov: 3769 ft: 11930 corp: 5803/555Kb lim: 4096 exec/s: 65916 rss: 706Mb L: 2417/3773 MS: 2 ChangeASCIIInt-EraseBytes-
#44544676	REDUCE cov: 3769 ft: 11930 corp: 5803/555Kb lim: 4096 exec/s: 65894 rss: 706Mb L: 421/3773 MS: 2 ChangeASCIIInt-EraseBytes-
#44545477	REDUCE cov: 3769 ft: 11930 corp: 5803/555Kb lim: 4096 exec/s: 65895 rss: 706Mb L: 94/3773 MS: 1 EraseBytes-
#44604733	REDUCE cov: 3769 ft: 11930 corp: 5803/555Kb lim: 4096 exec/s: 65983 rss: 706Mb L: 415/3773 MS: 1 EraseBytes-
#44610080	REDUCE cov: 3769 ft: 11930 corp: 5803/555Kb lim: 4096 exec/s: 65991 rss: 706Mb L: 1035/3773 MS: 2 ChangeBinInt-EraseBytes-
#44615242	REDUCE cov: 3769 ft: 11930 corp: 5803/555Kb lim: 4096 exec/s: 65998 rss: 706Mb L: 151/3773 MS: 2 PersAutoDict-EraseBytes- DE: "node"-
#44631759	REDUCE cov: 3769 ft: 11930 corp: 5803/555Kb lim: 4096 exec/s: 65925 rss: 706Mb L: 1633/3773 MS: 1 EraseBytes-
#44658835	REDUCE cov: 3769 ft: 11930 corp: 5803/555Kb lim: 4096 exec/s: 65965 rss: 706Mb L: 46/3773 MS: 1 EraseBytes-
#44660706	REDUCE cov: 3769 ft: 11930 corp: 5803/555Kb lim: 4096 exec/s: 65968 rss: 706Mb L: 1624/3773 MS: 1 EraseBytes-
#44661017	REDUCE cov: 3769 ft: 11930 corp: 5803/555Kb lim: 4096 exec/s: 65969 rss: 706Mb L: 38/3773 MS: 1 EraseBytes-
#44662338	REDUCE cov: 3769 ft: 11930 corp: 5803/555Kb lim: 4096 exec/s: 65970 rss: 706Mb L: 1800/3773 MS: 1 EraseBytes-
#44665024	REDUCE cov: 3769 ft: 11930 corp: 5803/555Kb lim: 4096 exec/s: 65974 rss: 706Mb L: 65/3773 MS: 1 EraseBytes-
#44694735	REDUCE cov: 3769 ft: 11930 corp: 5803/555Kb lim: 4096 exec/s: 65921 rss: 706Mb L: 51/3773 MS: 1 EraseBytes-
#44699496	REDUCE cov: 3769 ft: 11930 corp: 5803/555Kb lim: 4096 exec/s: 65928 rss: 706Mb L: 38/3773 MS: 1 EraseBytes-
#44737733	REDUCE cov: 3769 ft: 11930 corp: 5803/555Kb lim: 4096 exec/s: 65887 rss: 706Mb L: 2396/3773 MS: 1 EraseBytes-
#44756195	REDUCE cov: 3769 ft: 11930 corp: 5803/555Kb lim: 4096 exec/s: 65914 rss: 706Mb L: 3666/3754 MS: 2 ChangeASCIIInt-EraseBytes-
#44763021	REDUCE cov: 3769 ft: 11930 corp: 5803/555Kb lim: 4096 exec/s: 65924 rss: 706Mb L: 90/3754 MS: 1 EraseBytes-
#44763082	REDUCE cov: 3769 ft: 11930 corp: 5803/555Kb lim: 4096 exec/s: 65925 rss: 706Mb L: 600/3754 MS: 1 EraseBytes-
#44765308	REDUCE cov: 3769 ft: 11930 corp: 5803/555Kb lim: 4096 exec/s: 65928 rss: 706Mb L: 39/3754 MS: 1 EraseBytes-
#44767334	REDUCE cov: 3769 ft: 11930 corp: 5803/555Kb lim: 4096 exec/s: 65931 rss: 706Mb L: 45/3754 MS: 1 EraseBytes-
#44782270	REDUCE cov: 3769 ft: 11930 corp: 5803/555Kb lim: 4096 exec/s: 65953 rss: 706Mb L: 235/3754 MS: 1 EraseBytes-
#44784311	REDUCE cov: 3769 ft: 11930 corp: 5803/555Kb lim: 4096 exec/s: 65956 rss: 706Mb L: 714/3754 MS: 1 EraseBytes-
#44786708	REDUCE cov: 3769 ft: 11930 corp: 5803/555Kb lim: 4096 exec/s: 65959 rss: 706Mb L: 268/3754 MS: 2 EraseBytes-InsertByte-
#44788144	REDUCE cov: 3769 ft: 11930 corp: 5803/555Kb lim: 4096 exec/s: 65961 rss: 706Mb L: 193/3754 MS: 1 EraseBytes-
#44794570	REDUCE cov: 3769 ft: 11930 corp: 5803/555Kb lim: 4096 exec/s: 65874 rss: 706Mb L: 345/3754 MS: 1 EraseBytes-
#44820927	REDUCE cov: 3769 ft: 11930 corp: 5803/555Kb lim: 4096 exec/s: 65913 rss: 706Mb L: 129/3754 MS: 2 ShuffleBytes-EraseBytes-
#44832623	REDUCE cov: 3769 ft: 11930 corp: 5803/555Kb lim: 4096 exec/s: 65930 rss: 706Mb L: 154/3754 MS: 1 EraseBytes-
#44875319	REDUCE cov: 3769 ft: 11930 corp: 5803/555Kb lim: 4096 exec/s: 65799 rss: 706Mb L: 297/3754 MS: 1 EraseBytes-
#44882015	REDUCE cov: 3769 ft: 11930 corp: 5803/555Kb lim: 4096 exec/s: 65809 rss: 706Mb L: 404/3754 MS: 1 EraseBytes-
#44900376	REDUCE cov: 3769 ft: 11930 corp: 5803/555Kb lim: 4096 exec/s: 65643 rss: 706Mb L: 30/3754 MS: 1 EraseBytes-
#44922322	REDUCE cov: 3769 ft: 11930 corp: 5803/555Kb lim: 4096 exec/s: 65675 rss: 706Mb L: 219/3754 MS: 1 EraseBytes-
#44949908	REDUCE cov: 3769 ft: 11930 corp: 5803/554Kb lim: 4096 exec/s: 65620 rss: 706Mb L: 2325/3754 MS: 1 EraseBytes-
#44971649	REDUCE cov: 3769 ft: 11930 corp: 5803/554Kb lim: 4096 exec/s: 65556 rss: 706Mb L: 1390/3754 MS: 1 EraseBytes-
#45013805	REDUCE cov: 3769 ft: 11930 corp: 5803/554Kb lim: 4096 exec/s: 65522 rss: 706Mb L: 3330/3754 MS: 1 EraseBytes-
#45085496	REDUCE cov: 3769 ft: 11930 corp: 5803/554Kb lim: 4096 exec/s: 65436 rss: 706Mb L: 1760/3754 MS: 1 EraseBytes-
#45123807	REDUCE cov: 3769 ft: 11930 corp: 5803/554Kb lim: 4096 exec/s: 65396 rss: 706Mb L: 1629/3754 MS: 1 EraseBytes-
#45141663	REDUCE cov: 3769 ft: 11930 corp: 5803/554Kb lim: 4096 exec/s: 65422 rss: 706Mb L: 187/3754 MS: 1 EraseBytes-
#45145934	REDUCE cov: 3769 ft: 11930 corp: 5803/554Kb lim: 4096 exec/s: 65428 rss: 706Mb L: 200/3754 MS: 1 EraseBytes-
#45158900	REDUCE cov: 3769 ft: 11930 corp: 5803/554Kb lim: 4096 exec/s: 65352 rss: 706Mb L: 141/3754 MS: 1 EraseBytes-
#45170066	REDUCE cov: 3769 ft: 11930 corp: 5803/554Kb lim: 4096 exec/s: 65369 rss: 706Mb L: 86/3754 MS: 1 EraseBytes-
#45210867	REDUCE cov: 3769 ft: 11930 corp: 5803/554Kb lim: 4096 exec/s: 65239 rss: 706Mb L: 117/3754 MS: 1 EraseBytes-
#45231373	REDUCE cov: 3769 ft: 11930 corp: 5803/554Kb lim: 4096 exec/s: 65174 rss: 706Mb L: 90/3754 MS: 1 EraseBytes-
#45256334	REDUCE cov: 3769 ft: 11930 corp: 5803/554Kb lim: 4096 exec/s: 65210 rss: 706Mb L: 60/3754 MS: 1 EraseBytes-
#45400005	REDUCE cov: 3769 ft: 11930 corp: 5803/554Kb lim: 4096 exec/s: 65136 rss: 706Mb L: 106/3754 MS: 1 EraseBytes-
#45407296	REDUCE cov: 3769 ft: 11930 corp: 5803/554Kb lim: 4096 exec/s: 65053 rss: 706Mb L: 105/3754 MS: 1 EraseBytes-
#45408137	REDUCE cov: 3769 ft: 11930 corp: 5803/554Kb lim: 4096 exec/s: 65054 rss: 706Mb L: 472/3754 MS: 1 EraseBytes-
#45424313	REDUCE cov: 3769 ft: 11930 corp: 5803/554Kb lim: 4096 exec/s: 64984 rss: 706Mb L: 286/3754 MS: 1 EraseBytes-
#45429369	REDUCE cov: 3769 ft: 11930 corp: 5803/554Kb lim: 4096 exec/s: 64991 rss: 706Mb L: 135/3754 MS: 1 EraseBytes-
#45449305	REDUCE cov: 3769 ft: 11930 corp: 5803/554Kb lim: 4096 exec/s: 64927 rss: 706Mb L: 54/3754 MS: 1 EraseBytes-
#45454176	REDUCE cov: 3769 ft: 11930 corp: 5803/554Kb lim: 4096 exec/s: 64934 rss: 706Mb L: 1626/3754 MS: 1 EraseBytes-
#45471607	REDUCE cov: 3769 ft: 11930 corp: 5803/554Kb lim: 4096 exec/s: 64959 rss: 706Mb L: 131/3754 MS: 1 EraseBytes-
#45482728	REDUCE cov: 3769 ft: 11930 corp: 5803/554Kb lim: 4096 exec/s: 64975 rss: 706Mb L: 38/3754 MS: 1 EraseBytes-
#45487999	REDUCE cov: 3769 ft: 11930 corp: 5803/554Kb lim: 4096 exec/s: 64890 rss: 706Mb L: 1612/3754 MS: 1 EraseBytes-
#45488027	REDUCE cov: 3769 ft: 11930 corp: 5803/554Kb lim: 4096 exec/s: 64890 rss: 706Mb L: 90/3754 MS: 3 ChangeASCIIInt-ChangeBit-EraseBytes-
#45509089	REDUCE cov: 3769 ft: 11930 corp: 5803/554Kb lim: 4096 exec/s: 64920 rss: 706Mb L: 74/3754 MS: 1 EraseBytes-
#45544115	REDUCE cov: 3769 ft: 11930 corp: 5803/554Kb lim: 4096 exec/s: 64877 rss: 706Mb L: 434/3754 MS: 1 EraseBytes-
#45553276	REDUCE cov: 3769 ft: 11930 corp: 5803/554Kb lim: 4096 exec/s: 64890 rss: 706Mb L: 107/3754 MS: 1 EraseBytes-
#45562147	REDUCE cov: 3769 ft: 11930 corp: 5803/554Kb lim: 4096 exec/s: 64903 rss: 706Mb L: 63/3754 MS: 1 EraseBytes-
#45620044	REDUCE cov: 3769 ft: 11930 corp: 5803/554Kb lim: 4096 exec/s: 64893 rss: 706Mb L: 54/3754 MS: 1 EraseBytes-
#45655680	REDUCE cov: 3769 ft: 11930 corp: 5803/554Kb lim: 4096 exec/s: 64851 rss: 706Mb L: 406/3754 MS: 1 EraseBytes-
#45656991	REDUCE cov: 3769 ft: 11930 corp: 5803/554Kb lim: 4096 exec/s: 64853 rss: 706Mb L: 328/3754 MS: 1 EraseBytes-
#45691007	REDUCE cov: 3769 ft: 11930 corp: 5803/554Kb lim: 4096 exec/s: 64809 rss: 706Mb L: 198/3754 MS: 1 EraseBytes-
#45695108	REDUCE cov: 3769 ft: 11930 corp: 5803/554Kb lim: 4096 exec/s: 64815 rss: 706Mb L: 194/3754 MS: 1 EraseBytes-
#45701739	REDUCE cov: 3769 ft: 11930 corp: 5803/554Kb lim: 4096 exec/s: 64733 rss: 706Mb L: 373/3754 MS: 1 EraseBytes-
#45717415	REDUCE cov: 3769 ft: 11930 corp: 5803/554Kb lim: 4096 exec/s: 64755 rss: 706Mb L: 157/3754 MS: 1 EraseBytes-
#45738596	REDUCE cov: 3769 ft: 11930 corp: 5803/554Kb lim: 4096 exec/s: 64785 rss: 706Mb L: 1720/3754 MS: 1 EraseBytes-
#45739592	REDUCE cov: 3769 ft: 11930 corp: 5803/554Kb lim: 4096 exec/s: 64786 rss: 706Mb L: 142/3754 MS: 1 EraseBytes-
#45741539	REDUCE cov: 3769 ft: 11930 corp: 5803/554Kb lim: 4096 exec/s: 64789 rss: 706Mb L: 137/3754 MS: 2 ChangeByte-EraseBytes-
#45745270	REDUCE cov: 3769 ft: 11930 corp: 5803/554Kb lim: 4096 exec/s: 64795 rss: 706Mb L: 187/3754 MS: 1 EraseBytes-
#45746431	REDUCE cov: 3769 ft: 11930 corp: 5803/554Kb lim: 4096 exec/s: 64796 rss: 706Mb L: 129/3754 MS: 1 EraseBytes-
#45757927	REDUCE cov: 3769 ft: 11930 corp: 5803/554Kb lim: 4096 exec/s: 64721 rss: 706Mb L: 173/3754 MS: 1 EraseBytes-
#45781793	REDUCE cov: 3769 ft: 11930 corp: 5803/554Kb lim: 4096 exec/s: 64663 rss: 706Mb L: 122/3754 MS: 1 EraseBytes-
#45790324	REDUCE cov: 3769 ft: 11930 corp: 5803/554Kb lim: 4096 exec/s: 64675 rss: 706Mb L: 871/3754 MS: 1 EraseBytes-
#45798045	REDUCE cov: 3769 ft: 11930 corp: 5803/554Kb lim: 4096 exec/s: 64686 rss: 706Mb L: 1582/3754 MS: 1 EraseBytes-
#45868666	REDUCE cov: 3769 ft: 11930 corp: 5803/554Kb lim: 4096 exec/s: 64603 rss: 706Mb L: 396/3754 MS: 1 EraseBytes-
#45871448	REDUCE cov: 3769 ft: 11930 corp: 5803/554Kb lim: 4096 exec/s: 64607 rss: 706Mb L: 872/3754 MS: 2 ChangeASCIIInt-EraseBytes-
#45890854	REDUCE cov: 3769 ft: 11930 corp: 5803/554Kb lim: 4096 exec/s: 64544 rss: 706Mb L: 176/3754 MS: 1 EraseBytes-
#45897935	REDUCE cov: 3769 ft: 11930 corp: 5803/554Kb lim: 4096 exec/s: 64554 rss: 706Mb L: 97/3754 MS: 1 EraseBytes-
#45898031	REDUCE cov: 3769 ft: 11930 corp: 5803/554Kb lim: 4096 exec/s: 64554 rss: 706Mb L: 2321/3754 MS: 1 EraseBytes-
#45932002	REDUCE cov: 3769 ft: 11930 corp: 5803/554Kb lim: 4096 exec/s: 64601 rss: 706Mb L: 69/3754 MS: 1 EraseBytes-
#45940513	REDUCE cov: 3769 ft: 11930 corp: 5803/554Kb lim: 4096 exec/s: 64613 rss: 706Mb L: 995/3754 MS: 1 EraseBytes-
#45941964	REDUCE cov: 3769 ft: 11930 corp: 5803/554Kb lim: 4096 exec/s: 64615 rss: 706Mb L: 196/3754 MS: 1 EraseBytes-
#45969270	REDUCE cov: 3769 ft: 11930 corp: 5803/554Kb lim: 4096 exec/s: 64563 rss: 706Mb L: 396/3754 MS: 1 EraseBytes-
#45993166	REDUCE cov: 3769 ft: 11930 corp: 5803/554Kb lim: 4096 exec/s: 64506 rss: 706Mb L: 75/3754 MS: 1 EraseBytes-
#45993467	REDUCE cov: 3769 ft: 11930 corp: 5803/554Kb lim: 4096 exec/s: 64506 rss: 706Mb L: 405/3754 MS: 1 EraseBytes-
#46010993	REDUCE cov: 3769 ft: 11930 corp: 5803/554Kb lim: 4096 exec/s: 64531 rss: 706Mb L: 60/3754 MS: 1 EraseBytes-
#46016789	REDUCE cov: 3769 ft: 11930 corp: 5803/554Kb lim: 4096 exec/s: 64449 rss: 706Mb L: 2290/3754 MS: 1 EraseBytes-
#46057925	REDUCE cov: 3769 ft: 11930 corp: 5803/554Kb lim: 4096 exec/s: 64506 rss: 706Mb L: 110/3754 MS: 1 EraseBytes-
#46066717	REDUCE cov: 3769 ft: 11930 corp: 5803/554Kb lim: 4096 exec/s: 64519 rss: 706Mb L: 711/3754 MS: 2 ShuffleBytes-EraseBytes-
#46080190	REDUCE cov: 3769 ft: 11930 corp: 5803/554Kb lim: 4096 exec/s: 64447 rss: 706Mb L: 1075/3754 MS: 3 CrossOver-CopyPart-EraseBytes-
#46085562	REDUCE cov: 3769 ft: 11930 corp: 5803/554Kb lim: 4096 exec/s: 64455 rss: 706Mb L: 59/3754 MS: 2 ChangeBit-EraseBytes-
#46128949	REDUCE cov: 3769 ft: 11930 corp: 5803/554Kb lim: 4096 exec/s: 64425 rss: 706Mb L: 19/3754 MS: 2 ChangeByte-EraseBytes-
#46145930	REDUCE cov: 3769 ft: 11930 corp: 5803/554Kb lim: 4096 exec/s: 64449 rss: 706Mb L: 1578/3754 MS: 1 EraseBytes-
#46147556	REDUCE cov: 3769 ft: 11930 corp: 5803/554Kb lim: 4096 exec/s: 64451 rss: 706Mb L: 3244/3754 MS: 1 EraseBytes-
#46154617	REDUCE cov: 3769 ft: 11930 corp: 5803/554Kb lim: 4096 exec/s: 64461 rss: 706Mb L: 48/3754 MS: 1 EraseBytes-
#46156148	REDUCE cov: 3769 ft: 11930 corp: 5803/554Kb lim: 4096 exec/s: 64463 rss: 706Mb L: 260/3754 MS: 1 EraseBytes-
#46186944	REDUCE cov: 3769 ft: 11930 corp: 5803/554Kb lim: 4096 exec/s: 64416 rss: 706Mb L: 90/3754 MS: 1 EraseBytes-
#46195836	REDUCE cov: 3769 ft: 11930 corp: 5803/554Kb lim: 4096 exec/s: 64429 rss: 706Mb L: 3665/3754 MS: 2 ShuffleBytes-EraseBytes-
#46234222	REDUCE cov: 3769 ft: 11930 corp: 5803/554Kb lim: 4096 exec/s: 64393 rss: 706Mb L: 161/3754 MS: 1 EraseBytes-
#46258558	REDUCE cov: 3769 ft: 11930 corp: 5803/554Kb lim: 4096 exec/s: 64426 rss: 706Mb L: 1538/3754 MS: 1 EraseBytes-
#46270089	REDUCE cov: 3769 ft: 11930 corp: 5803/554Kb lim: 4096 exec/s: 64443 rss: 706Mb L: 143/3754 MS: 1 EraseBytes-
#46281870	REDUCE cov: 3769 ft: 11930 corp: 5803/554Kb lim: 4096 exec/s: 64459 rss: 706Mb L: 265/3754 MS: 1 EraseBytes-
#46297856	REDUCE cov: 3769 ft: 11930 corp: 5803/554Kb lim: 4096 exec/s: 64392 rss: 706Mb L: 2289/3754 MS: 1 EraseBytes-
#46324362	REDUCE cov: 3769 ft: 11930 corp: 5803/554Kb lim: 4096 exec/s: 64428 rss: 706Mb L: 84/3754 MS: 1 EraseBytes-
#46331838	REDUCE cov: 3769 ft: 11930 corp: 5803/554Kb lim: 4096 exec/s: 64439 rss: 706Mb L: 2276/3754 MS: 1 CrossOver-
#46337349	REDUCE cov: 3769 ft: 11930 corp: 5803/554Kb lim: 4096 exec/s: 64446 rss: 706Mb L: 60/3754 MS: 1 EraseBytes-
#46346051	REDUCE cov: 3769 ft: 11930 corp: 5803/554Kb lim: 4096 exec/s: 64459 rss: 706Mb L: 1510/3754 MS: 2 ChangeBinInt-EraseBytes-
#46389528	REDUCE cov: 3769 ft: 11930 corp: 5803/554Kb lim: 4096 exec/s: 64429 rss: 706Mb L: 1683/3754 MS: 2 PersAutoDict-EraseBytes- DE: "plugin"-
#46417391	REDUCE cov: 3769 ft: 11930 corp: 5803/554Kb lim: 4096 exec/s: 64379 rss: 706Mb L: 199/3754 MS: 1 EraseBytes-
#46440202	REDUCE cov: 3769 ft: 11930 corp: 5803/554Kb lim: 4096 exec/s: 64410 rss: 706Mb L: 181/3754 MS: 1 EraseBytes-
#46467323	REDUCE cov: 3769 ft: 11930 corp: 5803/554Kb lim: 4096 exec/s: 64359 rss: 706Mb L: 65/3754 MS: 1 EraseBytes-
#46469124	REDUCE cov: 3769 ft: 11930 corp: 5803/554Kb lim: 4096 exec/s: 64361 rss: 706Mb L: 50/3754 MS: 1 EraseBytes-
#46474560	REDUCE cov: 3769 ft: 11930 corp: 5803/554Kb lim: 4096 exec/s: 64369 rss: 706Mb L: 38/3754 MS: 1 EraseBytes-
#46500941	REDUCE cov: 3769 ft: 11930 corp: 5803/554Kb lim: 4096 exec/s: 64405 rss: 706Mb L: 49/3754 MS: 1 EraseBytes-
#46588987	REDUCE cov: 3769 ft: 11930 corp: 5803/554Kb lim: 4096 exec/s: 64260 rss: 706Mb L: 133/3754 MS: 1 EraseBytes-
#46599893	REDUCE cov: 3769 ft: 11930 corp: 5803/554Kb lim: 4096 exec/s: 64275 rss: 706Mb L: 1659/3754 MS: 1 EraseBytes-
#46637429	REDUCE cov: 3769 ft: 11930 corp: 5803/554Kb lim: 4096 exec/s: 64238 rss: 706Mb L: 600/3754 MS: 1 EraseBytes-
#46658160	REDUCE cov: 3769 ft: 11930 corp: 5803/554Kb lim: 4096 exec/s: 64179 rss: 706Mb L: 90/3754 MS: 1 EraseBytes-
#46707506	REDUCE cov: 3769 ft: 11930 corp: 5803/554Kb lim: 4096 exec/s: 64158 rss: 706Mb L: 69/3754 MS: 1 EraseBytes-
#46760612	REDUCE cov: 3769 ft: 11930 corp: 5803/554Kb lim: 4096 exec/s: 64143 rss: 706Mb L: 265/3754 MS: 1 EraseBytes-
#46820443	REDUCE cov: 3769 ft: 11930 corp: 5803/554Kb lim: 4096 exec/s: 64137 rss: 706Mb L: 1657/3754 MS: 1 EraseBytes-
#46851360	REDUCE cov: 3769 ft: 11931 corp: 5804/554Kb lim: 4096 exec/s: 64092 rss: 706Mb L: 255/3754 MS: 2 InsertRepeatedBytes-CopyPart-
#46887106	REDUCE cov: 3769 ft: 11931 corp: 5804/554Kb lim: 4096 exec/s: 64053 rss: 706Mb L: 75/3754 MS: 1 EraseBytes-
#46896857	REDUCE cov: 3769 ft: 11931 corp: 5804/554Kb lim: 4096 exec/s: 64066 rss: 706Mb L: 133/3754 MS: 1 EraseBytes-
#46913994	REDUCE cov: 3769 ft: 11931 corp: 5804/554Kb lim: 4096 exec/s: 64002 rss: 706Mb L: 83/3754 MS: 2 ChangeASCIIInt-EraseBytes-
#46931675	REDUCE cov: 3769 ft: 11931 corp: 5804/554Kb lim: 4096 exec/s: 64026 rss: 706Mb L: 77/3754 MS: 1 EraseBytes-
#46973411	REDUCE cov: 3769 ft: 11931 corp: 5804/554Kb lim: 4096 exec/s: 63996 rss: 706Mb L: 85/3754 MS: 1 EraseBytes-
#46990387	REDUCE cov: 3769 ft: 11931 corp: 5804/554Kb lim: 4096 exec/s: 64019 rss: 706Mb L: 94/3754 MS: 1 EraseBytes-
#47001263	REDUCE cov: 3769 ft: 11931 corp: 5804/554Kb lim: 4096 exec/s: 64034 rss: 706Mb L: 168/3754 MS: 1 EraseBytes-
#47027424	REDUCE cov: 3769 ft: 11931 corp: 5804/554Kb lim: 4096 exec/s: 63982 rss: 706Mb L: 804/3754 MS: 1 EraseBytes-
#47045315	REDUCE cov: 3769 ft: 11931 corp: 5804/554Kb lim: 4096 exec/s: 64007 rss: 706Mb L: 400/3754 MS: 1 EraseBytes-
#47054181	REDUCE cov: 3769 ft: 11931 corp: 5804/554Kb lim: 4096 exec/s: 63932 rss: 706Mb L: 91/3754 MS: 1 EraseBytes-
#47056887	REDUCE cov: 3769 ft: 11931 corp: 5804/554Kb lim: 4096 exec/s: 63935 rss: 706Mb L: 1220/3754 MS: 1 EraseBytes-
#47057063	REDUCE cov: 3769 ft: 11931 corp: 5804/554Kb lim: 4096 exec/s: 63936 rss: 706Mb L: 395/3754 MS: 1 EraseBytes-
#47060105	REDUCE cov: 3769 ft: 11931 corp: 5804/554Kb lim: 4096 exec/s: 63940 rss: 706Mb L: 1631/3754 MS: 2 CMP-EraseBytes- DE: "kind"-
#47078926	REDUCE cov: 3769 ft: 11931 corp: 5804/554Kb lim: 4096 exec/s: 63965 rss: 706Mb L: 1056/3754 MS: 1 EraseBytes-
#47083687	REDUCE cov: 3769 ft: 11931 corp: 5804/554Kb lim: 4096 exec/s: 63972 rss: 706Mb L: 71/3754 MS: 1 EraseBytes-
#47086579	REDUCE cov: 3769 ft: 11931 corp: 5804/554Kb lim: 4096 exec/s: 63976 rss: 706Mb L: 1038/3754 MS: 2 ShuffleBytes-EraseBytes-
#47101876	REDUCE cov: 3769 ft: 11931 corp: 5804/554Kb lim: 4096 exec/s: 63997 rss: 706Mb L: 68/3754 MS: 2 InsertRepeatedBytes-EraseBytes-
#47109177	REDUCE cov: 3769 ft: 11931 corp: 5804/554Kb lim: 4096 exec/s: 64007 rss: 706Mb L: 231/3754 MS: 1 EraseBytes-
#47117533	REDUCE cov: 3769 ft: 11931 corp: 5804/554Kb lim: 4096 exec/s: 64018 rss: 706Mb L: 48/3754 MS: 1 EraseBytes-
#47125898	REDUCE cov: 3769 ft: 11931 corp: 5804/554Kb lim: 4096 exec/s: 63942 rss: 706Mb L: 265/3754 MS: 4 CopyPart-ChangeASCIIInt-ChangeByte-EraseBytes-
#47151109	REDUCE cov: 3769 ft: 11931 corp: 5804/554Kb lim: 4096 exec/s: 63977 rss: 706Mb L: 657/3754 MS: 1 EraseBytes-
#47165395	REDUCE cov: 3769 ft: 11931 corp: 5804/554Kb lim: 4096 exec/s: 63996 rss: 706Mb L: 666/3754 MS: 1 EraseBytes-
#47178661	REDUCE cov: 3769 ft: 11931 corp: 5804/554Kb lim: 4096 exec/s: 64014 rss: 706Mb L: 381/3754 MS: 1 EraseBytes-
#47193337	REDUCE cov: 3769 ft: 11931 corp: 5804/554Kb lim: 4096 exec/s: 63947 rss: 706Mb L: 610/3754 MS: 1 EraseBytes-
#47293863	REDUCE cov: 3769 ft: 11931 corp: 5804/554Kb lim: 4096 exec/s: 63910 rss: 706Mb L: 29/3754 MS: 1 EraseBytes-
#47300869	REDUCE cov: 3769 ft: 11931 corp: 5804/554Kb lim: 4096 exec/s: 63833 rss: 706Mb L: 101/3754 MS: 1 EraseBytes-
#47349555	REDUCE cov: 3769 ft: 11931 corp: 5804/554Kb lim: 4096 exec/s: 63899 rss: 706Mb L: 163/3754 MS: 1 EraseBytes-
#47366771	REDUCE cov: 3769 ft: 11931 corp: 5804/554Kb lim: 4096 exec/s: 63836 rss: 706Mb L: 127/3754 MS: 1 EraseBytes-
#47373642	REDUCE cov: 3769 ft: 11931 corp: 5804/554Kb lim: 4096 exec/s: 63845 rss: 706Mb L: 117/3754 MS: 1 EraseBytes-
#47422393	REDUCE cov: 3769 ft: 11931 corp: 5804/554Kb lim: 4096 exec/s: 63825 rss: 706Mb L: 953/3754 MS: 1 EraseBytes-
#47432949	REDUCE cov: 3769 ft: 11931 corp: 5804/554Kb lim: 4096 exec/s: 63839 rss: 706Mb L: 82/3754 MS: 1 EraseBytes-
#47453520	REDUCE cov: 3769 ft: 11931 corp: 5804/554Kb lim: 4096 exec/s: 63867 rss: 706Mb L: 88/3754 MS: 1 EraseBytes-
#47457946	REDUCE cov: 3769 ft: 11931 corp: 5804/554Kb lim: 4096 exec/s: 63787 rss: 706Mb L: 990/3754 MS: 1 EraseBytes-
#47463857	REDUCE cov: 3769 ft: 11931 corp: 5804/554Kb lim: 4096 exec/s: 63795 rss: 706Mb L: 129/3754 MS: 1 EraseBytes-
#47467048	REDUCE cov: 3769 ft: 11931 corp: 5804/554Kb lim: 4096 exec/s: 63799 rss: 706Mb L: 135/3754 MS: 1 EraseBytes-
#47467269	REDUCE cov: 3769 ft: 11931 corp: 5804/554Kb lim: 4096 exec/s: 63800 rss: 706Mb L: 52/3754 MS: 1 EraseBytes-
#47475355	REDUCE cov: 3769 ft: 11931 corp: 5804/554Kb lim: 4096 exec/s: 63810 rss: 706Mb L: 1235/3754 MS: 1 EraseBytes-
#47475907	REDUCE cov: 3769 ft: 11931 corp: 5804/554Kb lim: 4096 exec/s: 63811 rss: 706Mb L: 190/3754 MS: 2 EraseBytes-CopyPart-
#47482343	REDUCE cov: 3769 ft: 11931 corp: 5804/554Kb lim: 4096 exec/s: 63734 rss: 706Mb L: 2120/3754 MS: 1 EraseBytes-
#47501189	REDUCE cov: 3769 ft: 11931 corp: 5804/554Kb lim: 4096 exec/s: 63759 rss: 706Mb L: 1467/3754 MS: 1 EraseBytes-
#47509095	REDUCE cov: 3769 ft: 11931 corp: 5804/553Kb lim: 4096 exec/s: 63770 rss: 706Mb L: 1436/3754 MS: 1 EraseBytes-
#47512736	REDUCE cov: 3769 ft: 11931 corp: 5804/553Kb lim: 4096 exec/s: 63775 rss: 706Mb L: 70/3754 MS: 1 EraseBytes-
#47535108	REDUCE cov: 3769 ft: 11931 corp: 5804/553Kb lim: 4096 exec/s: 63719 rss: 706Mb L: 3481/3754 MS: 1 EraseBytes-
#47565914	REDUCE cov: 3769 ft: 11931 corp: 5804/553Kb lim: 4096 exec/s: 63761 rss: 706Mb L: 159/3754 MS: 1 EraseBytes-
#47592180	REDUCE cov: 3769 ft: 11931 corp: 5804/553Kb lim: 4096 exec/s: 63711 rss: 706Mb L: 773/3754 MS: 1 EraseBytes-
#47609817	REDUCE cov: 3769 ft: 11931 corp: 5804/553Kb lim: 4096 exec/s: 63734 rss: 706Mb L: 69/3754 MS: 1 EraseBytes-
#47617433	REDUCE cov: 3769 ft: 11931 corp: 5804/553Kb lim: 4096 exec/s: 63744 rss: 706Mb L: 41/3754 MS: 1 EraseBytes-
#47636384	REDUCE cov: 3769 ft: 11931 corp: 5804/553Kb lim: 4096 exec/s: 63685 rss: 706Mb L: 187/3754 MS: 1 EraseBytes-
#47651830	REDUCE cov: 3769 ft: 11931 corp: 5804/553Kb lim: 4096 exec/s: 63705 rss: 706Mb L: 947/3754 MS: 1 EraseBytes-
#47675771	REDUCE cov: 3769 ft: 11931 corp: 5804/553Kb lim: 4096 exec/s: 63737 rss: 706Mb L: 624/3754 MS: 1 EraseBytes-
#47689717	REDUCE cov: 3769 ft: 11931 corp: 5804/553Kb lim: 4096 exec/s: 63671 rss: 706Mb L: 379/3754 MS: 1 EraseBytes-
#47706133	REDUCE cov: 3769 ft: 11931 corp: 5804/553Kb lim: 4096 exec/s: 63693 rss: 706Mb L: 360/3754 MS: 1 EraseBytes-
#47715034	REDUCE cov: 3769 ft: 11931 corp: 5804/553Kb lim: 4096 exec/s: 63704 rss: 706Mb L: 19/3754 MS: 1 EraseBytes-
#47733690	REDUCE cov: 3769 ft: 11931 corp: 5804/553Kb lim: 4096 exec/s: 63729 rss: 706Mb L: 78/3754 MS: 1 EraseBytes-
#47760848	REDUCE cov: 3769 ft: 11931 corp: 5804/553Kb lim: 4096 exec/s: 63681 rss: 706Mb L: 92/3754 MS: 2 ShuffleBytes-EraseBytes-
#47764626	REDUCE cov: 3769 ft: 11931 corp: 5804/553Kb lim: 4096 exec/s: 63686 rss: 706Mb L: 2262/3754 MS: 3 ChangeBit-ShuffleBytes-EraseBytes-
#47793294	REDUCE cov: 3769 ft: 11931 corp: 5804/553Kb lim: 4096 exec/s: 63639 rss: 706Mb L: 1108/3754 MS: 3 InsertByte-EraseBytes-CopyPart-
#47863702	REDUCE cov: 3769 ft: 11931 corp: 5804/553Kb lim: 4096 exec/s: 63648 rss: 706Mb L: 87/3754 MS: 2 ChangeASCIIInt-EraseBytes-
#47885878	REDUCE cov: 3769 ft: 11931 corp: 5804/553Kb lim: 4096 exec/s: 63678 rss: 706Mb L: 93/3754 MS: 1 EraseBytes-
#47893314	REDUCE cov: 3769 ft: 11931 corp: 5804/553Kb lim: 4096 exec/s: 63603 rss: 706Mb L: 3492/3754 MS: 1 EraseBytes-
#47905025	REDUCE cov: 3769 ft: 11931 corp: 5804/553Kb lim: 4096 exec/s: 63618 rss: 706Mb L: 343/3754 MS: 1 EraseBytes-
#47956976	REDUCE cov: 3769 ft: 11931 corp: 5804/553Kb lim: 4096 exec/s: 63603 rss: 706Mb L: 41/3754 MS: 1 EraseBytes-
#47973152	REDUCE cov: 3769 ft: 11931 corp: 5804/553Kb lim: 4096 exec/s: 63624 rss: 706Mb L: 656/3754 MS: 1 EraseBytes-
#48005958	REDUCE cov: 3769 ft: 11931 corp: 5804/553Kb lim: 4096 exec/s: 63584 rss: 706Mb L: 248/3754 MS: 1 EraseBytes-
#48008774	REDUCE cov: 3769 ft: 11931 corp: 5804/553Kb lim: 4096 exec/s: 63587 rss: 706Mb L: 54/3754 MS: 1 EraseBytes-
#48031815	REDUCE cov: 3769 ft: 11931 corp: 5804/553Kb lim: 4096 exec/s: 63618 rss: 706Mb L: 342/3754 MS: 1 EraseBytes-
#48055243	REDUCE cov: 3769 ft: 11931 corp: 5804/553Kb lim: 4096 exec/s: 63565 rss: 706Mb L: 1651/3754 MS: 3 EraseBytes-InsertByte-CopyPart-
#48079074	REDUCE cov: 3769 ft: 11931 corp: 5804/553Kb lim: 4096 exec/s: 63596 rss: 706Mb L: 44/3754 MS: 1 EraseBytes-
#48084470	REDUCE cov: 3769 ft: 11931 corp: 5804/553Kb lim: 4096 exec/s: 63603 rss: 706Mb L: 1422/3754 MS: 1 EraseBytes-
#48084856	REDUCE cov: 3769 ft: 11931 corp: 5804/553Kb lim: 4096 exec/s: 63604 rss: 706Mb L: 1596/3754 MS: 1 EraseBytes-
#48109617	REDUCE cov: 3769 ft: 11931 corp: 5804/553Kb lim: 4096 exec/s: 63552 rss: 706Mb L: 264/3754 MS: 1 EraseBytes-
#48122439	REDUCE cov: 3769 ft: 11931 corp: 5804/553Kb lim: 4096 exec/s: 63569 rss: 706Mb L: 69/3754 MS: 1 EraseBytes-
#48133400	REDUCE cov: 3769 ft: 11931 corp: 5804/553Kb lim: 4096 exec/s: 63584 rss: 706Mb L: 2233/3754 MS: 1 CrossOver-
#48134671	REDUCE cov: 3769 ft: 11931 corp: 5804/553Kb lim: 4096 exec/s: 63586 rss: 706Mb L: 119/3754 MS: 1 EraseBytes-
#48256262	REDUCE cov: 3769 ft: 11931 corp: 5804/553Kb lim: 4096 exec/s: 63578 rss: 706Mb L: 229/3754 MS: 1 EraseBytes-
#48286079	REDUCE cov: 3769 ft: 11931 corp: 5804/553Kb lim: 4096 exec/s: 63534 rss: 706Mb L: 469/3754 MS: 2 ChangeASCIIInt-EraseBytes-
#48289970	REDUCE cov: 3769 ft: 11931 corp: 5804/553Kb lim: 4096 exec/s: 63539 rss: 706Mb L: 2168/3754 MS: 1 EraseBytes-
#48312691	REDUCE cov: 3769 ft: 11931 corp: 5804/553Kb lim: 4096 exec/s: 63569 rss: 706Mb L: 69/3754 MS: 1 EraseBytes-
#48343067	REDUCE cov: 3769 ft: 11931 corp: 5804/553Kb lim: 4096 exec/s: 63525 rss: 706Mb L: 1070/3754 MS: 1 EraseBytes-
#48350218	REDUCE cov: 3769 ft: 11931 corp: 5804/553Kb lim: 4096 exec/s: 63535 rss: 706Mb L: 46/3754 MS: 1 EraseBytes-
#48391170	REDUCE cov: 3769 ft: 11931 corp: 5804/553Kb lim: 4096 exec/s: 63505 rss: 706Mb L: 1587/3754 MS: 2 ChangeByte-EraseBytes-
#48398991	REDUCE cov: 3769 ft: 11931 corp: 5804/553Kb lim: 4096 exec/s: 63515 rss: 706Mb L: 167/3754 MS: 1 EraseBytes-
#48404112	REDUCE cov: 3769 ft: 11931 corp: 5804/553Kb lim: 4096 exec/s: 63522 rss: 706Mb L: 327/3754 MS: 1 EraseBytes-
#48411108	REDUCE cov: 3769 ft: 11931 corp: 5804/553Kb lim: 4096 exec/s: 63531 rss: 706Mb L: 90/3754 MS: 1 EraseBytes-
#48444259	REDUCE cov: 3769 ft: 11931 corp: 5804/553Kb lim: 4096 exec/s: 63491 rss: 706Mb L: 36/3754 MS: 1 EraseBytes-
#48454840	REDUCE cov: 3769 ft: 11931 corp: 5804/553Kb lim: 4096 exec/s: 63505 rss: 706Mb L: 1565/3754 MS: 1 EraseBytes-
#48497653	REDUCE cov: 3769 ft: 11931 corp: 5804/553Kb lim: 4096 exec/s: 63395 rss: 706Mb L: 466/3754 MS: 2 ChangeASCIIInt-EraseBytes-
#48509839	REDUCE cov: 3769 ft: 11931 corp: 5804/553Kb lim: 4096 exec/s: 63411 rss: 706Mb L: 98/3754 MS: 1 EraseBytes-
#48537135	REDUCE cov: 3769 ft: 11931 corp: 5804/553Kb lim: 4096 exec/s: 63447 rss: 706Mb L: 98/3754 MS: 1 EraseBytes-
#48577116	REDUCE cov: 3769 ft: 11931 corp: 5804/553Kb lim: 4096 exec/s: 63416 rss: 706Mb L: 326/3754 MS: 1 EraseBytes-
#48615642	REDUCE cov: 3769 ft: 11931 corp: 5804/553Kb lim: 4096 exec/s: 63384 rss: 706Mb L: 218/3754 MS: 1 EraseBytes-
#48624953	REDUCE cov: 3769 ft: 11931 corp: 5804/553Kb lim: 4096 exec/s: 63396 rss: 706Mb L: 108/3754 MS: 1 EraseBytes-
#48636494	REDUCE cov: 3769 ft: 11931 corp: 5804/553Kb lim: 4096 exec/s: 63411 rss: 706Mb L: 1461/3754 MS: 1 CrossOver-
#48661525	REDUCE cov: 3769 ft: 11931 corp: 5804/553Kb lim: 4096 exec/s: 63361 rss: 706Mb L: 2220/3754 MS: 1 EraseBytes-
#48733217	REDUCE cov: 3769 ft: 11931 corp: 5804/553Kb lim: 4096 exec/s: 63372 rss: 706Mb L: 2149/3754 MS: 2 ChangeASCIIInt-EraseBytes-
#48749383	REDUCE cov: 3769 ft: 11931 corp: 5804/553Kb lim: 4096 exec/s: 63310 rss: 706Mb L: 2113/3754 MS: 1 EraseBytes-
#48788975	REDUCE cov: 3769 ft: 11931 corp: 5804/553Kb lim: 4096 exec/s: 63280 rss: 706Mb L: 2102/3754 MS: 1 EraseBytes-
#48803291	REDUCE cov: 3769 ft: 11931 corp: 5804/553Kb lim: 4096 exec/s: 63298 rss: 706Mb L: 70/3754 MS: 1 EraseBytes-
#48828726	REDUCE cov: 3769 ft: 11931 corp: 5804/553Kb lim: 4096 exec/s: 63249 rss: 706Mb L: 54/3754 MS: 3 EraseBytes-ChangeBinInt-CopyPart-
#48830337	REDUCE cov: 3769 ft: 11931 corp: 5804/553Kb lim: 4096 exec/s: 63251 rss: 706Mb L: 80/3754 MS: 1 EraseBytes-
#48850268	REDUCE cov: 3769 ft: 11931 corp: 5804/553Kb lim: 4096 exec/s: 63277 rss: 706Mb L: 1460/3754 MS: 1 EraseBytes-
#48854304	REDUCE cov: 3769 ft: 11931 corp: 5804/553Kb lim: 4096 exec/s: 63282 rss: 706Mb L: 31/3754 MS: 1 EraseBytes-
#48881730	REDUCE cov: 3769 ft: 11931 corp: 5804/553Kb lim: 4096 exec/s: 63318 rss: 706Mb L: 86/3754 MS: 1 EraseBytes-
#48919416	REDUCE cov: 3769 ft: 11931 corp: 5804/553Kb lim: 4096 exec/s: 63285 rss: 706Mb L: 114/3754 MS: 1 EraseBytes-
#48930032	REDUCE cov: 3769 ft: 11931 corp: 5804/553Kb lim: 4096 exec/s: 63298 rss: 706Mb L: 1419/3754 MS: 1 EraseBytes-
#48933623	REDUCE cov: 3769 ft: 11931 corp: 5804/553Kb lim: 4096 exec/s: 63303 rss: 706Mb L: 276/3754 MS: 1 EraseBytes-
#48965109	REDUCE cov: 3769 ft: 11931 corp: 5804/553Kb lim: 4096 exec/s: 63262 rss: 706Mb L: 3395/3754 MS: 1 EraseBytes-
#48976150	REDUCE cov: 3769 ft: 11931 corp: 5804/553Kb lim: 4096 exec/s: 63276 rss: 706Mb L: 66/3754 MS: 1 EraseBytes-
#48998506	REDUCE cov: 3769 ft: 11931 corp: 5804/553Kb lim: 4096 exec/s: 63223 rss: 706Mb L: 120/3754 MS: 1 EraseBytes-
#49001572	REDUCE cov: 3769 ft: 11931 corp: 5804/553Kb lim: 4096 exec/s: 63227 rss: 706Mb L: 34/3754 MS: 1 EraseBytes-
#49005768	REDUCE cov: 3769 ft: 11931 corp: 5804/553Kb lim: 4096 exec/s: 63233 rss: 706Mb L: 1454/3754 MS: 1 EraseBytes-
#49058084	REDUCE cov: 3769 ft: 11931 corp: 5804/553Kb lim: 4096 exec/s: 63137 rss: 706Mb L: 39/3754 MS: 1 EraseBytes-
#49073970	REDUCE cov: 3769 ft: 11931 corp: 5804/553Kb lim: 4096 exec/s: 63158 rss: 706Mb L: 170/3754 MS: 1 EraseBytes-
#49116541	REDUCE cov: 3769 ft: 11931 corp: 5804/553Kb lim: 4096 exec/s: 63131 rss: 706Mb L: 1451/3754 MS: 1 EraseBytes-
#49153443	REDUCE cov: 3769 ft: 11931 corp: 5804/553Kb lim: 4096 exec/s: 63179 rss: 706Mb L: 64/3754 MS: 2 CMP-EraseBytes- DE: "\007\000\000\000"-
#49166054	REDUCE cov: 3769 ft: 11931 corp: 5804/553Kb lim: 4096 exec/s: 63195 rss: 706Mb L: 67/3754 MS: 1 EraseBytes-
#49166590	REDUCE cov: 3769 ft: 11931 corp: 5804/553Kb lim: 4096 exec/s: 63196 rss: 706Mb L: 53/3754 MS: 1 EraseBytes-
#49210011	REDUCE cov: 3769 ft: 11931 corp: 5804/553Kb lim: 4096 exec/s: 63170 rss: 706Mb L: 112/3754 MS: 1 EraseBytes-
#49215857	REDUCE cov: 3769 ft: 11931 corp: 5804/553Kb lim: 4096 exec/s: 63178 rss: 706Mb L: 2086/3754 MS: 1 EraseBytes-
#49219378	REDUCE cov: 3769 ft: 11931 corp: 5804/553Kb lim: 4096 exec/s: 63182 rss: 706Mb L: 67/3754 MS: 1 EraseBytes-
#49226221	REDUCE cov: 3769 ft: 11931 corp: 5804/553Kb lim: 4096 exec/s: 63191 rss: 706Mb L: 149/3754 MS: 3 PersAutoDict-EraseBytes-CopyPart- DE: "\010\000\000\000"-
#49245677	REDUCE cov: 3769 ft: 11931 corp: 5804/553Kb lim: 4096 exec/s: 63135 rss: 706Mb L: 186/3754 MS: 1 EraseBytes-
#49257854	REDUCE cov: 3769 ft: 11931 corp: 5804/553Kb lim: 4096 exec/s: 63151 rss: 706Mb L: 18/3754 MS: 2 CopyPart-EraseBytes-
#49260751	REDUCE cov: 3769 ft: 11931 corp: 5804/553Kb lim: 4096 exec/s: 63154 rss: 706Mb L: 164/3754 MS: 2 CopyPart-EraseBytes-
#49269323	REDUCE cov: 3769 ft: 11931 corp: 5804/553Kb lim: 4096 exec/s: 63165 rss: 706Mb L: 1289/3754 MS: 2 ShuffleBytes-EraseBytes-
#49281424	REDUCE cov: 3769 ft: 11931 corp: 5804/552Kb lim: 4096 exec/s: 63181 rss: 706Mb L: 1027/3754 MS: 1 EraseBytes-
#49283191	REDUCE cov: 3769 ft: 11931 corp: 5804/552Kb lim: 4096 exec/s: 63183 rss: 706Mb L: 28/3754 MS: 2 ChangeASCIIInt-EraseBytes-
#49294152	REDUCE cov: 3769 ft: 11931 corp: 5804/552Kb lim: 4096 exec/s: 63116 rss: 706Mb L: 1448/3754 MS: 1 EraseBytes-
#49297073	REDUCE cov: 3769 ft: 11931 corp: 5804/552Kb lim: 4096 exec/s: 63120 rss: 706Mb L: 52/3754 MS: 1 EraseBytes-
#49304800	REDUCE cov: 3769 ft: 11931 corp: 5804/552Kb lim: 4096 exec/s: 63130 rss: 706Mb L: 89/3754 MS: 2 ShuffleBytes-EraseBytes-
#49315207	REDUCE cov: 3769 ft: 11931 corp: 5804/552Kb lim: 4096 exec/s: 63143 rss: 706Mb L: 1399/3754 MS: 2 ChangeBinInt-EraseBytes-
#49333328	REDUCE cov: 3769 ft: 11931 corp: 5804/552Kb lim: 4096 exec/s: 63166 rss: 706Mb L: 593/3754 MS: 1 EraseBytes-
#49333459	REDUCE cov: 3769 ft: 11931 corp: 5804/552Kb lim: 4096 exec/s: 63167 rss: 706Mb L: 103/3754 MS: 1 EraseBytes-
#49342106	REDUCE cov: 3769 ft: 11931 corp: 5804/552Kb lim: 4096 exec/s: 63178 rss: 706Mb L: 1379/3754 MS: 2 ChangeASCIIInt-EraseBytes-
#49356904	REDUCE cov: 3769 ft: 11931 corp: 5804/552Kb lim: 4096 exec/s: 63116 rss: 706Mb L: 1446/3754 MS: 2 ChangeByte-EraseBytes-
#49359355	REDUCE cov: 3769 ft: 11931 corp: 5804/552Kb lim: 4096 exec/s: 63119 rss: 706Mb L: 100/3754 MS: 1 EraseBytes-
#49438909	REDUCE cov: 3769 ft: 11931 corp: 5804/552Kb lim: 4096 exec/s: 63140 rss: 706Mb L: 3394/3754 MS: 2 ChangeASCIIInt-EraseBytes-
#49482280	REDUCE cov: 3769 ft: 11931 corp: 5804/552Kb lim: 4096 exec/s: 63115 rss: 706Mb L: 324/3754 MS: 1 EraseBytes-
#49522156	REDUCE cov: 3769 ft: 11931 corp: 5804/552Kb lim: 4096 exec/s: 63085 rss: 706Mb L: 98/3754 MS: 1 EraseBytes-
#49537392	REDUCE cov: 3769 ft: 11931 corp: 5804/552Kb lim: 4096 exec/s: 63104 rss: 706Mb L: 264/3754 MS: 1 EraseBytes-
#49543728	REDUCE cov: 3769 ft: 11931 corp: 5804/552Kb lim: 4096 exec/s: 63113 rss: 706Mb L: 49/3754 MS: 1 EraseBytes-
#49568604	REDUCE cov: 3769 ft: 11931 corp: 5804/552Kb lim: 4096 exec/s: 63144 rss: 706Mb L: 566/3754 MS: 1 EraseBytes-
#49610115	REDUCE cov: 3769 ft: 11931 corp: 5804/552Kb lim: 4096 exec/s: 63117 rss: 706Mb L: 103/3754 MS: 1 EraseBytes-
#49610266	REDUCE cov: 3769 ft: 11931 corp: 5804/552Kb lim: 4096 exec/s: 63117 rss: 706Mb L: 58/3754 MS: 1 EraseBytes-
#49613142	REDUCE cov: 3769 ft: 11931 corp: 5804/552Kb lim: 4096 exec/s: 63121 rss: 706Mb L: 74/3754 MS: 1 EraseBytes-
#49627463	REDUCE cov: 3769 ft: 11931 corp: 5804/552Kb lim: 4096 exec/s: 63139 rss: 706Mb L: 66/3754 MS: 1 EraseBytes-
#49696774	REDUCE cov: 3769 ft: 11931 corp: 5804/552Kb lim: 4096 exec/s: 63147 rss: 706Mb L: 61/3754 MS: 1 EraseBytes-
#49731385	REDUCE cov: 3769 ft: 11931 corp: 5804/552Kb lim: 4096 exec/s: 63110 rss: 706Mb L: 1376/3754 MS: 1 EraseBytes-
#49732111	REDUCE cov: 3769 ft: 11931 corp: 5804/552Kb lim: 4096 exec/s: 63111 rss: 706Mb L: 2086/3754 MS: 1 EraseBytes-
#49758787	REDUCE cov: 3769 ft: 11931 corp: 5804/552Kb lim: 4096 exec/s: 63145 rss: 706Mb L: 54/3754 MS: 1 EraseBytes-
#49763644	REDUCE cov: 3769 ft: 11931 corp: 5804/552Kb lim: 4096 exec/s: 63151 rss: 706Mb L: 2078/3754 MS: 2 ChangeASCIIInt-EraseBytes-
#49774926	REDUCE cov: 3769 ft: 11931 corp: 5804/552Kb lim: 4096 exec/s: 63086 rss: 706Mb L: 36/3754 MS: 2 ShuffleBytes-EraseBytes-
#49798692	REDUCE cov: 3769 ft: 11931 corp: 5804/552Kb lim: 4096 exec/s: 63116 rss: 706Mb L: 19/3754 MS: 1 EraseBytes-
#49812130	REDUCE cov: 3769 ft: 11931 corp: 5804/552Kb lim: 4096 exec/s: 63133 rss: 706Mb L: 164/3754 MS: 3 ShuffleBytes-ShuffleBytes-EraseBytes-
#49813646	REDUCE cov: 3769 ft: 11931 corp: 5804/552Kb lim: 4096 exec/s: 63135 rss: 706Mb L: 323/3754 MS: 1 EraseBytes-
#49814877	REDUCE cov: 3769 ft: 11931 corp: 5804/552Kb lim: 4096 exec/s: 63136 rss: 706Mb L: 98/3754 MS: 1 EraseBytes-
#49827174	REDUCE cov: 3769 ft: 11931 corp: 5804/552Kb lim: 4096 exec/s: 63152 rss: 706Mb L: 2917/3754 MS: 2 ChangeASCIIInt-EraseBytes-
#49827615	REDUCE cov: 3769 ft: 11931 corp: 5804/552Kb lim: 4096 exec/s: 63152 rss: 706Mb L: 174/3754 MS: 1 EraseBytes-
#49833171	REDUCE cov: 3769 ft: 11931 corp: 5804/552Kb lim: 4096 exec/s: 63159 rss: 706Mb L: 568/3754 MS: 1 EraseBytes-
#49834502	REDUCE cov: 3769 ft: 11931 corp: 5804/552Kb lim: 4096 exec/s: 63161 rss: 706Mb L: 509/3754 MS: 1 EraseBytes-
#49873893	REDUCE cov: 3769 ft: 11931 corp: 5804/552Kb lim: 4096 exec/s: 63131 rss: 706Mb L: 263/3754 MS: 1 EraseBytes-
#49880749	REDUCE cov: 3769 ft: 11931 corp: 5804/552Kb lim: 4096 exec/s: 63140 rss: 706Mb L: 356/3754 MS: 1 EraseBytes-
#49898731	REDUCE cov: 3769 ft: 11931 corp: 5804/552Kb lim: 4096 exec/s: 63162 rss: 706Mb L: 1373/3754 MS: 2 ChangeASCIIInt-EraseBytes-
#49910667	REDUCE cov: 3769 ft: 11931 corp: 5804/552Kb lim: 4096 exec/s: 63098 rss: 706Mb L: 2043/3754 MS: 1 EraseBytes-
#49927383	REDUCE cov: 3769 ft: 11931 corp: 5804/552Kb lim: 4096 exec/s: 63119 rss: 706Mb L: 144/3754 MS: 1 EraseBytes-
#49930934	REDUCE cov: 3769 ft: 11931 corp: 5804/552Kb lim: 4096 exec/s: 63123 rss: 706Mb L: 46/3754 MS: 1 EraseBytes-
#50005880	REDUCE cov: 3769 ft: 11931 corp: 5804/552Kb lim: 4096 exec/s: 63138 rss: 706Mb L: 54/3754 MS: 1 EraseBytes-
#50011886	REDUCE cov: 3769 ft: 11931 corp: 5804/552Kb lim: 4096 exec/s: 63066 rss: 706Mb L: 2811/3754 MS: 1 EraseBytes-
#50020167	REDUCE cov: 3769 ft: 11931 corp: 5804/552Kb lim: 4096 exec/s: 63077 rss: 706Mb L: 583/3754 MS: 1 EraseBytes-
#50047533	REDUCE cov: 3769 ft: 11931 corp: 5804/552Kb lim: 4096 exec/s: 63111 rss: 706Mb L: 1426/3754 MS: 1 EraseBytes-
#50106019	REDUCE cov: 3769 ft: 11931 corp: 5804/552Kb lim: 4096 exec/s: 63105 rss: 706Mb L: 1192/3754 MS: 1 EraseBytes-
#50124826	REDUCE cov: 3769 ft: 11931 corp: 5804/552Kb lim: 4096 exec/s: 63050 rss: 706Mb L: 724/3754 MS: 2 ChangeASCIIInt-EraseBytes-
#50134252	REDUCE cov: 3769 ft: 11931 corp: 5804/552Kb lim: 4096 exec/s: 63061 rss: 706Mb L: 356/3754 MS: 1 EraseBytes-
#50135378	REDUCE cov: 3769 ft: 11931 corp: 5804/552Kb lim: 4096 exec/s: 63063 rss: 706Mb L: 603/3754 MS: 1 EraseBytes-
#50146009	REDUCE cov: 3769 ft: 11931 corp: 5804/552Kb lim: 4096 exec/s: 63076 rss: 706Mb L: 76/3754 MS: 1 EraseBytes-
#50160895	REDUCE cov: 3769 ft: 11931 corp: 5804/552Kb lim: 4096 exec/s: 63095 rss: 706Mb L: 170/3754 MS: 1 EraseBytes-
#50178667	REDUCE cov: 3769 ft: 11931 corp: 5804/552Kb lim: 4096 exec/s: 63038 rss: 706Mb L: 436/3754 MS: 2 ShuffleBytes-EraseBytes-
#50244884	REDUCE cov: 3769 ft: 11931 corp: 5804/552Kb lim: 4096 exec/s: 63042 rss: 706Mb L: 1405/3754 MS: 2 ChangeASCIIInt-EraseBytes-
#50274355	NEW    cov: 3769 ft: 11932 corp: 5805/553Kb lim: 4096 exec/s: 63079 rss: 706Mb L: 679/3754 MS: 1 CrossOver-
#50275916	REDUCE cov: 3769 ft: 11932 corp: 5805/553Kb lim: 4096 exec/s: 63081 rss: 706Mb L: 2001/3754 MS: 1 EraseBytes-
#50289857	REDUCE cov: 3769 ft: 11932 corp: 5805/553Kb lim: 4096 exec/s: 63019 rss: 706Mb L: 46/3754 MS: 1 EraseBytes-
#50296053	REDUCE cov: 3769 ft: 11932 corp: 5805/553Kb lim: 4096 exec/s: 63027 rss: 706Mb L: 156/3754 MS: 1 EraseBytes-
#50336839	REDUCE cov: 3769 ft: 11932 corp: 5805/553Kb lim: 4096 exec/s: 63078 rss: 706Mb L: 432/3754 MS: 1 EraseBytes-
#50346405	REDUCE cov: 3769 ft: 11932 corp: 5805/553Kb lim: 4096 exec/s: 63011 rss: 706Mb L: 46/3754 MS: 1 EraseBytes-
#50355061	REDUCE cov: 3769 ft: 11932 corp: 5805/553Kb lim: 4096 exec/s: 63022 rss: 706Mb L: 233/3754 MS: 1 EraseBytes-
#50371628	REDUCE cov: 3769 ft: 11932 corp: 5805/553Kb lim: 4096 exec/s: 63043 rss: 706Mb L: 17/3754 MS: 2 ChangeASCIIInt-EraseBytes-
#50372774	REDUCE cov: 3769 ft: 11932 corp: 5805/553Kb lim: 4096 exec/s: 63044 rss: 706Mb L: 691/3754 MS: 1 EraseBytes-
#50376380	REDUCE cov: 3769 ft: 11932 corp: 5805/553Kb lim: 4096 exec/s: 63049 rss: 706Mb L: 68/3754 MS: 1 EraseBytes-
#50377991	REDUCE cov: 3769 ft: 11932 corp: 5805/553Kb lim: 4096 exec/s: 62972 rss: 706Mb L: 238/3754 MS: 1 EraseBytes-
#50379498	REDUCE cov: 3769 ft: 11932 corp: 5805/553Kb lim: 4096 exec/s: 62974 rss: 706Mb L: 237/3754 MS: 2 ChangeByte-EraseBytes-
#50380484	REDUCE cov: 3769 ft: 11932 corp: 5805/553Kb lim: 4096 exec/s: 62975 rss: 706Mb L: 553/3754 MS: 1 EraseBytes-
#50391705	REDUCE cov: 3769 ft: 11932 corp: 5805/553Kb lim: 4096 exec/s: 62989 rss: 706Mb L: 3489/3754 MS: 1 EraseBytes-
#50397306	REDUCE cov: 3769 ft: 11932 corp: 5805/553Kb lim: 4096 exec/s: 62996 rss: 706Mb L: 1239/3754 MS: 1 EraseBytes-
#50408529	REDUCE cov: 3769 ft: 11932 corp: 5805/553Kb lim: 4096 exec/s: 63010 rss: 706Mb L: 353/3754 MS: 2 InsertByte-EraseBytes-
#50424666	REDUCE cov: 3769 ft: 11932 corp: 5805/553Kb lim: 4096 exec/s: 62952 rss: 706Mb L: 1224/3754 MS: 2 ShuffleBytes-EraseBytes-
#50430454	REDUCE cov: 3769 ft: 11932 corp: 5805/553Kb lim: 4096 exec/s: 62959 rss: 706Mb L: 395/3754 MS: 3 ChangeByte-ChangeBit-EraseBytes-
#50431635	REDUCE cov: 3769 ft: 11932 corp: 5805/553Kb lim: 4096 exec/s: 62960 rss: 706Mb L: 153/3754 MS: 1 EraseBytes-
#50453502	REDUCE cov: 3769 ft: 11932 corp: 5805/553Kb lim: 4096 exec/s: 62909 rss: 706Mb L: 529/3754 MS: 1 EraseBytes-
#50457568	REDUCE cov: 3769 ft: 11932 corp: 5805/553Kb lim: 4096 exec/s: 62914 rss: 706Mb L: 513/3754 MS: 1 EraseBytes-
#50500429	REDUCE cov: 3769 ft: 11932 corp: 5805/552Kb lim: 4096 exec/s: 62968 rss: 706Mb L: 422/3754 MS: 1 EraseBytes-
#50514847	REDUCE cov: 3769 ft: 11932 corp: 5805/552Kb lim: 4096 exec/s: 62907 rss: 706Mb L: 429/3754 MS: 1 EraseBytes-
#50526653	REDUCE cov: 3769 ft: 11932 corp: 5805/552Kb lim: 4096 exec/s: 62922 rss: 706Mb L: 394/3754 MS: 1 EraseBytes-
#50541319	REDUCE cov: 3769 ft: 11932 corp: 5805/552Kb lim: 4096 exec/s: 62940 rss: 706Mb L: 423/3754 MS: 1 EraseBytes-
#50544276	REDUCE cov: 3769 ft: 11932 corp: 5805/552Kb lim: 4096 exec/s: 62866 rss: 706Mb L: 1371/3754 MS: 2 ShuffleBytes-EraseBytes-
#50551382	REDUCE cov: 3769 ft: 11932 corp: 5805/552Kb lim: 4096 exec/s: 62874 rss: 706Mb L: 2570/3754 MS: 1 EraseBytes-
#50563065	REDUCE cov: 3769 ft: 11932 corp: 5805/552Kb lim: 4096 exec/s: 62889 rss: 706Mb L: 1208/3754 MS: 1 EraseBytes-
#50565978	REDUCE cov: 3769 ft: 11932 corp: 5805/552Kb lim: 4096 exec/s: 62893 rss: 706Mb L: 1400/3754 MS: 3 CopyPart-ChangeASCIIInt-EraseBytes-
#50608287	REDUCE cov: 3769 ft: 11932 corp: 5805/552Kb lim: 4096 exec/s: 62867 rss: 706Mb L: 84/3754 MS: 4 InsertByte-ChangeByte-CopyPart-EraseBytes-
#50615483	REDUCE cov: 3769 ft: 11932 corp: 5805/552Kb lim: 4096 exec/s: 62798 rss: 706Mb L: 3473/3754 MS: 1 EraseBytes-
#50624929	REDUCE cov: 3769 ft: 11932 corp: 5805/552Kb lim: 4096 exec/s: 62810 rss: 706Mb L: 615/3754 MS: 1 EraseBytes-
#50630085	REDUCE cov: 3769 ft: 11932 corp: 5805/552Kb lim: 4096 exec/s: 62816 rss: 706Mb L: 64/3754 MS: 1 EraseBytes-
#50631731	REDUCE cov: 3769 ft: 11932 corp: 5805/552Kb lim: 4096 exec/s: 62818 rss: 706Mb L: 421/3754 MS: 1 EraseBytes-
#50642197	REDUCE cov: 3769 ft: 11932 corp: 5805/552Kb lim: 4096 exec/s: 62831 rss: 706Mb L: 1180/3754 MS: 1 EraseBytes-
#50643743	REDUCE cov: 3769 ft: 11932 corp: 5805/552Kb lim: 4096 exec/s: 62833 rss: 706Mb L: 187/3754 MS: 1 EraseBytes-
#50644399	REDUCE cov: 3769 ft: 11932 corp: 5805/552Kb lim: 4096 exec/s: 62834 rss: 706Mb L: 1187/3754 MS: 1 EraseBytes-
#50662866	REDUCE cov: 3769 ft: 11932 corp: 5805/552Kb lim: 4096 exec/s: 62857 rss: 706Mb L: 2532/3754 MS: 2 ChangeASCIIInt-EraseBytes-
#50664757	REDUCE cov: 3769 ft: 11932 corp: 5805/552Kb lim: 4096 exec/s: 62781 rss: 706Mb L: 2503/3754 MS: 1 EraseBytes-
#50690483	REDUCE cov: 3769 ft: 11932 corp: 5805/552Kb lim: 4096 exec/s: 62813 rss: 706Mb L: 1120/3754 MS: 1 EraseBytes-
#50705054	REDUCE cov: 3769 ft: 11932 corp: 5805/552Kb lim: 4096 exec/s: 62753 rss: 706Mb L: 2569/3754 MS: 1 EraseBytes-
#50717945	REDUCE cov: 3769 ft: 11932 corp: 5805/552Kb lim: 4096 exec/s: 62769 rss: 706Mb L: 74/3754 MS: 1 EraseBytes-
#50729106	REDUCE cov: 3769 ft: 11932 corp: 5805/552Kb lim: 4096 exec/s: 62783 rss: 706Mb L: 149/3754 MS: 1 EraseBytes-
#50730817	REDUCE cov: 3769 ft: 11932 corp: 5805/552Kb lim: 4096 exec/s: 62785 rss: 706Mb L: 45/3754 MS: 1 EraseBytes-
#50736653	REDUCE cov: 3769 ft: 11932 corp: 5805/552Kb lim: 4096 exec/s: 62715 rss: 706Mb L: 393/3754 MS: 1 EraseBytes-
#50739654	REDUCE cov: 3769 ft: 11932 corp: 5805/552Kb lim: 4096 exec/s: 62718 rss: 706Mb L: 1285/3754 MS: 1 EraseBytes-
#50753242	REDUCE cov: 3769 ft: 11932 corp: 5805/552Kb lim: 4096 exec/s: 62735 rss: 706Mb L: 390/3754 MS: 3 ChangeASCIIInt-ChangeASCIIInt-EraseBytes-
#50764383	REDUCE cov: 3769 ft: 11932 corp: 5805/552Kb lim: 4096 exec/s: 62749 rss: 706Mb L: 47/3754 MS: 1 EraseBytes-
#50768054	REDUCE cov: 3769 ft: 11932 corp: 5805/552Kb lim: 4096 exec/s: 62754 rss: 706Mb L: 137/3754 MS: 1 EraseBytes-
#50783392	REDUCE cov: 3769 ft: 11932 corp: 5805/552Kb lim: 4096 exec/s: 62695 rss: 706Mb L: 1964/3754 MS: 2 ShuffleBytes-EraseBytes-
#50795628	REDUCE cov: 3769 ft: 11932 corp: 5805/552Kb lim: 4096 exec/s: 62710 rss: 706Mb L: 37/3754 MS: 1 EraseBytes-
#50799189	REDUCE cov: 3769 ft: 11932 corp: 5805/552Kb lim: 4096 exec/s: 62715 rss: 706Mb L: 35/3754 MS: 1 EraseBytes-
#50821786	REDUCE cov: 3769 ft: 11932 corp: 5805/552Kb lim: 4096 exec/s: 62742 rss: 706Mb L: 93/3754 MS: 2 ChangeASCIIInt-EraseBytes-
#50848857	REDUCE cov: 3769 ft: 11932 corp: 5805/552Kb lim: 4096 exec/s: 62698 rss: 706Mb L: 89/3754 MS: 1 EraseBytes-
#50853508	REDUCE cov: 3769 ft: 11932 corp: 5805/552Kb lim: 4096 exec/s: 62704 rss: 706Mb L: 190/3754 MS: 1 EraseBytes-
#50904169	REDUCE cov: 3769 ft: 11932 corp: 5805/552Kb lim: 4096 exec/s: 62612 rss: 706Mb L: 1946/3754 MS: 1 EraseBytes-
#50935800	REDUCE cov: 3769 ft: 11932 corp: 5805/552Kb lim: 4096 exec/s: 62651 rss: 706Mb L: 1148/3754 MS: 1 EraseBytes-
#50939751	REDUCE cov: 3769 ft: 11932 corp: 5805/552Kb lim: 4096 exec/s: 62656 rss: 706Mb L: 1175/3754 MS: 1 EraseBytes-
#50962307	REDUCE cov: 3769 ft: 11932 corp: 5805/552Kb lim: 4096 exec/s: 62607 rss: 706Mb L: 418/3754 MS: 1 EraseBytes-
#50971194	REDUCE cov: 3769 ft: 11932 corp: 5805/552Kb lim: 4096 exec/s: 62618 rss: 706Mb L: 1397/3754 MS: 2 ChangeBinInt-EraseBytes-
#50984935	REDUCE cov: 3769 ft: 11932 corp: 5805/552Kb lim: 4096 exec/s: 62558 rss: 706Mb L: 383/3754 MS: 1 EraseBytes-
#51003603	REDUCE cov: 3769 ft: 11932 corp: 5805/552Kb lim: 4096 exec/s: 62581 rss: 706Mb L: 1921/3754 MS: 3 ChangeByte-ChangeBinInt-EraseBytes-
#51014915	REDUCE cov: 3769 ft: 11932 corp: 5805/552Kb lim: 4096 exec/s: 62594 rss: 706Mb L: 81/3754 MS: 2 ChangeBinInt-EraseBytes-
#51034576	REDUCE cov: 3769 ft: 11932 corp: 5805/552Kb lim: 4096 exec/s: 62542 rss: 706Mb L: 196/3754 MS: 1 EraseBytes-
#51036842	REDUCE cov: 3769 ft: 11932 corp: 5805/552Kb lim: 4096 exec/s: 62545 rss: 706Mb L: 2501/3754 MS: 1 EraseBytes-
#51042714	REDUCE cov: 3769 ft: 11932 corp: 5805/552Kb lim: 4096 exec/s: 62552 rss: 706Mb L: 1391/3754 MS: 2 PersAutoDict-EraseBytes- DE: "plugin"-
#51044910	REDUCE cov: 3769 ft: 11932 corp: 5805/552Kb lim: 4096 exec/s: 62555 rss: 706Mb L: 1370/3754 MS: 1 EraseBytes-
#51046029	REDUCE cov: 3769 ft: 11933 corp: 5806/554Kb lim: 4096 exec/s: 62556 rss: 706Mb L: 1633/3754 MS: 4 ChangeASCIIInt-ShuffleBytes-ChangeASCIIInt-CrossOver-
#51056435	REDUCE cov: 3769 ft: 11933 corp: 5806/554Kb lim: 4096 exec/s: 62569 rss: 706Mb L: 105/3754 MS: 1 EraseBytes-
#51090858	REDUCE cov: 3769 ft: 11933 corp: 5806/554Kb lim: 4096 exec/s: 62534 rss: 706Mb L: 364/3754 MS: 2 ChangeASCIIInt-EraseBytes-
#51097729	REDUCE cov: 3769 ft: 11933 corp: 5806/554Kb lim: 4096 exec/s: 62543 rss: 706Mb L: 144/3754 MS: 1 EraseBytes-
#51111220	REDUCE cov: 3769 ft: 11933 corp: 5806/554Kb lim: 4096 exec/s: 62483 rss: 706Mb L: 300/3754 MS: 1 EraseBytes-
#51143806	REDUCE cov: 3769 ft: 11933 corp: 5806/554Kb lim: 4096 exec/s: 62446 rss: 706Mb L: 46/3754 MS: 1 EraseBytes-
#51148279	REDUCE cov: 3769 ft: 11933 corp: 5806/554Kb lim: 4096 exec/s: 62452 rss: 706Mb L: 132/3754 MS: 3 ShuffleBytes-ChangeASCIIInt-EraseBytes-
#51150205	REDUCE cov: 3769 ft: 11933 corp: 5806/554Kb lim: 4096 exec/s: 62454 rss: 706Mb L: 902/3754 MS: 1 EraseBytes-
#51153311	REDUCE cov: 3769 ft: 11933 corp: 5806/554Kb lim: 4096 exec/s: 62458 rss: 706Mb L: 883/3754 MS: 1 EraseBytes-
#51159788	REDUCE cov: 3769 ft: 11933 corp: 5806/554Kb lim: 4096 exec/s: 62466 rss: 706Mb L: 348/3754 MS: 1 EraseBytes-
#51183264	REDUCE cov: 3769 ft: 11933 corp: 5806/554Kb lim: 4096 exec/s: 62418 rss: 706Mb L: 89/3754 MS: 1 EraseBytes-
#51190010	REDUCE cov: 3769 ft: 11933 corp: 5806/553Kb lim: 4096 exec/s: 62426 rss: 706Mb L: 1902/3754 MS: 1 EraseBytes-
#51205411	REDUCE cov: 3769 ft: 11933 corp: 5806/553Kb lim: 4096 exec/s: 62445 rss: 706Mb L: 658/3754 MS: 1 EraseBytes-
#51213370	REDUCE cov: 3769 ft: 11933 corp: 5806/553Kb lim: 4096 exec/s: 62379 rss: 706Mb L: 408/3754 MS: 3 ChangeBit-PersAutoDict-EraseBytes- DE: "origin"-
#51236091	REDUCE cov: 3769 ft: 11933 corp: 5806/553Kb lim: 4096 exec/s: 62406 rss: 706Mb L: 34/3754 MS: 1 EraseBytes-
#51295437	REDUCE cov: 3769 ft: 11933 corp: 5806/553Kb lim: 4096 exec/s: 62327 rss: 706Mb L: 321/3754 MS: 1 EraseBytes-
#51311523	REDUCE cov: 3769 ft: 11933 corp: 5806/553Kb lim: 4096 exec/s: 62346 rss: 706Mb L: 133/3754 MS: 1 EraseBytes-
#51312479	REDUCE cov: 3769 ft: 11933 corp: 5806/553Kb lim: 4096 exec/s: 62348 rss: 706Mb L: 1159/3754 MS: 1 EraseBytes-
#51317711	REDUCE cov: 3769 ft: 11933 corp: 5806/553Kb lim: 4096 exec/s: 62354 rss: 706Mb L: 1886/3754 MS: 2 ShuffleBytes-EraseBytes-
#51319222	REDUCE cov: 3769 ft: 11933 corp: 5806/553Kb lim: 4096 exec/s: 62356 rss: 706Mb L: 2652/3754 MS: 1 EraseBytes-
#51320978	REDUCE cov: 3769 ft: 11933 corp: 5806/553Kb lim: 4096 exec/s: 62358 rss: 706Mb L: 1003/3754 MS: 1 EraseBytes-
#51323764	REDUCE cov: 3769 ft: 11933 corp: 5806/553Kb lim: 4096 exec/s: 62361 rss: 706Mb L: 35/3754 MS: 1 EraseBytes-
#51347670	REDUCE cov: 3769 ft: 11933 corp: 5806/553Kb lim: 4096 exec/s: 62315 rss: 706Mb L: 89/3754 MS: 1 EraseBytes-
#51348746	REDUCE cov: 3769 ft: 11933 corp: 5806/553Kb lim: 4096 exec/s: 62316 rss: 706Mb L: 406/3754 MS: 1 EraseBytes-
#51349652	REDUCE cov: 3769 ft: 11933 corp: 5806/553Kb lim: 4096 exec/s: 62317 rss: 706Mb L: 234/3754 MS: 1 EraseBytes-
#51356259	REDUCE cov: 3769 ft: 11933 corp: 5806/553Kb lim: 4096 exec/s: 62325 rss: 706Mb L: 421/3754 MS: 2 ChangeBit-EraseBytes-
#51359186	REDUCE cov: 3769 ft: 11933 corp: 5806/553Kb lim: 4096 exec/s: 62329 rss: 706Mb L: 400/3754 MS: 2 ChangeASCIIInt-EraseBytes-
#51365982	REDUCE cov: 3769 ft: 11933 corp: 5806/553Kb lim: 4096 exec/s: 62337 rss: 706Mb L: 314/3754 MS: 1 EraseBytes-
#51369798	REDUCE cov: 3769 ft: 11933 corp: 5806/553Kb lim: 4096 exec/s: 62341 rss: 706Mb L: 131/3754 MS: 1 EraseBytes-
#51442115	NEW    cov: 3769 ft: 11934 corp: 5807/557Kb lim: 4096 exec/s: 62278 rss: 706Mb L: 3367/3754 MS: 1 CrossOver-
#51455797	REDUCE cov: 3769 ft: 11934 corp: 5807/557Kb lim: 4096 exec/s: 62295 rss: 706Mb L: 58/3754 MS: 2 ChangeBinInt-EraseBytes-
#51489168	REDUCE cov: 3769 ft: 11934 corp: 5807/557Kb lim: 4096 exec/s: 62260 rss: 706Mb L: 313/3754 MS: 1 EraseBytes-
#51506471	REDUCE cov: 3769 ft: 11934 corp: 5807/557Kb lim: 4096 exec/s: 62281 rss: 706Mb L: 130/3754 MS: 1 EraseBytes-
#51539797	REDUCE cov: 3769 ft: 11934 corp: 5807/557Kb lim: 4096 exec/s: 62246 rss: 706Mb L: 51/3754 MS: 1 EraseBytes-
#51544453	REDUCE cov: 3769 ft: 11934 corp: 5807/557Kb lim: 4096 exec/s: 62251 rss: 706Mb L: 359/3754 MS: 1 EraseBytes-
#51555884	REDUCE cov: 3769 ft: 11934 corp: 5807/557Kb lim: 4096 exec/s: 62265 rss: 706Mb L: 355/3754 MS: 1 EraseBytes-
#51558116	REDUCE cov: 3769 ft: 11934 corp: 5807/557Kb lim: 4096 exec/s: 62268 rss: 706Mb L: 142/3754 MS: 1 EraseBytes-
#51568793	REDUCE cov: 3769 ft: 11934 corp: 5807/557Kb lim: 4096 exec/s: 62206 rss: 706Mb L: 1264/3754 MS: 2 ChangeBit-EraseBytes-
#51589089	REDUCE cov: 3769 ft: 11934 corp: 5807/557Kb lim: 4096 exec/s: 62230 rss: 706Mb L: 1343/3754 MS: 1 EraseBytes-
#51589595	REDUCE cov: 3769 ft: 11934 corp: 5807/557Kb lim: 4096 exec/s: 62231 rss: 706Mb L: 53/3754 MS: 1 EraseBytes-
#51607292	REDUCE cov: 3769 ft: 11934 corp: 5807/557Kb lim: 4096 exec/s: 62177 rss: 706Mb L: 1125/3754 MS: 1 EraseBytes-
#51613328	REDUCE cov: 3769 ft: 11934 corp: 5807/557Kb lim: 4096 exec/s: 62184 rss: 706Mb L: 3328/3754 MS: 1 EraseBytes-
#51620764	REDUCE cov: 3769 ft: 11934 corp: 5807/557Kb lim: 4096 exec/s: 62193 rss: 706Mb L: 39/3754 MS: 1 EraseBytes-
#51630606	REDUCE cov: 3769 ft: 11934 corp: 5807/557Kb lim: 4096 exec/s: 62205 rss: 706Mb L: 38/3754 MS: 2 ChangeBinInt-EraseBytes-
#51667767	REDUCE cov: 3769 ft: 11934 corp: 5807/557Kb lim: 4096 exec/s: 62100 rss: 706Mb L: 1402/3754 MS: 1 EraseBytes-
#51673393	REDUCE cov: 3769 ft: 11934 corp: 5807/557Kb lim: 4096 exec/s: 62107 rss: 706Mb L: 145/3754 MS: 1 EraseBytes-
#51706259	REDUCE cov: 3769 ft: 11934 corp: 5807/557Kb lim: 4096 exec/s: 62146 rss: 706Mb L: 394/3754 MS: 1 EraseBytes-
#51731046	REDUCE cov: 3769 ft: 11934 corp: 5807/557Kb lim: 4096 exec/s: 62102 rss: 706Mb L: 81/3754 MS: 2 ChangeByte-EraseBytes-
#51776442	REDUCE cov: 3769 ft: 11934 corp: 5807/557Kb lim: 4096 exec/s: 62082 rss: 706Mb L: 37/3754 MS: 1 EraseBytes-
#51790078	REDUCE cov: 3769 ft: 11934 corp: 5807/557Kb lim: 4096 exec/s: 62024 rss: 706Mb L: 37/3754 MS: 1 EraseBytes-
#51797434	REDUCE cov: 3769 ft: 11934 corp: 5807/557Kb lim: 4096 exec/s: 62032 rss: 706Mb L: 129/3754 MS: 1 EraseBytes-
#51823725	REDUCE cov: 3769 ft: 11934 corp: 5807/557Kb lim: 4096 exec/s: 61990 rss: 706Mb L: 78/3754 MS: 1 EraseBytes-
#51829651	REDUCE cov: 3769 ft: 11934 corp: 5807/557Kb lim: 4096 exec/s: 61997 rss: 706Mb L: 1144/3754 MS: 1 EraseBytes-
#51829737	REDUCE cov: 3769 ft: 11934 corp: 5807/557Kb lim: 4096 exec/s: 61997 rss: 706Mb L: 70/3754 MS: 1 EraseBytes-
#51830158	REDUCE cov: 3769 ft: 11934 corp: 5807/557Kb lim: 4096 exec/s: 61997 rss: 706Mb L: 61/3754 MS: 1 EraseBytes-
#51840855	REDUCE cov: 3769 ft: 11934 corp: 5807/556Kb lim: 4096 exec/s: 62010 rss: 706Mb L: 1126/3754 MS: 2 CopyPart-EraseBytes-
#51846777	REDUCE cov: 3769 ft: 11934 corp: 5807/556Kb lim: 4096 exec/s: 62017 rss: 706Mb L: 343/3754 MS: 2 ShuffleBytes-EraseBytes-
#51847528	REDUCE cov: 3769 ft: 11934 corp: 5807/556Kb lim: 4096 exec/s: 62018 rss: 706Mb L: 1116/3754 MS: 1 EraseBytes-
#51861804	REDUCE cov: 3769 ft: 11934 corp: 5807/556Kb lim: 4096 exec/s: 62035 rss: 706Mb L: 34/3754 MS: 1 EraseBytes-
#51863526	REDUCE cov: 3769 ft: 11934 corp: 5807/556Kb lim: 4096 exec/s: 61963 rss: 706Mb L: 312/3754 MS: 2 ChangeASCIIInt-EraseBytes-
#51867242	REDUCE cov: 3769 ft: 11934 corp: 5807/556Kb lim: 4096 exec/s: 61968 rss: 706Mb L: 340/3754 MS: 1 EraseBytes-
#51879901	REDUCE cov: 3769 ft: 11934 corp: 5807/556Kb lim: 4096 exec/s: 61983 rss: 706Mb L: 165/3754 MS: 1 EraseBytes-
#51881268	REDUCE cov: 3769 ft: 11934 corp: 5807/556Kb lim: 4096 exec/s: 61984 rss: 706Mb L: 36/3754 MS: 2 CopyPart-EraseBytes-
#51887304	REDUCE cov: 3769 ft: 11934 corp: 5807/556Kb lim: 4096 exec/s: 61992 rss: 706Mb L: 547/3754 MS: 1 EraseBytes-
#51928906	REDUCE cov: 3769 ft: 11934 corp: 5807/556Kb lim: 4096 exec/s: 61967 rss: 706Mb L: 337/3754 MS: 2 CopyPart-EraseBytes-
#51931857	REDUCE cov: 3769 ft: 11934 corp: 5807/556Kb lim: 4096 exec/s: 61971 rss: 706Mb L: 329/3754 MS: 1 EraseBytes-
#51949623	REDUCE cov: 3769 ft: 11934 corp: 5807/556Kb lim: 4096 exec/s: 61918 rss: 706Mb L: 90/3754 MS: 1 EraseBytes-
#51960629	REDUCE cov: 3769 ft: 11934 corp: 5807/556Kb lim: 4096 exec/s: 61931 rss: 706Mb L: 74/3754 MS: 1 EraseBytes-
#51965520	REDUCE cov: 3769 ft: 11934 corp: 5807/556Kb lim: 4096 exec/s: 61937 rss: 706Mb L: 233/3754 MS: 1 EraseBytes-
#51968977	REDUCE cov: 3769 ft: 11934 corp: 5807/556Kb lim: 4096 exec/s: 61941 rss: 706Mb L: 839/3754 MS: 2 InsertByte-EraseBytes-
#51976943	REDUCE cov: 3769 ft: 11934 corp: 5807/556Kb lim: 4096 exec/s: 61951 rss: 706Mb L: 79/3754 MS: 1 EraseBytes-
#51978934	REDUCE cov: 3769 ft: 11934 corp: 5807/556Kb lim: 4096 exec/s: 61953 rss: 706Mb L: 3446/3754 MS: 1 EraseBytes-
#51981348	REDUCE cov: 3769 ft: 11934 corp: 5807/556Kb lim: 4096 exec/s: 61882 rss: 706Mb L: 2500/3754 MS: 2 ChangeASCIIInt-EraseBytes-
#52007344	REDUCE cov: 3769 ft: 11934 corp: 5807/556Kb lim: 4096 exec/s: 61913 rss: 706Mb L: 221/3754 MS: 1 EraseBytes-
#52020616	REDUCE cov: 3769 ft: 11934 corp: 5807/556Kb lim: 4096 exec/s: 61929 rss: 706Mb L: 1113/3754 MS: 2 ShuffleBytes-EraseBytes-
#52056072	REDUCE cov: 3769 ft: 11934 corp: 5807/556Kb lim: 4096 exec/s: 61897 rss: 706Mb L: 1319/3754 MS: 1 EraseBytes-
#52057008	REDUCE cov: 3769 ft: 11934 corp: 5807/556Kb lim: 4096 exec/s: 61898 rss: 706Mb L: 612/3754 MS: 1 EraseBytes-
#52057646	REDUCE cov: 3769 ft: 11934 corp: 5807/556Kb lim: 4096 exec/s: 61899 rss: 706Mb L: 284/3754 MS: 3 ChangeBit-ShuffleBytes-EraseBytes-
#52079402	REDUCE cov: 3769 ft: 11934 corp: 5807/556Kb lim: 4096 exec/s: 61852 rss: 706Mb L: 128/3754 MS: 1 EraseBytes-
#52084503	REDUCE cov: 3769 ft: 11934 corp: 5807/556Kb lim: 4096 exec/s: 61858 rss: 706Mb L: 695/3754 MS: 1 EraseBytes-
#52085245	REDUCE cov: 3769 ft: 11934 corp: 5807/556Kb lim: 4096 exec/s: 61858 rss: 706Mb L: 224/3754 MS: 2 ChangeASCIIInt-EraseBytes-
#52089276	REDUCE cov: 3769 ft: 11934 corp: 5807/556Kb lim: 4096 exec/s: 61863 rss: 706Mb L: 311/3754 MS: 1 EraseBytes-
#52092103	REDUCE cov: 3769 ft: 11934 corp: 5807/556Kb lim: 4096 exec/s: 61867 rss: 706Mb L: 85/3754 MS: 2 PersAutoDict-EraseBytes- DE: "\000\000\000\000"-
#52094590	REDUCE cov: 3769 ft: 11934 corp: 5807/556Kb lim: 4096 exec/s: 61870 rss: 706Mb L: 258/3754 MS: 2 ChangeBit-EraseBytes-
#52109101	REDUCE cov: 3769 ft: 11934 corp: 5807/556Kb lim: 4096 exec/s: 61813 rss: 706Mb L: 2542/3754 MS: 1 EraseBytes-
#52113737	REDUCE cov: 3769 ft: 11934 corp: 5807/556Kb lim: 4096 exec/s: 61819 rss: 706Mb L: 802/3754 MS: 1 EraseBytes-
#52133484	REDUCE cov: 3769 ft: 11934 corp: 5807/556Kb lim: 4096 exec/s: 61842 rss: 706Mb L: 186/3754 MS: 2 ChangeByte-EraseBytes-
#52154410	REDUCE cov: 3769 ft: 11934 corp: 5807/556Kb lim: 4096 exec/s: 61794 rss: 706Mb L: 127/3754 MS: 1 EraseBytes-
#52163396	REDUCE cov: 3769 ft: 11934 corp: 5807/556Kb lim: 4096 exec/s: 61804 rss: 706Mb L: 1110/3754 MS: 1 EraseBytes-
#52163397	REDUCE cov: 3769 ft: 11934 corp: 5807/556Kb lim: 4096 exec/s: 61804 rss: 706Mb L: 2542/3754 MS: 1 EraseBytes-
#52165838	REDUCE cov: 3769 ft: 11934 corp: 5807/556Kb lim: 4096 exec/s: 61807 rss: 706Mb L: 55/3754 MS: 1 EraseBytes-
#52166309	REDUCE cov: 3769 ft: 11934 corp: 5807/556Kb lim: 4096 exec/s: 61808 rss: 706Mb L: 126/3754 MS: 1 EraseBytes-
#52179805	REDUCE cov: 3769 ft: 11934 corp: 5807/556Kb lim: 4096 exec/s: 61824 rss: 706Mb L: 2540/3754 MS: 1 EraseBytes-
#52198508	REDUCE cov: 3769 ft: 11934 corp: 5807/556Kb lim: 4096 exec/s: 61773 rss: 706Mb L: 134/3754 MS: 1 EraseBytes-
#52201534	REDUCE cov: 3769 ft: 11934 corp: 5807/556Kb lim: 4096 exec/s: 61776 rss: 706Mb L: 90/3754 MS: 1 EraseBytes-
#52213835	REDUCE cov: 3769 ft: 11934 corp: 5807/556Kb lim: 4096 exec/s: 61718 rss: 706Mb L: 88/3754 MS: 1 EraseBytes-
#52231667	REDUCE cov: 3769 ft: 11934 corp: 5807/556Kb lim: 4096 exec/s: 61666 rss: 706Mb L: 146/3754 MS: 1 EraseBytes-
#52235138	REDUCE cov: 3769 ft: 11934 corp: 5807/556Kb lim: 4096 exec/s: 61670 rss: 706Mb L: 1091/3754 MS: 1 EraseBytes-
#52235159	REDUCE cov: 3769 ft: 11934 corp: 5807/556Kb lim: 4096 exec/s: 61670 rss: 706Mb L: 35/3754 MS: 1 EraseBytes-
#52244950	REDUCE cov: 3769 ft: 11934 corp: 5807/556Kb lim: 4096 exec/s: 61682 rss: 706Mb L: 393/3754 MS: 1 EraseBytes-
#52265546	REDUCE cov: 3769 ft: 11934 corp: 5807/556Kb lim: 4096 exec/s: 61633 rss: 706Mb L: 55/3754 MS: 1 EraseBytes-
#52268037	REDUCE cov: 3769 ft: 11934 corp: 5807/556Kb lim: 4096 exec/s: 61636 rss: 706Mb L: 609/3754 MS: 1 EraseBytes-
#52300753	REDUCE cov: 3769 ft: 11934 corp: 5807/556Kb lim: 4096 exec/s: 61602 rss: 706Mb L: 240/3754 MS: 1 EraseBytes-
#52313630	REDUCE cov: 3769 ft: 11934 corp: 5807/556Kb lim: 4096 exec/s: 61617 rss: 706Mb L: 1840/3754 MS: 2 CMP-EraseBytes- DE: "\001\000\000\000\000\000\000i"-
#52327256	REDUCE cov: 3769 ft: 11934 corp: 5807/556Kb lim: 4096 exec/s: 61561 rss: 706Mb L: 355/3754 MS: 1 EraseBytes-
#52334472	REDUCE cov: 3769 ft: 11934 corp: 5807/556Kb lim: 4096 exec/s: 61569 rss: 706Mb L: 241/3754 MS: 1 EraseBytes-
#52351163	REDUCE cov: 3769 ft: 11934 corp: 5807/556Kb lim: 4096 exec/s: 61589 rss: 706Mb L: 88/3754 MS: 1 EraseBytes-
#52379425	REDUCE cov: 3769 ft: 11934 corp: 5807/556Kb lim: 4096 exec/s: 61550 rss: 706Mb L: 325/3754 MS: 2 ChangeASCIIInt-EraseBytes-
#52379861	REDUCE cov: 3769 ft: 11934 corp: 5807/556Kb lim: 4096 exec/s: 61550 rss: 706Mb L: 535/3754 MS: 1 EraseBytes-
#52388322	REDUCE cov: 3769 ft: 11934 corp: 5807/556Kb lim: 4096 exec/s: 61488 rss: 706Mb L: 120/3754 MS: 1 EraseBytes-
#52391888	REDUCE cov: 3769 ft: 11934 corp: 5807/556Kb lim: 4096 exec/s: 61492 rss: 706Mb L: 1822/3754 MS: 1 EraseBytes-
#52401704	REDUCE cov: 3769 ft: 11934 corp: 5807/556Kb lim: 4096 exec/s: 61432 rss: 706Mb L: 84/3754 MS: 1 EraseBytes-
#52407220	REDUCE cov: 3769 ft: 11934 corp: 5807/556Kb lim: 4096 exec/s: 61438 rss: 706Mb L: 309/3754 MS: 1 EraseBytes-
#52437591	REDUCE cov: 3769 ft: 11934 corp: 5807/556Kb lim: 4096 exec/s: 61402 rss: 706Mb L: 1610/3754 MS: 1 EraseBytes-
#52475613	REDUCE cov: 3769 ft: 11934 corp: 5807/556Kb lim: 4096 exec/s: 61374 rss: 706Mb L: 163/3754 MS: 2 CopyPart-EraseBytes-
#52493549	REDUCE cov: 3769 ft: 11934 corp: 5807/556Kb lim: 4096 exec/s: 61324 rss: 706Mb L: 322/3754 MS: 1 EraseBytes-
#52522471	REDUCE cov: 3769 ft: 11934 corp: 5807/556Kb lim: 4096 exec/s: 61286 rss: 706Mb L: 1805/3754 MS: 2 ShuffleBytes-EraseBytes-
#52524027	REDUCE cov: 3769 ft: 11934 corp: 5807/556Kb lim: 4096 exec/s: 61288 rss: 706Mb L: 1764/3754 MS: 1 EraseBytes-
#52549209	REDUCE cov: 3769 ft: 11934 corp: 5807/556Kb lim: 4096 exec/s: 61246 rss: 706Mb L: 606/3754 MS: 1 EraseBytes-
#52559175	REDUCE cov: 3769 ft: 11934 corp: 5807/556Kb lim: 4096 exec/s: 61257 rss: 706Mb L: 306/3754 MS: 1 EraseBytes-
#52566001	REDUCE cov: 3769 ft: 11934 corp: 5807/556Kb lim: 4096 exec/s: 61265 rss: 706Mb L: 305/3754 MS: 1 EraseBytes-
#52573702	REDUCE cov: 3769 ft: 11934 corp: 5807/556Kb lim: 4096 exec/s: 61274 rss: 706Mb L: 2522/3754 MS: 1 EraseBytes-
#52580433	REDUCE cov: 3769 ft: 11934 corp: 5807/556Kb lim: 4096 exec/s: 61282 rss: 706Mb L: 116/3754 MS: 1 EraseBytes-
#52584259	REDUCE cov: 3769 ft: 11934 corp: 5807/556Kb lim: 4096 exec/s: 61287 rss: 706Mb L: 1124/3754 MS: 1 EraseBytes-
#52614436	REDUCE cov: 3769 ft: 11934 corp: 5807/556Kb lim: 4096 exec/s: 61250 rss: 706Mb L: 1318/3754 MS: 1 EraseBytes-
#52617867	REDUCE cov: 3769 ft: 11934 corp: 5807/556Kb lim: 4096 exec/s: 61254 rss: 706Mb L: 3431/3754 MS: 1 EraseBytes-
#52627798	REDUCE cov: 3769 ft: 11934 corp: 5807/556Kb lim: 4096 exec/s: 61195 rss: 706Mb L: 152/3754 MS: 1 EraseBytes-
#52661899	REDUCE cov: 3769 ft: 11934 corp: 5807/556Kb lim: 4096 exec/s: 61163 rss: 706Mb L: 391/3754 MS: 1 EraseBytes-
#52665280	REDUCE cov: 3769 ft: 11934 corp: 5807/556Kb lim: 4096 exec/s: 61167 rss: 706Mb L: 48/3754 MS: 1 EraseBytes-
#52668706	REDUCE cov: 3769 ft: 11934 corp: 5807/556Kb lim: 4096 exec/s: 61171 rss: 706Mb L: 308/3754 MS: 1 EraseBytes-
#52672222	REDUCE cov: 3769 ft: 11934 corp: 5807/556Kb lim: 4096 exec/s: 61175 rss: 706Mb L: 50/3754 MS: 1 EraseBytes-
#52697648	REDUCE cov: 3769 ft: 11934 corp: 5807/556Kb lim: 4096 exec/s: 61205 rss: 706Mb L: 160/3754 MS: 1 EraseBytes-
#52727239	REDUCE cov: 3769 ft: 11934 corp: 5807/556Kb lim: 4096 exec/s: 61168 rss: 706Mb L: 307/3754 MS: 1 EraseBytes-
#52733006	REDUCE cov: 3769 ft: 11934 corp: 5807/556Kb lim: 4096 exec/s: 61175 rss: 706Mb L: 97/3754 MS: 2 ShuffleBytes-EraseBytes-
#52736104	REDUCE cov: 3769 ft: 11934 corp: 5807/556Kb lim: 4096 exec/s: 61178 rss: 706Mb L: 399/3754 MS: 3 ChangeASCIIInt-ChangeByte-EraseBytes-
#52800341	REDUCE cov: 3769 ft: 11934 corp: 5807/556Kb lim: 4096 exec/s: 61111 rss: 706Mb L: 205/3754 MS: 1 EraseBytes-
#52809682	REDUCE cov: 3769 ft: 11934 corp: 5807/556Kb lim: 4096 exec/s: 61051 rss: 706Mb L: 392/3754 MS: 1 EraseBytes-
#52832784	REDUCE cov: 3769 ft: 11934 corp: 5807/556Kb lim: 4096 exec/s: 61078 rss: 706Mb L: 218/3754 MS: 2 ChangeASCIIInt-EraseBytes-
#52862385	REDUCE cov: 3769 ft: 11934 corp: 5807/556Kb lim: 4096 exec/s: 61042 rss: 706Mb L: 232/3754 MS: 1 EraseBytes-
#52878976	REDUCE cov: 3769 ft: 11934 corp: 5807/556Kb lim: 4096 exec/s: 60990 rss: 706Mb L: 390/3754 MS: 1 EraseBytes-
#52899739	REDUCE cov: 3769 ft: 11934 corp: 5807/556Kb lim: 4096 exec/s: 60944 rss: 706Mb L: 1733/3754 MS: 3 ChangeASCIIInt-ChangeASCIIInt-EraseBytes-
#52902030	REDUCE cov: 3769 ft: 11934 corp: 5807/556Kb lim: 4096 exec/s: 60947 rss: 706Mb L: 1086/3754 MS: 1 EraseBytes-
#52908101	REDUCE cov: 3769 ft: 11934 corp: 5807/556Kb lim: 4096 exec/s: 60954 rss: 706Mb L: 550/3754 MS: 1 EraseBytes-
#52914092	REDUCE cov: 3769 ft: 11934 corp: 5807/556Kb lim: 4096 exec/s: 60960 rss: 706Mb L: 1122/3754 MS: 1 EraseBytes-
#52920683	REDUCE cov: 3769 ft: 11934 corp: 5807/556Kb lim: 4096 exec/s: 60968 rss: 706Mb L: 35/3754 MS: 1 EraseBytes-
#52949644	REDUCE cov: 3769 ft: 11934 corp: 5807/556Kb lim: 4096 exec/s: 60931 rss: 706Mb L: 1728/3754 MS: 1 EraseBytes-
#53039080	REDUCE cov: 3769 ft: 11934 corp: 5807/556Kb lim: 4096 exec/s: 60894 rss: 706Mb L: 184/3754 MS: 1 EraseBytes-
#53053246	REDUCE cov: 3769 ft: 11934 corp: 5807/556Kb lim: 4096 exec/s: 60840 rss: 706Mb L: 185/3754 MS: 1 EraseBytes-
#53056842	REDUCE cov: 3769 ft: 11934 corp: 5807/556Kb lim: 4096 exec/s: 60845 rss: 706Mb L: 306/3754 MS: 1 EraseBytes-
#53077493	REDUCE cov: 3769 ft: 11934 corp: 5807/556Kb lim: 4096 exec/s: 60868 rss: 706Mb L: 1711/3754 MS: 1 EraseBytes-
#53087980	REDUCE cov: 3769 ft: 11934 corp: 5807/556Kb lim: 4096 exec/s: 60810 rss: 706Mb L: 80/3754 MS: 2 ChangeASCIIInt-EraseBytes-
#53089421	REDUCE cov: 3769 ft: 11934 corp: 5807/556Kb lim: 4096 exec/s: 60812 rss: 706Mb L: 1784/3754 MS: 1 EraseBytes-
#53204414	REDUCE cov: 3769 ft: 11934 corp: 5807/556Kb lim: 4096 exec/s: 60805 rss: 706Mb L: 182/3754 MS: 3 InsertByte-CopyPart-EraseBytes-
#53228291	REDUCE cov: 3769 ft: 11934 corp: 5807/556Kb lim: 4096 exec/s: 60762 rss: 706Mb L: 2468/3754 MS: 2 InsertByte-CrossOver-
#53257603	REDUCE cov: 3769 ft: 11934 corp: 5807/556Kb lim: 4096 exec/s: 60727 rss: 706Mb L: 184/3754 MS: 2 ChangeASCIIInt-EraseBytes-
#53285294	REDUCE cov: 3769 ft: 11934 corp: 5807/556Kb lim: 4096 exec/s: 60689 rss: 706Mb L: 66/3754 MS: 1 EraseBytes-
#53291606	REDUCE cov: 3769 ft: 11934 corp: 5807/556Kb lim: 4096 exec/s: 60696 rss: 706Mb L: 387/3754 MS: 2 ChangeASCIIInt-EraseBytes-
#53294610	REDUCE cov: 3769 ft: 11934 corp: 5807/556Kb lim: 4096 exec/s: 60700 rss: 706Mb L: 2419/3754 MS: 4 ChangeASCIIInt-ChangeASCIIInt-ShuffleBytes-EraseBytes-
#53300541	REDUCE cov: 3769 ft: 11934 corp: 5807/556Kb lim: 4096 exec/s: 60706 rss: 706Mb L: 183/3754 MS: 1 EraseBytes-
#53308887	REDUCE cov: 3769 ft: 11934 corp: 5807/555Kb lim: 4096 exec/s: 60716 rss: 706Mb L: 2332/3754 MS: 1 EraseBytes-
#53313698	REDUCE cov: 3769 ft: 11934 corp: 5807/555Kb lim: 4096 exec/s: 60721 rss: 706Mb L: 115/3754 MS: 1 EraseBytes-
#53313974	REDUCE cov: 3769 ft: 11934 corp: 5807/555Kb lim: 4096 exec/s: 60722 rss: 706Mb L: 3093/3754 MS: 1 EraseBytes-
#53318608	REDUCE cov: 3769 ft: 11934 corp: 5807/555Kb lim: 4096 exec/s: 60658 rss: 706Mb L: 1377/3754 MS: 1 EraseBytes-
#53321499	REDUCE cov: 3769 ft: 11934 corp: 5807/555Kb lim: 4096 exec/s: 60661 rss: 706Mb L: 3327/3754 MS: 1 EraseBytes-
#53329095	REDUCE cov: 3769 ft: 11934 corp: 5807/555Kb lim: 4096 exec/s: 60670 rss: 706Mb L: 387/3754 MS: 1 EraseBytes-
#53332046	REDUCE cov: 3769 ft: 11934 corp: 5807/555Kb lim: 4096 exec/s: 60673 rss: 706Mb L: 37/3754 MS: 1 EraseBytes-
#53337137	REDUCE cov: 3769 ft: 11934 corp: 5807/555Kb lim: 4096 exec/s: 60679 rss: 706Mb L: 67/3754 MS: 1 EraseBytes-
#53356009	REDUCE cov: 3769 ft: 11934 corp: 5807/555Kb lim: 4096 exec/s: 60700 rss: 706Mb L: 386/3754 MS: 2 ShuffleBytes-EraseBytes-
#53368242	REDUCE cov: 3769 ft: 11934 corp: 5807/555Kb lim: 4096 exec/s: 60645 rss: 706Mb L: 303/3754 MS: 3 ShuffleBytes-InsertByte-EraseBytes-
#53393160	REDUCE cov: 3769 ft: 11934 corp: 5807/555Kb lim: 4096 exec/s: 60674 rss: 706Mb L: 1099/3754 MS: 1 EraseBytes-
#53427028	REDUCE cov: 3769 ft: 11934 corp: 5807/555Kb lim: 4096 exec/s: 60643 rss: 706Mb L: 2272/3754 MS: 3 InsertByte-ChangeBinInt-EraseBytes-
#53429479	REDUCE cov: 3769 ft: 11934 corp: 5807/555Kb lim: 4096 exec/s: 60646 rss: 706Mb L: 1101/3754 MS: 1 EraseBytes-
#53457915	REDUCE cov: 3769 ft: 11934 corp: 5807/555Kb lim: 4096 exec/s: 60609 rss: 706Mb L: 280/3754 MS: 1 EraseBytes-
#53459471	REDUCE cov: 3769 ft: 11934 corp: 5807/555Kb lim: 4096 exec/s: 60611 rss: 706Mb L: 276/3754 MS: 1 EraseBytes-
#53484168	REDUCE cov: 3769 ft: 11934 corp: 5807/555Kb lim: 4096 exec/s: 60570 rss: 706Mb L: 1084/3754 MS: 1 EraseBytes-
#53486814	REDUCE cov: 3769 ft: 11934 corp: 5807/555Kb lim: 4096 exec/s: 60573 rss: 706Mb L: 52/3754 MS: 1 EraseBytes-
#53511365	REDUCE cov: 3769 ft: 11934 corp: 5807/555Kb lim: 4096 exec/s: 60601 rss: 706Mb L: 89/3754 MS: 1 EraseBytes-
#53520063	REDUCE cov: 3769 ft: 11936 corp: 5808/555Kb lim: 4096 exec/s: 60543 rss: 706Mb L: 245/3754 MS: 3 CopyPart-ChangeASCIIInt-CopyPart-
#53522344	REDUCE cov: 3769 ft: 11936 corp: 5808/555Kb lim: 4096 exec/s: 60545 rss: 706Mb L: 1077/3754 MS: 1 EraseBytes-
#53525635	REDUCE cov: 3769 ft: 11936 corp: 5808/555Kb lim: 4096 exec/s: 60549 rss: 706Mb L: 605/3754 MS: 1 EraseBytes-
#53526366	REDUCE cov: 3769 ft: 11936 corp: 5808/555Kb lim: 4096 exec/s: 60550 rss: 706Mb L: 274/3754 MS: 1 EraseBytes-
#53553665	REDUCE cov: 3769 ft: 11936 corp: 5808/555Kb lim: 4096 exec/s: 60512 rss: 706Mb L: 228/3754 MS: 1 EraseBytes-
#53560656	REDUCE cov: 3769 ft: 11936 corp: 5808/555Kb lim: 4096 exec/s: 60520 rss: 706Mb L: 225/3754 MS: 1 EraseBytes-
#53564973	REDUCE cov: 3769 ft: 11936 corp: 5808/555Kb lim: 4096 exec/s: 60525 rss: 706Mb L: 598/3754 MS: 2 ChangeByte-EraseBytes-
#53583174	REDUCE cov: 3769 ft: 11936 corp: 5808/555Kb lim: 4096 exec/s: 60545 rss: 706Mb L: 68/3754 MS: 1 EraseBytes-
#53598105	REDUCE cov: 3769 ft: 11936 corp: 5808/555Kb lim: 4096 exec/s: 60494 rss: 706Mb L: 59/3754 MS: 1 EraseBytes-
#53601191	REDUCE cov: 3769 ft: 11936 corp: 5808/555Kb lim: 4096 exec/s: 60497 rss: 706Mb L: 1269/3754 MS: 1 EraseBytes-
#53606157	REDUCE cov: 3769 ft: 11936 corp: 5808/555Kb lim: 4096 exec/s: 60503 rss: 706Mb L: 192/3754 MS: 1 EraseBytes-
#53619023	REDUCE cov: 3769 ft: 11936 corp: 5808/555Kb lim: 4096 exec/s: 60518 rss: 706Mb L: 383/3754 MS: 1 EraseBytes-
#53631114	REDUCE cov: 3769 ft: 11936 corp: 5808/555Kb lim: 4096 exec/s: 60531 rss: 706Mb L: 1709/3754 MS: 1 EraseBytes-
#53634216	REDUCE cov: 3769 ft: 11936 corp: 5808/555Kb lim: 4096 exec/s: 60466 rss: 706Mb L: 787/3754 MS: 2 EraseBytes-CopyPart-
#53637777	REDUCE cov: 3769 ft: 11936 corp: 5808/555Kb lim: 4096 exec/s: 60471 rss: 706Mb L: 1373/3754 MS: 1 EraseBytes-
#53660095	REDUCE cov: 3769 ft: 11938 corp: 5809/556Kb lim: 4096 exec/s: 60428 rss: 706Mb L: 346/3754 MS: 3 ChangeBinInt-CrossOver-CopyPart-
#53665831	REDUCE cov: 3769 ft: 11938 corp: 5809/556Kb lim: 4096 exec/s: 60434 rss: 706Mb L: 81/3754 MS: 1 EraseBytes-
#53674708	REDUCE cov: 3769 ft: 11938 corp: 5809/556Kb lim: 4096 exec/s: 60444 rss: 706Mb L: 182/3754 MS: 2 PersAutoDict-EraseBytes- DE: "\013\000\000\000"-
#53674809	REDUCE cov: 3769 ft: 11938 corp: 5809/556Kb lim: 4096 exec/s: 60444 rss: 706Mb L: 47/3754 MS: 1 EraseBytes-
#53692190	REDUCE cov: 3769 ft: 11938 corp: 5809/556Kb lim: 4096 exec/s: 60464 rss: 706Mb L: 3325/3754 MS: 1 EraseBytes-
#53706596	REDUCE cov: 3769 ft: 11938 corp: 5809/556Kb lim: 4096 exec/s: 60412 rss: 706Mb L: 568/3754 MS: 1 EraseBytes-
#53716832	REDUCE cov: 3769 ft: 11938 corp: 5809/556Kb lim: 4096 exec/s: 60423 rss: 706Mb L: 602/3754 MS: 1 EraseBytes-
#53726328	REDUCE cov: 3769 ft: 11938 corp: 5809/556Kb lim: 4096 exec/s: 60434 rss: 706Mb L: 2486/3754 MS: 1 EraseBytes-
#53765004	REDUCE cov: 3769 ft: 11938 corp: 5809/556Kb lim: 4096 exec/s: 60410 rss: 706Mb L: 66/3754 MS: 1 EraseBytes-
#53787546	REDUCE cov: 3769 ft: 11938 corp: 5809/556Kb lim: 4096 exec/s: 60367 rss: 706Mb L: 150/3754 MS: 2 EraseBytes-ChangeBinInt-
#53822027	REDUCE cov: 3769 ft: 11938 corp: 5809/556Kb lim: 4096 exec/s: 60338 rss: 706Mb L: 113/3754 MS: 1 EraseBytes-
#53844959	REDUCE cov: 3769 ft: 11938 corp: 5809/556Kb lim: 4096 exec/s: 60364 rss: 706Mb L: 112/3754 MS: 2 ShuffleBytes-EraseBytes-
#53847775	REDUCE cov: 3769 ft: 11938 corp: 5809/556Kb lim: 4096 exec/s: 60367 rss: 706Mb L: 76/3754 MS: 1 EraseBytes-
#53862217	REDUCE cov: 3769 ft: 11938 corp: 5809/556Kb lim: 4096 exec/s: 60316 rss: 706Mb L: 3322/3754 MS: 1 EraseBytes-
#53869703	REDUCE cov: 3769 ft: 11938 corp: 5809/556Kb lim: 4096 exec/s: 60324 rss: 706Mb L: 301/3754 MS: 1 EraseBytes-
#53874070	REDUCE cov: 3769 ft: 11938 corp: 5809/556Kb lim: 4096 exec/s: 60329 rss: 706Mb L: 2759/3754 MS: 2 ChangeBit-EraseBytes-
#53890291	REDUCE cov: 3769 ft: 11938 corp: 5809/556Kb lim: 4096 exec/s: 60279 rss: 706Mb L: 472/3754 MS: 1 EraseBytes-
#53929943	REDUCE cov: 3769 ft: 11938 corp: 5809/556Kb lim: 4096 exec/s: 60256 rss: 706Mb L: 299/3754 MS: 1 EraseBytes-
#53939224	REDUCE cov: 3769 ft: 11938 corp: 5809/556Kb lim: 4096 exec/s: 60267 rss: 706Mb L: 95/3754 MS: 1 EraseBytes-
#53943575	REDUCE cov: 3769 ft: 11938 corp: 5809/556Kb lim: 4096 exec/s: 60272 rss: 706Mb L: 2486/3754 MS: 1 EraseBytes-
#53946861	REDUCE cov: 3769 ft: 11938 corp: 5809/555Kb lim: 4096 exec/s: 60275 rss: 706Mb L: 364/3754 MS: 1 EraseBytes-
#53959442	REDUCE cov: 3769 ft: 11938 corp: 5809/555Kb lim: 4096 exec/s: 60289 rss: 706Mb L: 2455/3754 MS: 1 EraseBytes-
#53962668	REDUCE cov: 3769 ft: 11938 corp: 5809/555Kb lim: 4096 exec/s: 60293 rss: 706Mb L: 52/3754 MS: 1 EraseBytes-
#53980434	REDUCE cov: 3769 ft: 11938 corp: 5809/555Kb lim: 4096 exec/s: 60246 rss: 706Mb L: 279/3754 MS: 1 EraseBytes-
#53980965	REDUCE cov: 3769 ft: 11938 corp: 5809/555Kb lim: 4096 exec/s: 60246 rss: 706Mb L: 37/3754 MS: 1 EraseBytes-
#54014456	REDUCE cov: 3769 ft: 11938 corp: 5809/555Kb lim: 4096 exec/s: 60216 rss: 706Mb L: 384/3754 MS: 1 EraseBytes-
#54021647	REDUCE cov: 3769 ft: 11938 corp: 5809/555Kb lim: 4096 exec/s: 60224 rss: 706Mb L: 297/3754 MS: 1 EraseBytes-
#54028394	REDUCE cov: 3769 ft: 11938 corp: 5809/555Kb lim: 4096 exec/s: 60232 rss: 706Mb L: 109/3754 MS: 1 EraseBytes-
#54037115	REDUCE cov: 3769 ft: 11938 corp: 5809/555Kb lim: 4096 exec/s: 60242 rss: 706Mb L: 393/3754 MS: 1 EraseBytes-
#54053951	REDUCE cov: 3769 ft: 11938 corp: 5809/555Kb lim: 4096 exec/s: 60193 rss: 706Mb L: 231/3754 MS: 1 EraseBytes-
#54067552	REDUCE cov: 3769 ft: 11938 corp: 5809/555Kb lim: 4096 exec/s: 60208 rss: 706Mb L: 1354/3754 MS: 1 EraseBytes-
#54070783	REDUCE cov: 3769 ft: 11938 corp: 5809/555Kb lim: 4096 exec/s: 60212 rss: 706Mb L: 69/3754 MS: 1 EraseBytes-
#54071164	REDUCE cov: 3769 ft: 11938 corp: 5809/555Kb lim: 4096 exec/s: 60212 rss: 706Mb L: 361/3754 MS: 1 EraseBytes-
#54075872	REDUCE cov: 3769 ft: 11938 corp: 5809/555Kb lim: 4096 exec/s: 60218 rss: 706Mb L: 221/3754 MS: 3 ShuffleBytes-ChangeASCIIInt-EraseBytes-
#54098658	REDUCE cov: 3769 ft: 11938 corp: 5809/555Kb lim: 4096 exec/s: 60176 rss: 706Mb L: 91/3754 MS: 1 EraseBytes-
#54099849	REDUCE cov: 3769 ft: 11938 corp: 5809/555Kb lim: 4096 exec/s: 60177 rss: 706Mb L: 383/3754 MS: 1 EraseBytes-
#54101090	REDUCE cov: 3769 ft: 11938 corp: 5809/555Kb lim: 4096 exec/s: 60179 rss: 706Mb L: 1268/3754 MS: 1 EraseBytes-
#54112866	REDUCE cov: 3769 ft: 11938 corp: 5809/555Kb lim: 4096 exec/s: 60192 rss: 706Mb L: 573/3754 MS: 1 EraseBytes-
#54135192	REDUCE cov: 3769 ft: 11938 corp: 5809/555Kb lim: 4096 exec/s: 60217 rss: 706Mb L: 3319/3754 MS: 1 EraseBytes-
#54148423	REDUCE cov: 3769 ft: 11938 corp: 5809/555Kb lim: 4096 exec/s: 60164 rss: 706Mb L: 502/3754 MS: 1 EraseBytes-
#54184064	REDUCE cov: 3769 ft: 11938 corp: 5809/555Kb lim: 4096 exec/s: 60204 rss: 706Mb L: 1076/3754 MS: 1 EraseBytes-
#54203275	REDUCE cov: 3769 ft: 11938 corp: 5809/555Kb lim: 4096 exec/s: 60159 rss: 706Mb L: 1669/3754 MS: 1 EraseBytes-
#54231396	REDUCE cov: 3769 ft: 11938 corp: 5809/555Kb lim: 4096 exec/s: 60123 rss: 706Mb L: 169/3754 MS: 1 EraseBytes-
#54264928	REDUCE cov: 3769 ft: 11938 corp: 5809/555Kb lim: 4096 exec/s: 60094 rss: 706Mb L: 1262/3754 MS: 2 ShuffleBytes-EraseBytes-
#54268589	REDUCE cov: 3769 ft: 11938 corp: 5809/555Kb lim: 4096 exec/s: 60098 rss: 706Mb L: 120/3754 MS: 1 EraseBytes-
#54286705	REDUCE cov: 3769 ft: 11938 corp: 5809/555Kb lim: 4096 exec/s: 60118 rss: 706Mb L: 99/3754 MS: 1 EraseBytes-
#54302366	REDUCE cov: 3769 ft: 11938 corp: 5809/555Kb lim: 4096 exec/s: 60068 rss: 706Mb L: 1042/3754 MS: 1 EraseBytes-
#54315332	REDUCE cov: 3769 ft: 11938 corp: 5809/555Kb lim: 4096 exec/s: 60083 rss: 706Mb L: 1313/3754 MS: 1 EraseBytes-
#54318628	REDUCE cov: 3769 ft: 11938 corp: 5809/555Kb lim: 4096 exec/s: 60086 rss: 706Mb L: 1690/3754 MS: 1 EraseBytes-
#54319989	REDUCE cov: 3769 ft: 11938 corp: 5809/555Kb lim: 4096 exec/s: 60088 rss: 706Mb L: 868/3754 MS: 1 EraseBytes-
#54340175	REDUCE cov: 3769 ft: 11938 corp: 5809/555Kb lim: 4096 exec/s: 60044 rss: 706Mb L: 2244/3754 MS: 1 EraseBytes-
#54353101	REDUCE cov: 3769 ft: 11938 corp: 5809/555Kb lim: 4096 exec/s: 60058 rss: 706Mb L: 358/3754 MS: 1 EraseBytes-
#54355192	REDUCE cov: 3769 ft: 11938 corp: 5809/555Kb lim: 4096 exec/s: 60060 rss: 706Mb L: 3430/3754 MS: 1 EraseBytes-
#54365413	REDUCE cov: 3769 ft: 11938 corp: 5809/555Kb lim: 4096 exec/s: 60005 rss: 706Mb L: 229/3754 MS: 1 EraseBytes-
#54379759	REDUCE cov: 3769 ft: 11938 corp: 5809/555Kb lim: 4096 exec/s: 60021 rss: 706Mb L: 57/3754 MS: 1 EraseBytes-
#54407075	REDUCE cov: 3769 ft: 11938 corp: 5809/555Kb lim: 4096 exec/s: 59985 rss: 706Mb L: 74/3754 MS: 1 EraseBytes-
#54420357	REDUCE cov: 3769 ft: 11938 corp: 5809/555Kb lim: 4096 exec/s: 60000 rss: 706Mb L: 341/3754 MS: 2 ChangeASCIIInt-EraseBytes-
#54452853	REDUCE cov: 3769 ft: 11938 corp: 5809/555Kb lim: 4096 exec/s: 59970 rss: 706Mb L: 1637/3754 MS: 1 EraseBytes-
#54485439	REDUCE cov: 3769 ft: 11938 corp: 5809/555Kb lim: 4096 exec/s: 59939 rss: 706Mb L: 337/3754 MS: 1 EraseBytes-
#54545856	REDUCE cov: 3769 ft: 11938 corp: 5809/555Kb lim: 4096 exec/s: 59940 rss: 706Mb L: 340/3754 MS: 1 EraseBytes-
#54545993	REDUCE cov: 3770 ft: 11939 corp: 5810/555Kb lim: 4096 exec/s: 59940 rss: 706Mb L: 59/3754 MS: 2 ShuffleBytes-CMP- DE: "anchored"-
#54546639	REDUCE cov: 3770 ft: 11939 corp: 5810/555Kb lim: 4096 exec/s: 59941 rss: 706Mb L: 2199/3754 MS: 1 EraseBytes-
#54551920	REDUCE cov: 3770 ft: 11939 corp: 5810/555Kb lim: 4096 exec/s: 59881 rss: 706Mb L: 93/3754 MS: 1 EraseBytes-
#54568256	REDUCE cov: 3770 ft: 11939 corp: 5810/555Kb lim: 4096 exec/s: 59899 rss: 706Mb L: 123/3754 MS: 1 EraseBytes-
#54608052	REDUCE cov: 3770 ft: 11939 corp: 5810/555Kb lim: 4096 exec/s: 59811 rss: 706Mb L: 108/3754 MS: 1 EraseBytes-
#54624133	REDUCE cov: 3770 ft: 11939 corp: 5810/555Kb lim: 4096 exec/s: 59829 rss: 706Mb L: 36/3754 MS: 1 EraseBytes-
#54646554	REDUCE cov: 3770 ft: 11939 corp: 5810/555Kb lim: 4096 exec/s: 59853 rss: 706Mb L: 1101/3754 MS: 1 EraseBytes-
#54666130	REDUCE cov: 3770 ft: 11939 corp: 5810/555Kb lim: 4096 exec/s: 59809 rss: 706Mb L: 64/3754 MS: 1 EraseBytes-
#54667792	REDUCE cov: 3770 ft: 11939 corp: 5810/555Kb lim: 4096 exec/s: 59811 rss: 706Mb L: 2454/3754 MS: 2 ChangeASCIIInt-EraseBytes-
#54720600	REDUCE cov: 3770 ft: 11939 corp: 5810/555Kb lim: 4096 exec/s: 59738 rss: 706Mb L: 427/3754 MS: 3 ChangeASCIIInt-ChangeASCIIInt-EraseBytes-
#54740651	REDUCE cov: 3770 ft: 11939 corp: 5810/555Kb lim: 4096 exec/s: 59760 rss: 706Mb L: 1021/3754 MS: 1 EraseBytes-
#54747992	REDUCE cov: 3770 ft: 11939 corp: 5810/555Kb lim: 4096 exec/s: 59768 rss: 706Mb L: 590/3754 MS: 1 EraseBytes-
#54749078	REDUCE cov: 3770 ft: 11939 corp: 5810/555Kb lim: 4096 exec/s: 59769 rss: 706Mb L: 864/3754 MS: 1 EraseBytes-
#54756559	REDUCE cov: 3770 ft: 11939 corp: 5810/555Kb lim: 4096 exec/s: 59712 rss: 706Mb L: 387/3754 MS: 1 EraseBytes-
#54763605	REDUCE cov: 3770 ft: 11939 corp: 5810/555Kb lim: 4096 exec/s: 59720 rss: 706Mb L: 107/3754 MS: 1 EraseBytes-
#54801082	REDUCE cov: 3770 ft: 11939 corp: 5810/555Kb lim: 4096 exec/s: 59696 rss: 706Mb L: 182/3754 MS: 2 ChangeBit-EraseBytes-
#54804088	REDUCE cov: 3770 ft: 11939 corp: 5810/555Kb lim: 4096 exec/s: 59699 rss: 706Mb L: 182/3754 MS: 1 EraseBytes-
#54811429	REDUCE cov: 3770 ft: 11939 corp: 5810/555Kb lim: 4096 exec/s: 59707 rss: 706Mb L: 92/3754 MS: 1 EraseBytes-
#54814498	REDUCE cov: 3770 ft: 11939 corp: 5810/555Kb lim: 4096 exec/s: 59710 rss: 706Mb L: 164/3754 MS: 4 CopyPart-CMP-InsertByte-EraseBytes- DE: "e\000\000\000"-
#54826779	REDUCE cov: 3770 ft: 11939 corp: 5810/555Kb lim: 4096 exec/s: 59659 rss: 706Mb L: 44/3754 MS: 1 EraseBytes-
#54920525	REDUCE cov: 3770 ft: 11939 corp: 5810/555Kb lim: 4096 exec/s: 59631 rss: 706Mb L: 335/3754 MS: 1 EraseBytes-
#54946571	REDUCE cov: 3770 ft: 11939 corp: 5810/555Kb lim: 4096 exec/s: 59659 rss: 706Mb L: 1243/3754 MS: 1 EraseBytes-
#54986632	REDUCE cov: 3770 ft: 11939 corp: 5810/555Kb lim: 4096 exec/s: 59638 rss: 706Mb L: 592/3754 MS: 1 EraseBytes-
#54991374	REDUCE cov: 3770 ft: 11939 corp: 5810/555Kb lim: 4096 exec/s: 59578 rss: 706Mb L: 267/3754 MS: 2 ChangeBit-EraseBytes-
#54998011	REDUCE cov: 3770 ft: 11939 corp: 5810/555Kb lim: 4096 exec/s: 59586 rss: 706Mb L: 2540/3754 MS: 2 ChangeASCIIInt-EraseBytes-
#55016373	REDUCE cov: 3770 ft: 11939 corp: 5810/555Kb lim: 4096 exec/s: 59541 rss: 706Mb L: 266/3754 MS: 2 ChangeASCIIInt-EraseBytes-
#55018174	REDUCE cov: 3770 ft: 11939 corp: 5810/555Kb lim: 4096 exec/s: 59543 rss: 706Mb L: 3321/3754 MS: 1 EraseBytes-
#55024865	REDUCE cov: 3770 ft: 11939 corp: 5810/555Kb lim: 4096 exec/s: 59550 rss: 706Mb L: 106/3754 MS: 1 EraseBytes-
#55057582	REDUCE cov: 3770 ft: 11939 corp: 5810/555Kb lim: 4096 exec/s: 59586 rss: 706Mb L: 257/3754 MS: 2 ChangeASCIIInt-EraseBytes-
#55087555	REDUCE cov: 3770 ft: 11939 corp: 5810/555Kb lim: 4096 exec/s: 59554 rss: 706Mb L: 2419/3754 MS: 2 InsertByte-EraseBytes-
#55097777	REDUCE cov: 3770 ft: 11939 corp: 5810/555Kb lim: 4096 exec/s: 59500 rss: 706Mb L: 470/3754 MS: 2 ChangeBit-EraseBytes-
#55097938	REDUCE cov: 3770 ft: 11939 corp: 5810/555Kb lim: 4096 exec/s: 59501 rss: 706Mb L: 89/3754 MS: 1 EraseBytes-
#55109369	REDUCE cov: 3770 ft: 11939 corp: 5810/555Kb lim: 4096 exec/s: 59513 rss: 706Mb L: 3401/3754 MS: 1 CrossOver-
#55110131	REDUCE cov: 3770 ft: 11939 corp: 5810/555Kb lim: 4096 exec/s: 59514 rss: 706Mb L: 261/3754 MS: 2 ChangeBit-EraseBytes-
#55122723	REDUCE cov: 3770 ft: 11939 corp: 5810/555Kb lim: 4096 exec/s: 59463 rss: 706Mb L: 114/3754 MS: 1 EraseBytes-
#55123589	REDUCE cov: 3770 ft: 11939 corp: 5810/555Kb lim: 4096 exec/s: 59464 rss: 706Mb L: 1167/3754 MS: 1 EraseBytes-
#55160080	REDUCE cov: 3770 ft: 11939 corp: 5810/555Kb lim: 4096 exec/s: 59503 rss: 706Mb L: 710/3754 MS: 1 EraseBytes-
#55189301	REDUCE cov: 3770 ft: 11939 corp: 5810/555Kb lim: 4096 exec/s: 59471 rss: 706Mb L: 176/3754 MS: 1 EraseBytes-
#55189922	REDUCE cov: 3770 ft: 11939 corp: 5810/555Kb lim: 4096 exec/s: 59471 rss: 706Mb L: 143/3754 MS: 1 EraseBytes-
#55240048	REDUCE cov: 3770 ft: 11939 corp: 5810/555Kb lim: 4096 exec/s: 59397 rss: 706Mb L: 3316/3754 MS: 1 EraseBytes-
#55256749	REDUCE cov: 3770 ft: 11939 corp: 5810/555Kb lim: 4096 exec/s: 59415 rss: 706Mb L: 62/3754 MS: 1 EraseBytes-
#55273045	REDUCE cov: 3770 ft: 11939 corp: 5810/555Kb lim: 4096 exec/s: 59369 rss: 706Mb L: 113/3754 MS: 1 EraseBytes-
#55293266	REDUCE cov: 3770 ft: 11939 corp: 5810/555Kb lim: 4096 exec/s: 59391 rss: 706Mb L: 181/3754 MS: 1 EraseBytes-
#55294127	REDUCE cov: 3770 ft: 11939 corp: 5810/555Kb lim: 4096 exec/s: 59392 rss: 706Mb L: 677/3754 MS: 1 EraseBytes-
#55305659	REDUCE cov: 3770 ft: 11939 corp: 5810/555Kb lim: 4096 exec/s: 59340 rss: 706Mb L: 978/3754 MS: 2 EraseBytes-CopyPart-
#55313910	REDUCE cov: 3770 ft: 11939 corp: 5810/555Kb lim: 4096 exec/s: 59349 rss: 706Mb L: 566/3754 MS: 1 EraseBytes-
#55326901	REDUCE cov: 3770 ft: 11939 corp: 5810/555Kb lim: 4096 exec/s: 59300 rss: 706Mb L: 347/3754 MS: 1 EraseBytes-
#55326912	REDUCE cov: 3770 ft: 11939 corp: 5810/555Kb lim: 4096 exec/s: 59300 rss: 706Mb L: 51/3754 MS: 1 EraseBytes-
#55340994	REDUCE cov: 3770 ft: 11939 corp: 5810/555Kb lim: 4096 exec/s: 59315 rss: 706Mb L: 1311/3754 MS: 2 ShuffleBytes-EraseBytes-
#55342380	REDUCE cov: 3770 ft: 11939 corp: 5810/555Kb lim: 4096 exec/s: 59316 rss: 706Mb L: 76/3754 MS: 1 EraseBytes-
#55362336	REDUCE cov: 3770 ft: 11939 corp: 5810/555Kb lim: 4096 exec/s: 59337 rss: 706Mb L: 296/3754 MS: 1 EraseBytes-
#55367337	REDUCE cov: 3770 ft: 11939 corp: 5810/555Kb lim: 4096 exec/s: 59279 rss: 706Mb L: 1164/3754 MS: 1 EraseBytes-
#55369329	REDUCE cov: 3770 ft: 11939 corp: 5810/555Kb lim: 4096 exec/s: 59281 rss: 706Mb L: 112/3754 MS: 2 ChangeASCIIInt-EraseBytes-
#55382100	REDUCE cov: 3770 ft: 11939 corp: 5810/555Kb lim: 4096 exec/s: 59295 rss: 706Mb L: 1162/3754 MS: 1 EraseBytes-
#55384981	REDUCE cov: 3770 ft: 11939 corp: 5810/555Kb lim: 4096 exec/s: 59298 rss: 706Mb L: 38/3754 MS: 1 EraseBytes-
#55412714	REDUCE cov: 3770 ft: 11939 corp: 5810/555Kb lim: 4096 exec/s: 59264 rss: 706Mb L: 1222/3754 MS: 3 CopyPart-ChangeASCIIInt-EraseBytes-
#55412920	REDUCE cov: 3770 ft: 11939 corp: 5810/555Kb lim: 4096 exec/s: 59265 rss: 706Mb L: 653/3754 MS: 1 EraseBytes-
#55425982	REDUCE cov: 3770 ft: 11939 corp: 5810/555Kb lim: 4096 exec/s: 59279 rss: 706Mb L: 456/3754 MS: 1 EraseBytes-
#55429434	REDUCE cov: 3770 ft: 11939 corp: 5810/555Kb lim: 4096 exec/s: 59282 rss: 706Mb L: 107/3754 MS: 2 ShuffleBytes-EraseBytes-
#55435845	REDUCE cov: 3770 ft: 11939 corp: 5810/555Kb lim: 4096 exec/s: 59226 rss: 706Mb L: 2175/3754 MS: 1 EraseBytes-
#55451571	REDUCE cov: 3770 ft: 11939 corp: 5810/555Kb lim: 4096 exec/s: 59243 rss: 706Mb L: 38/3754 MS: 1 EraseBytes-
#55512492	REDUCE cov: 3770 ft: 11939 corp: 5810/555Kb lim: 4096 exec/s: 59244 rss: 706Mb L: 2538/3754 MS: 1 EraseBytes-
#55546076	REDUCE cov: 3770 ft: 11939 corp: 5810/555Kb lim: 4096 exec/s: 59217 rss: 706Mb L: 1010/3754 MS: 4 InsertRepeatedBytes-EraseBytes-PersAutoDict-CrossOver- DE: "&:"-
#55584757	REDUCE cov: 3770 ft: 11939 corp: 5810/555Kb lim: 4096 exec/s: 59132 rss: 706Mb L: 105/3754 MS: 1 EraseBytes-
#55597328	REDUCE cov: 3770 ft: 11939 corp: 5810/555Kb lim: 4096 exec/s: 59146 rss: 706Mb L: 330/3754 MS: 1 EraseBytes-
#55616514	REDUCE cov: 3770 ft: 11939 corp: 5810/555Kb lim: 4096 exec/s: 59103 rss: 706Mb L: 853/3754 MS: 1 EraseBytes-
#55616515	REDUCE cov: 3770 ft: 11939 corp: 5810/555Kb lim: 4096 exec/s: 59103 rss: 706Mb L: 1619/3754 MS: 1 EraseBytes-
#55626708	REDUCE cov: 3770 ft: 11939 corp: 5810/555Kb lim: 4096 exec/s: 59114 rss: 706Mb L: 248/3754 MS: 3 CopyPart-ChangeASCIIInt-EraseBytes-
#55640174	REDUCE cov: 3770 ft: 11939 corp: 5810/555Kb lim: 4096 exec/s: 59128 rss: 706Mb L: 2173/3754 MS: 1 EraseBytes-
#55647971	REDUCE cov: 3770 ft: 11939 corp: 5810/555Kb lim: 4096 exec/s: 59074 rss: 706Mb L: 172/3754 MS: 2 ChangeBit-EraseBytes-
#55655037	REDUCE cov: 3770 ft: 11939 corp: 5810/554Kb lim: 4096 exec/s: 59081 rss: 706Mb L: 339/3754 MS: 1 EraseBytes-
#55705943	REDUCE cov: 3770 ft: 11939 corp: 5810/554Kb lim: 4096 exec/s: 59073 rss: 706Mb L: 247/3754 MS: 1 EraseBytes-
#55712069	REDUCE cov: 3770 ft: 11939 corp: 5810/554Kb lim: 4096 exec/s: 59079 rss: 706Mb L: 105/3754 MS: 1 EraseBytes-
#55714135	REDUCE cov: 3770 ft: 11939 corp: 5810/554Kb lim: 4096 exec/s: 59019 rss: 706Mb L: 282/3754 MS: 1 EraseBytes-
#55726122	REDUCE cov: 3770 ft: 11939 corp: 5810/554Kb lim: 4096 exec/s: 59031 rss: 706Mb L: 590/3754 MS: 2 ChangeASCIIInt-EraseBytes-
#55729963	REDUCE cov: 3770 ft: 11939 corp: 5810/554Kb lim: 4096 exec/s: 59035 rss: 706Mb L: 493/3754 MS: 1 EraseBytes-
#55768609	REDUCE cov: 3770 ft: 11939 corp: 5810/554Kb lim: 4096 exec/s: 59014 rss: 706Mb L: 111/3754 MS: 1 EraseBytes-
#55779706	REDUCE cov: 3770 ft: 11939 corp: 5810/554Kb lim: 4096 exec/s: 58963 rss: 706Mb L: 321/3754 MS: 2 CrossOver-EraseBytes-
#55785168	REDUCE cov: 3770 ft: 11939 corp: 5810/554Kb lim: 4096 exec/s: 58969 rss: 706Mb L: 241/3754 MS: 2 ChangeBit-EraseBytes-
#55785811	REDUCE cov: 3770 ft: 11939 corp: 5810/554Kb lim: 4096 exec/s: 58970 rss: 706Mb L: 225/3754 MS: 3 InsertByte-ChangeASCIIInt-EraseBytes-
#55796457	REDUCE cov: 3770 ft: 11939 corp: 5810/554Kb lim: 4096 exec/s: 58981 rss: 706Mb L: 224/3754 MS: 1 EraseBytes-
#55799968	REDUCE cov: 3770 ft: 11939 corp: 5810/554Kb lim: 4096 exec/s: 58985 rss: 706Mb L: 973/3754 MS: 1 EraseBytes-
#55800879	REDUCE cov: 3770 ft: 11939 corp: 5810/554Kb lim: 4096 exec/s: 58986 rss: 706Mb L: 3315/3754 MS: 1 CrossOver-
#55806930	REDUCE cov: 3770 ft: 11939 corp: 5810/554Kb lim: 4096 exec/s: 58992 rss: 706Mb L: 180/3754 MS: 1 EraseBytes-
#55834659	REDUCE cov: 3770 ft: 11939 corp: 5810/554Kb lim: 4096 exec/s: 58959 rss: 706Mb L: 1093/3754 MS: 3 InsertRepeatedBytes-PersAutoDict-EraseBytes- DE: "move-chlid"-
#55845911	REDUCE cov: 3770 ft: 11939 corp: 5810/554Kb lim: 4096 exec/s: 58971 rss: 706Mb L: 362/3754 MS: 2 ChangeBit-EraseBytes-
#55846537	REDUCE cov: 3770 ft: 11939 corp: 5810/554Kb lim: 4096 exec/s: 58972 rss: 706Mb L: 582/3754 MS: 1 EraseBytes-
#55867270	REDUCE cov: 3770 ft: 11939 corp: 5810/554Kb lim: 4096 exec/s: 58931 rss: 706Mb L: 359/3754 MS: 3 ChangeBit-ChangeASCIIInt-EraseBytes-
#55882113	REDUCE cov: 3770 ft: 11939 corp: 5810/554Kb lim: 4096 exec/s: 58947 rss: 706Mb L: 2152/3754 MS: 1 EraseBytes-
#55885825	REDUCE cov: 3770 ft: 11939 corp: 5810/554Kb lim: 4096 exec/s: 58889 rss: 706Mb L: 917/3754 MS: 2 ChangeBinInt-EraseBytes-
#55899147	REDUCE cov: 3770 ft: 11939 corp: 5810/554Kb lim: 4096 exec/s: 58903 rss: 706Mb L: 2416/3754 MS: 2 ShuffleBytes-EraseBytes-
#55899874	REDUCE cov: 3770 ft: 11939 corp: 5810/554Kb lim: 4096 exec/s: 58903 rss: 706Mb L: 358/3754 MS: 2 ShuffleBytes-EraseBytes-
#55902851	REDUCE cov: 3770 ft: 11939 corp: 5810/554Kb lim: 4096 exec/s: 58907 rss: 706Mb L: 216/3754 MS: 2 CopyPart-EraseBytes-
#55930599	REDUCE cov: 3770 ft: 11939 corp: 5810/554Kb lim: 4096 exec/s: 58874 rss: 706Mb L: 1605/3754 MS: 2 ChangeASCIIInt-EraseBytes-
#55937955	REDUCE cov: 3770 ft: 11939 corp: 5810/554Kb lim: 4096 exec/s: 58882 rss: 706Mb L: 40/3754 MS: 1 EraseBytes-
#55941361	REDUCE cov: 3770 ft: 11939 corp: 5810/554Kb lim: 4096 exec/s: 58885 rss: 706Mb L: 86/3754 MS: 1 EraseBytes-
#55942342	REDUCE cov: 3770 ft: 11939 corp: 5810/554Kb lim: 4096 exec/s: 58886 rss: 706Mb L: 316/3754 MS: 1 EraseBytes-
#55974758	REDUCE cov: 3770 ft: 11939 corp: 5810/554Kb lim: 4096 exec/s: 58858 rss: 706Mb L: 136/3754 MS: 1 EraseBytes-
#56011429	REDUCE cov: 3770 ft: 11939 corp: 5810/554Kb lim: 4096 exec/s: 58835 rss: 706Mb L: 276/3754 MS: 1 EraseBytes-
#56061000	REDUCE cov: 3770 ft: 11939 corp: 5810/554Kb lim: 4096 exec/s: 58825 rss: 706Mb L: 1061/3754 MS: 1 EraseBytes-
#56075236	REDUCE cov: 3770 ft: 11939 corp: 5810/554Kb lim: 4096 exec/s: 58779 rss: 706Mb L: 44/3754 MS: 1 EraseBytes-
#56092012	REDUCE cov: 3770 ft: 11939 corp: 5810/554Kb lim: 4096 exec/s: 58796 rss: 706Mb L: 238/3754 MS: 1 EraseBytes-
#56096253	REDUCE cov: 3770 ft: 11939 corp: 5810/554Kb lim: 4096 exec/s: 58801 rss: 706Mb L: 73/3754 MS: 1 EraseBytes-
#56096855	REDUCE cov: 3770 ft: 11939 corp: 5810/554Kb lim: 4096 exec/s: 58801 rss: 706Mb L: 232/3754 MS: 2 ChangeBit-EraseBytes-
#56128867	REDUCE cov: 3770 ft: 11939 corp: 5810/554Kb lim: 4096 exec/s: 58773 rss: 706Mb L: 1276/3754 MS: 1 EraseBytes-
#56135218	REDUCE cov: 3770 ft: 11939 corp: 5810/554Kb lim: 4096 exec/s: 58718 rss: 706Mb L: 53/3754 MS: 1 EraseBytes-
#56135929	REDUCE cov: 3770 ft: 11939 corp: 5810/554Kb lim: 4096 exec/s: 58719 rss: 706Mb L: 222/3754 MS: 1 EraseBytes-
#56138337	REDUCE cov: 3770 ft: 11939 corp: 5810/554Kb lim: 4096 exec/s: 58722 rss: 706Mb L: 33/3754 MS: 3 ChangeByte-EraseBytes-CopyPart-
#56164713	REDUCE cov: 3770 ft: 11939 corp: 5810/554Kb lim: 4096 exec/s: 58749 rss: 706Mb L: 2395/3754 MS: 1 EraseBytes-
#56165124	REDUCE cov: 3770 ft: 11939 corp: 5810/554Kb lim: 4096 exec/s: 58750 rss: 706Mb L: 466/3754 MS: 1 EraseBytes-
#56183576	REDUCE cov: 3770 ft: 11939 corp: 5810/554Kb lim: 4096 exec/s: 58708 rss: 706Mb L: 1603/3754 MS: 1 EraseBytes-
#56185612	REDUCE cov: 3770 ft: 11939 corp: 5810/554Kb lim: 4096 exec/s: 58710 rss: 706Mb L: 334/3754 MS: 1 EraseBytes-
#56194028	REDUCE cov: 3770 ft: 11939 corp: 5810/554Kb lim: 4096 exec/s: 58718 rss: 706Mb L: 2372/3754 MS: 1 EraseBytes-
#56195849	REDUCE cov: 3770 ft: 11939 corp: 5810/554Kb lim: 4096 exec/s: 58720 rss: 706Mb L: 2413/3754 MS: 1 EraseBytes-
#56212300	REDUCE cov: 3770 ft: 11939 corp: 5810/554Kb lim: 4096 exec/s: 58676 rss: 706Mb L: 589/3754 MS: 1 EraseBytes-
#56223901	REDUCE cov: 3770 ft: 11939 corp: 5810/554Kb lim: 4096 exec/s: 58688 rss: 706Mb L: 441/3754 MS: 1 EraseBytes-
#56235029	REDUCE cov: 3770 ft: 11939 corp: 5810/554Kb lim: 4096 exec/s: 58700 rss: 706Mb L: 588/3754 MS: 2 ShuffleBytes-EraseBytes-
#56242595	REDUCE cov: 3770 ft: 11939 corp: 5810/554Kb lim: 4096 exec/s: 58647 rss: 706Mb L: 82/3754 MS: 1 EraseBytes-
#56259041	REDUCE cov: 3770 ft: 11939 corp: 5810/554Kb lim: 4096 exec/s: 58664 rss: 706Mb L: 293/3754 MS: 1 EraseBytes-
#56266338	REDUCE cov: 3770 ft: 11939 corp: 5810/554Kb lim: 4096 exec/s: 58671 rss: 706Mb L: 2172/3754 MS: 2 ShuffleBytes-EraseBytes-
#56277214	REDUCE cov: 3770 ft: 11939 corp: 5810/554Kb lim: 4096 exec/s: 58622 rss: 706Mb L: 60/3754 MS: 1 EraseBytes-
#56292920	REDUCE cov: 3770 ft: 11939 corp: 5810/554Kb lim: 4096 exec/s: 58577 rss: 706Mb L: 586/3754 MS: 1 EraseBytes-
#56298661	REDUCE cov: 3770 ft: 11939 corp: 5810/554Kb lim: 4096 exec/s: 58583 rss: 706Mb L: 50/3754 MS: 1 EraseBytes-
#56307387	REDUCE cov: 3770 ft: 11939 corp: 5810/554Kb lim: 4096 exec/s: 58592 rss: 706Mb L: 1569/3754 MS: 1 EraseBytes-
#56315134	REDUCE cov: 3770 ft: 11939 corp: 5810/554Kb lim: 4096 exec/s: 58600 rss: 706Mb L: 2496/3754 MS: 2 ChangeBit-EraseBytes-
#56324466	REDUCE cov: 3770 ft: 11939 corp: 5810/554Kb lim: 4096 exec/s: 58549 rss: 706Mb L: 2345/3754 MS: 2 ChangeBit-EraseBytes-
#56338433	REDUCE cov: 3770 ft: 11939 corp: 5810/554Kb lim: 4096 exec/s: 58563 rss: 706Mb L: 135/3754 MS: 2 ShuffleBytes-EraseBytes-
#56346549	REDUCE cov: 3770 ft: 11939 corp: 5810/554Kb lim: 4096 exec/s: 58572 rss: 706Mb L: 110/3754 MS: 1 EraseBytes-
#56348265	REDUCE cov: 3770 ft: 11939 corp: 5810/554Kb lim: 4096 exec/s: 58574 rss: 706Mb L: 2238/3754 MS: 1 EraseBytes-
#56373212	REDUCE cov: 3770 ft: 11939 corp: 5810/554Kb lim: 4096 exec/s: 58539 rss: 706Mb L: 308/3754 MS: 1 EraseBytes-
#56376439	REDUCE cov: 3770 ft: 11939 corp: 5810/554Kb lim: 4096 exec/s: 58542 rss: 706Mb L: 193/3754 MS: 2 ShuffleBytes-EraseBytes-
#56413561	REDUCE cov: 3770 ft: 11939 corp: 5810/554Kb lim: 4096 exec/s: 58520 rss: 706Mb L: 56/3754 MS: 2 ShuffleBytes-EraseBytes-
#56426923	REDUCE cov: 3770 ft: 11939 corp: 5810/554Kb lim: 4096 exec/s: 58534 rss: 706Mb L: 585/3754 MS: 1 EraseBytes-
#56449234	REDUCE cov: 3770 ft: 11939 corp: 5810/554Kb lim: 4096 exec/s: 58496 rss: 706Mb L: 356/3754 MS: 1 EraseBytes-
#56472345	REDUCE cov: 3770 ft: 11939 corp: 5810/554Kb lim: 4096 exec/s: 58459 rss: 706Mb L: 292/3754 MS: 1 EraseBytes-
#56479006	REDUCE cov: 3770 ft: 11939 corp: 5810/554Kb lim: 4096 exec/s: 58466 rss: 706Mb L: 1387/3754 MS: 1 EraseBytes-
#56493037	REDUCE cov: 3770 ft: 11939 corp: 5810/554Kb lim: 4096 exec/s: 58481 rss: 706Mb L: 43/3754 MS: 1 EraseBytes-
#56493943	REDUCE cov: 3770 ft: 11939 corp: 5810/554Kb lim: 4096 exec/s: 58482 rss: 706Mb L: 231/3754 MS: 1 EraseBytes-
#56519154	REDUCE cov: 3770 ft: 11939 corp: 5810/554Kb lim: 4096 exec/s: 58447 rss: 706Mb L: 1250/3754 MS: 1 EraseBytes-
#56535650	REDUCE cov: 3770 ft: 11939 corp: 5810/554Kb lim: 4096 exec/s: 58404 rss: 706Mb L: 2410/3754 MS: 1 EraseBytes-
#56556686	REDUCE cov: 3770 ft: 11939 corp: 5810/554Kb lim: 4096 exec/s: 58426 rss: 706Mb L: 58/3754 MS: 1 EraseBytes-
#56572017	REDUCE cov: 3770 ft: 11939 corp: 5810/554Kb lim: 4096 exec/s: 58381 rss: 706Mb L: 221/3754 MS: 1 EraseBytes-
#56573664	REDUCE cov: 3770 ft: 11939 corp: 5810/554Kb lim: 4096 exec/s: 58383 rss: 706Mb L: 1550/3754 MS: 2 ChangeASCIIInt-EraseBytes-
#56618581	REDUCE cov: 3770 ft: 11939 corp: 5810/554Kb lim: 4096 exec/s: 58429 rss: 706Mb L: 165/3754 MS: 2 ChangeBit-EraseBytes-
#56618733	REDUCE cov: 3770 ft: 11939 corp: 5810/554Kb lim: 4096 exec/s: 58430 rss: 706Mb L: 2409/3754 MS: 2 ShuffleBytes-EraseBytes-
#56624645	REDUCE cov: 3770 ft: 11939 corp: 5810/554Kb lim: 4096 exec/s: 58375 rss: 706Mb L: 225/3754 MS: 1 EraseBytes-
#56643971	REDUCE cov: 3770 ft: 11939 corp: 5810/554Kb lim: 4096 exec/s: 58395 rss: 706Mb L: 62/3754 MS: 1 EraseBytes-
#56682492	REDUCE cov: 3770 ft: 11939 corp: 5810/554Kb lim: 4096 exec/s: 58375 rss: 706Mb L: 193/3754 MS: 1 EraseBytes-
#56684093	REDUCE cov: 3770 ft: 11939 corp: 5810/554Kb lim: 4096 exec/s: 58377 rss: 706Mb L: 2112/3754 MS: 1 EraseBytes-
#56687880	REDUCE cov: 3770 ft: 11939 corp: 5810/554Kb lim: 4096 exec/s: 58320 rss: 706Mb L: 2235/3754 MS: 2 ChangeASCIIInt-EraseBytes-
#56690368	REDUCE cov: 3770 ft: 11939 corp: 5810/554Kb lim: 4096 exec/s: 58323 rss: 706Mb L: 57/3754 MS: 3 PersAutoDict-InsertByte-EraseBytes- DE: "plugin"-
#56699865	REDUCE cov: 3770 ft: 11939 corp: 5810/554Kb lim: 4096 exec/s: 58333 rss: 706Mb L: 903/3754 MS: 2 ChangeBinInt-EraseBytes-
#56724886	REDUCE cov: 3770 ft: 11939 corp: 5810/554Kb lim: 4096 exec/s: 58358 rss: 706Mb L: 210/3754 MS: 1 EraseBytes-
#56739968	REDUCE cov: 3770 ft: 11939 corp: 5810/554Kb lim: 4096 exec/s: 58314 rss: 706Mb L: 1157/3754 MS: 1 EraseBytes-
#56767029	REDUCE cov: 3770 ft: 11939 corp: 5810/554Kb lim: 4096 exec/s: 58342 rss: 706Mb L: 883/3754 MS: 1 EraseBytes-
#56776427	REDUCE cov: 3770 ft: 11939 corp: 5810/554Kb lim: 4096 exec/s: 58292 rss: 706Mb L: 179/3754 MS: 3 ShuffleBytes-ChangeByte-EraseBytes-
#56795344	REDUCE cov: 3770 ft: 11939 corp: 5810/554Kb lim: 4096 exec/s: 58311 rss: 706Mb L: 2403/3754 MS: 1 EraseBytes-
#56803325	REDUCE cov: 3770 ft: 11939 corp: 5810/554Kb lim: 4096 exec/s: 58319 rss: 706Mb L: 2402/3754 MS: 1 EraseBytes-
#56815291	REDUCE cov: 3770 ft: 11939 corp: 5810/554Kb lim: 4096 exec/s: 58272 rss: 706Mb L: 328/3754 MS: 1 EraseBytes-
#56846048	REDUCE cov: 3770 ft: 11939 corp: 5810/554Kb lim: 4096 exec/s: 58243 rss: 706Mb L: 1039/3754 MS: 1 EraseBytes-
#56857394	REDUCE cov: 3770 ft: 11939 corp: 5810/554Kb lim: 4096 exec/s: 58255 rss: 706Mb L: 329/3754 MS: 1 EraseBytes-
#56863235	REDUCE cov: 3770 ft: 11939 corp: 5810/554Kb lim: 4096 exec/s: 58261 rss: 706Mb L: 48/3754 MS: 1 EraseBytes-
#56867927	REDUCE cov: 3770 ft: 11939 corp: 5810/554Kb lim: 4096 exec/s: 58266 rss: 706Mb L: 104/3754 MS: 2 ShuffleBytes-EraseBytes-
#56872178	REDUCE cov: 3770 ft: 11939 corp: 5810/554Kb lim: 4096 exec/s: 58270 rss: 706Mb L: 218/3754 MS: 1 EraseBytes-
#56874174	REDUCE cov: 3770 ft: 11939 corp: 5810/554Kb lim: 4096 exec/s: 58272 rss: 706Mb L: 90/3754 MS: 1 EraseBytes-
#56895122	REDUCE cov: 3770 ft: 11939 corp: 5810/554Kb lim: 4096 exec/s: 58234 rss: 706Mb L: 579/3754 MS: 3 ChangeASCIIInt-ChangeASCIIInt-EraseBytes-
#56917273	REDUCE cov: 3770 ft: 11939 corp: 5810/554Kb lim: 4096 exec/s: 58197 rss: 706Mb L: 90/3754 MS: 1 EraseBytes-
#56928034	REDUCE cov: 3770 ft: 11939 corp: 5810/554Kb lim: 4096 exec/s: 58208 rss: 706Mb L: 92/3754 MS: 1 EraseBytes-
#56933090	REDUCE cov: 3770 ft: 11939 corp: 5810/554Kb lim: 4096 exec/s: 58213 rss: 706Mb L: 155/3754 MS: 1 EraseBytes-
#56954011	REDUCE cov: 3770 ft: 11939 corp: 5810/554Kb lim: 4096 exec/s: 58175 rss: 706Mb L: 876/3754 MS: 1 EraseBytes-
#56956992	REDUCE cov: 3770 ft: 11939 corp: 5810/554Kb lim: 4096 exec/s: 58178 rss: 706Mb L: 99/3754 MS: 1 EraseBytes-
#56996673	REDUCE cov: 3770 ft: 11939 corp: 5810/554Kb lim: 4096 exec/s: 58159 rss: 706Mb L: 217/3754 MS: 1 EraseBytes-
#57028154	REDUCE cov: 3770 ft: 11939 corp: 5810/554Kb lim: 4096 exec/s: 58132 rss: 706Mb L: 69/3754 MS: 1 EraseBytes-
#57059465	REDUCE cov: 3770 ft: 11939 corp: 5810/554Kb lim: 4096 exec/s: 58105 rss: 706Mb L: 977/3754 MS: 1 EraseBytes-
#57067041	REDUCE cov: 3770 ft: 11939 corp: 5810/554Kb lim: 4096 exec/s: 58113 rss: 706Mb L: 202/3754 MS: 1 EraseBytes-
#57073353	REDUCE cov: 3770 ft: 11939 corp: 5810/554Kb lim: 4096 exec/s: 58119 rss: 706Mb L: 2202/3754 MS: 2 ShuffleBytes-CrossOver-
#57085329	REDUCE cov: 3770 ft: 11939 corp: 5810/554Kb lim: 4096 exec/s: 58131 rss: 706Mb L: 187/3754 MS: 1 EraseBytes-
#57121466	REDUCE cov: 3770 ft: 11939 corp: 5810/554Kb lim: 4096 exec/s: 58109 rss: 706Mb L: 38/3754 MS: 1 EraseBytes-
#57143218	REDUCE cov: 3770 ft: 11939 corp: 5810/554Kb lim: 4096 exec/s: 58131 rss: 706Mb L: 1219/3754 MS: 2 PersAutoDict-EraseBytes- DE: "plugin"-
#57152535	REDUCE cov: 3770 ft: 11939 corp: 5810/554Kb lim: 4096 exec/s: 58081 rss: 706Mb L: 1085/3754 MS: 1 EraseBytes-
#57158875	REDUCE cov: 3770 ft: 11939 corp: 5810/554Kb lim: 4096 exec/s: 58088 rss: 706Mb L: 338/3754 MS: 5 ChangeBit-ChangeBinInt-EraseBytes-ChangeASCIIInt-CopyPart-
#57197281	REDUCE cov: 3770 ft: 11939 corp: 5810/553Kb lim: 4096 exec/s: 58068 rss: 706Mb L: 1066/3754 MS: 1 EraseBytes-
#57205668	REDUCE cov: 3770 ft: 11939 corp: 5810/553Kb lim: 4096 exec/s: 58017 rss: 706Mb L: 50/3754 MS: 1 EraseBytes-
#57208629	REDUCE cov: 3770 ft: 11939 corp: 5810/553Kb lim: 4096 exec/s: 58020 rss: 706Mb L: 289/3754 MS: 1 EraseBytes-
#57262030	REDUCE cov: 3770 ft: 11939 corp: 5810/553Kb lim: 4096 exec/s: 58016 rss: 706Mb L: 1220/3754 MS: 1 EraseBytes-
#57286496	REDUCE cov: 3770 ft: 11939 corp: 5810/553Kb lim: 4096 exec/s: 58041 rss: 706Mb L: 178/3754 MS: 1 EraseBytes-
#57319452	REDUCE cov: 3770 ft: 11939 corp: 5810/553Kb lim: 4096 exec/s: 58015 rss: 706Mb L: 438/3754 MS: 1 EraseBytes-
#57335798	REDUCE cov: 3770 ft: 11939 corp: 5810/553Kb lim: 4096 exec/s: 58032 rss: 706Mb L: 172/3754 MS: 1 EraseBytes-
#57342239	REDUCE cov: 3770 ft: 11939 corp: 5810/553Kb lim: 4096 exec/s: 57980 rss: 706Mb L: 109/3754 MS: 1 EraseBytes-
#57354305	REDUCE cov: 3770 ft: 11939 corp: 5810/553Kb lim: 4096 exec/s: 57992 rss: 706Mb L: 176/3754 MS: 1 EraseBytes-
#57372002	REDUCE cov: 3770 ft: 11939 corp: 5810/553Kb lim: 4096 exec/s: 58010 rss: 706Mb L: 121/3754 MS: 1 EraseBytes-
#57372944	REDUCE cov: 3770 ft: 11939 corp: 5810/553Kb lim: 4096 exec/s: 58011 rss: 706Mb L: 2498/3754 MS: 2 ChangeASCIIInt-EraseBytes-
#57373745	REDUCE cov: 3770 ft: 11939 corp: 5810/553Kb lim: 4096 exec/s: 58011 rss: 706Mb L: 175/3754 MS: 1 EraseBytes-
#57397636	REDUCE cov: 3770 ft: 11939 corp: 5810/553Kb lim: 4096 exec/s: 57977 rss: 706Mb L: 870/3754 MS: 1 EraseBytes-
#57401883	REDUCE cov: 3770 ft: 11939 corp: 5810/553Kb lim: 4096 exec/s: 57981 rss: 706Mb L: 385/3754 MS: 2 ChangeBit-EraseBytes-
#57434163	REDUCE cov: 3770 ft: 11939 corp: 5810/553Kb lim: 4096 exec/s: 57955 rss: 706Mb L: 2166/3754 MS: 4 CMP-ChangeASCIIInt-ChangeByte-EraseBytes- DE: "kind"-
#57442214	REDUCE cov: 3770 ft: 11939 corp: 5810/553Kb lim: 4096 exec/s: 57963 rss: 706Mb L: 41/3754 MS: 1 EraseBytes-
#57443575	REDUCE cov: 3770 ft: 11939 corp: 5810/553Kb lim: 4096 exec/s: 57965 rss: 706Mb L: 164/3754 MS: 1 EraseBytes-
#57451286	REDUCE cov: 3770 ft: 11939 corp: 5810/553Kb lim: 4096 exec/s: 57973 rss: 706Mb L: 392/3754 MS: 1 EraseBytes-
#57452217	REDUCE cov: 3770 ft: 11939 corp: 5810/553Kb lim: 4096 exec/s: 57973 rss: 706Mb L: 90/3754 MS: 1 EraseBytes-
#57492109	REDUCE cov: 3770 ft: 11939 corp: 5810/553Kb lim: 4096 exec/s: 57955 rss: 706Mb L: 852/3754 MS: 2 ChangeASCIIInt-EraseBytes-
#57495216	REDUCE cov: 3770 ft: 11939 corp: 5810/553Kb lim: 4096 exec/s: 57958 rss: 706Mb L: 141/3754 MS: 2 ChangeASCIIInt-EraseBytes-
#57513147	REDUCE cov: 3770 ft: 11939 corp: 5810/553Kb lim: 4096 exec/s: 57918 rss: 706Mb L: 77/3754 MS: 1 EraseBytes-
#57520108	REDUCE cov: 3770 ft: 11939 corp: 5810/553Kb lim: 4096 exec/s: 57925 rss: 706Mb L: 159/3754 MS: 1 EraseBytes-
#57525240	REDUCE cov: 3770 ft: 11939 corp: 5810/553Kb lim: 4096 exec/s: 57930 rss: 706Mb L: 1049/3754 MS: 2 EraseBytes-ChangeASCIIInt-
#57526211	REDUCE cov: 3770 ft: 11939 corp: 5810/553Kb lim: 4096 exec/s: 57931 rss: 706Mb L: 530/3754 MS: 1 EraseBytes-
#57556387	REDUCE cov: 3770 ft: 11939 corp: 5810/553Kb lim: 4096 exec/s: 57903 rss: 706Mb L: 66/3754 MS: 1 EraseBytes-
#57556518	REDUCE cov: 3770 ft: 11939 corp: 5810/553Kb lim: 4096 exec/s: 57903 rss: 706Mb L: 2399/3754 MS: 1 EraseBytes-
#57584059	REDUCE cov: 3770 ft: 11939 corp: 5810/553Kb lim: 4096 exec/s: 57931 rss: 706Mb L: 327/3754 MS: 1 EraseBytes-
#57586194	REDUCE cov: 3770 ft: 11939 corp: 5810/553Kb lim: 4096 exec/s: 57875 rss: 706Mb L: 1025/3754 MS: 5 InsertByte-ChangeASCIIInt-ChangeBit-InsertRepeatedBytes-EraseBytes-
#57587570	REDUCE cov: 3770 ft: 11939 corp: 5810/553Kb lim: 4096 exec/s: 57876 rss: 706Mb L: 677/3754 MS: 1 EraseBytes-
#57607916	REDUCE cov: 3770 ft: 11939 corp: 5810/553Kb lim: 4096 exec/s: 57897 rss: 706Mb L: 68/3754 MS: 1 EraseBytes-
#57613220	REDUCE cov: 3770 ft: 11939 corp: 5810/553Kb lim: 4096 exec/s: 57902 rss: 706Mb L: 313/3754 MS: 4 ChangeByte-ChangeBinInt-CopyPart-EraseBytes-
#57618226	REDUCE cov: 3770 ft: 11939 corp: 5810/553Kb lim: 4096 exec/s: 57907 rss: 706Mb L: 186/3754 MS: 1 EraseBytes-
#57654808	REDUCE cov: 3770 ft: 11939 corp: 5810/553Kb lim: 4096 exec/s: 57886 rss: 706Mb L: 1685/3754 MS: 1 EraseBytes-
#57662604	REDUCE cov: 3770 ft: 11939 corp: 5810/553Kb lim: 4096 exec/s: 57894 rss: 706Mb L: 287/3754 MS: 1 EraseBytes-
#57670581	REDUCE cov: 3770 ft: 11939 corp: 5810/553Kb lim: 4096 exec/s: 57902 rss: 706Mb L: 81/3754 MS: 2 PersAutoDict-EraseBytes- DE: "\376\377\377\311"-
#57676765	REDUCE cov: 3770 ft: 11939 corp: 5810/553Kb lim: 4096 exec/s: 57850 rss: 706Mb L: 781/3754 MS: 4 InsertRepeatedBytes-EraseBytes-ShuffleBytes-InsertRepeatedBytes-
#57688451	REDUCE cov: 3770 ft: 11939 corp: 5810/553Kb lim: 4096 exec/s: 57862 rss: 706Mb L: 3301/3754 MS: 1 EraseBytes-
#57695818	REDUCE cov: 3770 ft: 11939 corp: 5810/553Kb lim: 4096 exec/s: 57869 rss: 706Mb L: 176/3754 MS: 2 ChangeASCIIInt-EraseBytes-
#57704034	REDUCE cov: 3770 ft: 11939 corp: 5810/553Kb lim: 4096 exec/s: 57877 rss: 706Mb L: 1118/3754 MS: 1 EraseBytes-
#57740725	REDUCE cov: 3770 ft: 11939 corp: 5810/553Kb lim: 4096 exec/s: 57856 rss: 706Mb L: 2029/3754 MS: 1 EraseBytes-
#57782772	REDUCE cov: 3770 ft: 11939 corp: 5810/553Kb lim: 4096 exec/s: 57840 rss: 706Mb L: 353/3754 MS: 2 ShuffleBytes-EraseBytes-
#57790914	REDUCE cov: 3770 ft: 11939 corp: 5810/553Kb lim: 4096 exec/s: 57848 rss: 706Mb L: 361/3754 MS: 2 ShuffleBytes-EraseBytes-
#57799310	REDUCE cov: 3770 ft: 11939 corp: 5810/553Kb lim: 4096 exec/s: 57799 rss: 706Mb L: 357/3754 MS: 1 EraseBytes-
#57812246	REDUCE cov: 3770 ft: 11939 corp: 5810/553Kb lim: 4096 exec/s: 57812 rss: 706Mb L: 1190/3754 MS: 1 EraseBytes-
#57825547	REDUCE cov: 3770 ft: 11939 corp: 5810/553Kb lim: 4096 exec/s: 57825 rss: 706Mb L: 1487/3754 MS: 1 EraseBytes-
#57834853	REDUCE cov: 3770 ft: 11939 corp: 5810/553Kb lim: 4096 exec/s: 57777 rss: 706Mb L: 172/3754 MS: 1 EraseBytes-
#57853046	REDUCE cov: 3770 ft: 11939 corp: 5810/553Kb lim: 4096 exec/s: 57795 rss: 706Mb L: 849/3754 MS: 2 ChangeByte-EraseBytes-
#57868252	REDUCE cov: 3770 ft: 11939 corp: 5810/553Kb lim: 4096 exec/s: 57752 rss: 706Mb L: 2472/3754 MS: 1 EraseBytes-
#57874288	REDUCE cov: 3770 ft: 11939 corp: 5810/553Kb lim: 4096 exec/s: 57758 rss: 706Mb L: 335/3754 MS: 1 EraseBytes-
#57876789	REDUCE cov: 3770 ft: 11939 corp: 5810/553Kb lim: 4096 exec/s: 57761 rss: 706Mb L: 264/3754 MS: 1 EraseBytes-
#57906725	REDUCE cov: 3770 ft: 11939 corp: 5810/553Kb lim: 4096 exec/s: 57733 rss: 706Mb L: 1188/3754 MS: 1 EraseBytes-
#57914211	REDUCE cov: 3770 ft: 11939 corp: 5810/553Kb lim: 4096 exec/s: 57740 rss: 706Mb L: 1022/3754 MS: 1 EraseBytes-
#57974257	REDUCE cov: 3770 ft: 11939 corp: 5810/553Kb lim: 4096 exec/s: 57685 rss: 706Mb L: 110/3754 MS: 1 EraseBytes-
#57991453	REDUCE cov: 3770 ft: 11939 corp: 5810/553Kb lim: 4096 exec/s: 57702 rss: 706Mb L: 172/3754 MS: 1 EraseBytes-
#58019914	REDUCE cov: 3770 ft: 11939 corp: 5810/553Kb lim: 4096 exec/s: 57673 rss: 706Mb L: 171/3754 MS: 1 EraseBytes-
#58021195	REDUCE cov: 3770 ft: 11939 corp: 5810/553Kb lim: 4096 exec/s: 57675 rss: 706Mb L: 311/3754 MS: 1 EraseBytes-
#58045286	REDUCE cov: 3770 ft: 11939 corp: 5810/553Kb lim: 4096 exec/s: 57699 rss: 706Mb L: 3081/3754 MS: 1 CrossOver-
#58165069	REDUCE cov: 3770 ft: 11939 corp: 5810/553Kb lim: 4096 exec/s: 57646 rss: 706Mb L: 620/3754 MS: 2 ShuffleBytes-EraseBytes-
#58170355	REDUCE cov: 3770 ft: 11939 corp: 5810/553Kb lim: 4096 exec/s: 57651 rss: 706Mb L: 307/3754 MS: 1 EraseBytes-
#58174021	REDUCE cov: 3770 ft: 11939 corp: 5810/553Kb lim: 4096 exec/s: 57655 rss: 706Mb L: 192/3754 MS: 1 EraseBytes-
#58209742	REDUCE cov: 3770 ft: 11939 corp: 5810/553Kb lim: 4096 exec/s: 57633 rss: 706Mb L: 159/3754 MS: 1 EraseBytes-
#58217515	REDUCE cov: 3770 ft: 11939 corp: 5810/553Kb lim: 4096 exec/s: 57641 rss: 706Mb L: 781/3754 MS: 2 InsertByte-EraseBytes-
#58226041	REDUCE cov: 3770 ft: 11939 corp: 5810/553Kb lim: 4096 exec/s: 57649 rss: 706Mb L: 2128/3754 MS: 1 EraseBytes-
#58244022	REDUCE cov: 3770 ft: 11939 corp: 5810/553Kb lim: 4096 exec/s: 57610 rss: 706Mb L: 1465/3754 MS: 1 EraseBytes-
#58246753	REDUCE cov: 3770 ft: 11939 corp: 5810/553Kb lim: 4096 exec/s: 57613 rss: 706Mb L: 44/3754 MS: 1 EraseBytes-
#58264549	REDUCE cov: 3770 ft: 11939 corp: 5810/553Kb lim: 4096 exec/s: 57630 rss: 706Mb L: 106/3754 MS: 1 EraseBytes-
#58274706	REDUCE cov: 3770 ft: 11939 corp: 5810/553Kb lim: 4096 exec/s: 57583 rss: 706Mb L: 1354/3754 MS: 2 InsertByte-EraseBytes-
#58332452	REDUCE cov: 3770 ft: 11939 corp: 5810/553Kb lim: 4096 exec/s: 57583 rss: 706Mb L: 40/3754 MS: 1 EraseBytes-
#58347133	REDUCE cov: 3770 ft: 11939 corp: 5810/553Kb lim: 4096 exec/s: 57598 rss: 706Mb L: 2025/3754 MS: 1 EraseBytes-
#58352804	REDUCE cov: 3770 ft: 11939 corp: 5810/553Kb lim: 4096 exec/s: 57547 rss: 706Mb L: 1216/3754 MS: 1 EraseBytes-
#58380226	REDUCE cov: 3770 ft: 11939 corp: 5810/553Kb lim: 4096 exec/s: 57574 rss: 706Mb L: 285/3754 MS: 2 ChangeASCIIInt-EraseBytes-
#58398062	REDUCE cov: 3770 ft: 11939 corp: 5810/553Kb lim: 4096 exec/s: 57535 rss: 706Mb L: 352/3754 MS: 1 EraseBytes-
#58398598	REDUCE cov: 3770 ft: 11939 corp: 5810/553Kb lim: 4096 exec/s: 57535 rss: 706Mb L: 102/3754 MS: 1 EraseBytes-
#58404964	REDUCE cov: 3770 ft: 11939 corp: 5810/553Kb lim: 4096 exec/s: 57541 rss: 706Mb L: 68/3754 MS: 1 EraseBytes-
#58421935	REDUCE cov: 3770 ft: 11939 corp: 5810/553Kb lim: 4096 exec/s: 57558 rss: 706Mb L: 355/3754 MS: 1 EraseBytes-
#58466242	REDUCE cov: 3770 ft: 11939 corp: 5810/553Kb lim: 4096 exec/s: 57488 rss: 706Mb L: 216/3754 MS: 2 CrossOver-EraseBytes-
#58480533	REDUCE cov: 3770 ft: 11939 corp: 5810/553Kb lim: 4096 exec/s: 57502 rss: 706Mb L: 578/3754 MS: 1 EraseBytes-
#58545644	REDUCE cov: 3770 ft: 11939 corp: 5810/553Kb lim: 4096 exec/s: 57454 rss: 706Mb L: 108/3754 MS: 1 EraseBytes-
#58546845	REDUCE cov: 3770 ft: 11939 corp: 5810/553Kb lim: 4096 exec/s: 57455 rss: 706Mb L: 976/3754 MS: 1 EraseBytes-
#58598942	REDUCE cov: 3770 ft: 11939 corp: 5810/553Kb lim: 4096 exec/s: 57449 rss: 706Mb L: 192/3754 MS: 2 CopyPart-EraseBytes-
#58631073	REDUCE cov: 3770 ft: 11939 corp: 5810/553Kb lim: 4096 exec/s: 57425 rss: 706Mb L: 958/3754 MS: 1 EraseBytes-
#58649205	REDUCE cov: 3770 ft: 11939 corp: 5810/553Kb lim: 4096 exec/s: 57442 rss: 706Mb L: 1184/3754 MS: 1 EraseBytes-
#58651781	REDUCE cov: 3770 ft: 11939 corp: 5810/553Kb lim: 4096 exec/s: 57445 rss: 706Mb L: 337/3754 MS: 1 EraseBytes-
#58657632	REDUCE cov: 3770 ft: 11939 corp: 5810/552Kb lim: 4096 exec/s: 57394 rss: 706Mb L: 1170/3754 MS: 1 EraseBytes-
#58669468	REDUCE cov: 3770 ft: 11939 corp: 5810/552Kb lim: 4096 exec/s: 57406 rss: 706Mb L: 3310/3754 MS: 1 EraseBytes-
#58671920	REDUCE cov: 3770 ft: 11939 corp: 5810/552Kb lim: 4096 exec/s: 57408 rss: 706Mb L: 806/3754 MS: 2 EraseBytes-CopyPart-
#58675082	REDUCE cov: 3770 ft: 11939 corp: 5810/552Kb lim: 4096 exec/s: 57412 rss: 706Mb L: 439/3754 MS: 2 ShuffleBytes-EraseBytes-
#58688339	REDUCE cov: 3770 ft: 11939 corp: 5810/552Kb lim: 4096 exec/s: 57368 rss: 706Mb L: 789/3754 MS: 1 EraseBytes-
#58722080	REDUCE cov: 3770 ft: 11939 corp: 5810/552Kb lim: 4096 exec/s: 57401 rss: 706Mb L: 299/3754 MS: 1 EraseBytes-
#58727926	REDUCE cov: 3770 ft: 11939 corp: 5810/552Kb lim: 4096 exec/s: 57351 rss: 706Mb L: 124/3754 MS: 1 EraseBytes-
#58767799	REDUCE cov: 3770 ft: 11939 corp: 5810/552Kb lim: 4096 exec/s: 57334 rss: 706Mb L: 1169/3754 MS: 2 ChangeASCIIInt-EraseBytes-
#58772281	REDUCE cov: 3770 ft: 11939 corp: 5810/552Kb lim: 4096 exec/s: 57338 rss: 706Mb L: 98/3754 MS: 2 ChangeASCIIInt-EraseBytes-
#58784437	REDUCE cov: 3770 ft: 11939 corp: 5810/552Kb lim: 4096 exec/s: 57294 rss: 706Mb L: 942/3754 MS: 1 EraseBytes-
#58789269	REDUCE cov: 3770 ft: 11939 corp: 5810/552Kb lim: 4096 exec/s: 57299 rss: 706Mb L: 170/3754 MS: 2 ChangeASCIIInt-EraseBytes-
#58827440	REDUCE cov: 3770 ft: 11939 corp: 5810/552Kb lim: 4096 exec/s: 57280 rss: 706Mb L: 79/3754 MS: 1 EraseBytes-
#58834516	REDUCE cov: 3770 ft: 11939 corp: 5810/552Kb lim: 4096 exec/s: 57287 rss: 706Mb L: 215/3754 MS: 1 EraseBytes-
#58863832	REDUCE cov: 3770 ft: 11939 corp: 5810/552Kb lim: 4096 exec/s: 57260 rss: 706Mb L: 2537/3754 MS: 1 EraseBytes-
#58927438	REDUCE cov: 3770 ft: 11939 corp: 5810/552Kb lim: 4096 exec/s: 57211 rss: 706Mb L: 2068/3754 MS: 1 EraseBytes-
#58983369	REDUCE cov: 3770 ft: 11939 corp: 5810/552Kb lim: 4096 exec/s: 57154 rss: 706Mb L: 66/3754 MS: 1 EraseBytes-
#58989755	REDUCE cov: 3770 ft: 11939 corp: 5810/552Kb lim: 4096 exec/s: 57160 rss: 706Mb L: 577/3754 MS: 1 EraseBytes-
#58991417	REDUCE cov: 3770 ft: 11939 corp: 5810/552Kb lim: 4096 exec/s: 57162 rss: 706Mb L: 107/3754 MS: 2 ShuffleBytes-EraseBytes-
#59105083	REDUCE cov: 3770 ft: 11939 corp: 5810/552Kb lim: 4096 exec/s: 57161 rss: 706Mb L: 169/3754 MS: 1 EraseBytes-
#59127974	REDUCE cov: 3770 ft: 11939 corp: 5810/552Kb lim: 4096 exec/s: 57128 rss: 706Mb L: 1164/3754 MS: 1 EraseBytes-
#59131360	REDUCE cov: 3770 ft: 11939 corp: 5810/552Kb lim: 4096 exec/s: 57131 rss: 706Mb L: 59/3754 MS: 1 EraseBytes-
#59210817	REDUCE cov: 3770 ft: 11939 corp: 5810/552Kb lim: 4096 exec/s: 57098 rss: 706Mb L: 1025/3754 MS: 2 ChangeASCIIInt-EraseBytes-
#59252928	REDUCE cov: 3770 ft: 11939 corp: 5810/552Kb lim: 4096 exec/s: 57083 rss: 706Mb L: 62/3754 MS: 1 EraseBytes-
#59272049	REDUCE cov: 3770 ft: 11939 corp: 5810/552Kb lim: 4096 exec/s: 57047 rss: 706Mb L: 352/3754 MS: 1 EraseBytes-
#59275021	REDUCE cov: 3770 ft: 11939 corp: 5810/552Kb lim: 4096 exec/s: 57050 rss: 706Mb L: 2000/3754 MS: 2 InsertRepeatedBytes-EraseBytes-
#59314647	REDUCE cov: 3770 ft: 11939 corp: 5810/552Kb lim: 4096 exec/s: 57033 rss: 706Mb L: 79/3754 MS: 1 EraseBytes-
#59320023	REDUCE cov: 3770 ft: 11939 corp: 5810/552Kb lim: 4096 exec/s: 57038 rss: 706Mb L: 305/3754 MS: 1 EraseBytes-
#59345109	REDUCE cov: 3770 ft: 11939 corp: 5810/552Kb lim: 4096 exec/s: 57007 rss: 706Mb L: 44/3754 MS: 1 EraseBytes-
#59376495	REDUCE cov: 3770 ft: 11939 corp: 5810/552Kb lim: 4096 exec/s: 57037 rss: 706Mb L: 1022/3754 MS: 1 EraseBytes-
#59378816	REDUCE cov: 3770 ft: 11939 corp: 5810/552Kb lim: 4096 exec/s: 57040 rss: 706Mb L: 788/3754 MS: 1 EraseBytes-
#59380667	REDUCE cov: 3770 ft: 11939 corp: 5810/552Kb lim: 4096 exec/s: 57041 rss: 706Mb L: 781/3754 MS: 1 EraseBytes-
#59401019	REDUCE cov: 3770 ft: 11939 corp: 5810/552Kb lim: 4096 exec/s: 57006 rss: 706Mb L: 213/3754 MS: 1 EraseBytes-
#59432380	REDUCE cov: 3770 ft: 11939 corp: 5810/552Kb lim: 4096 exec/s: 57036 rss: 706Mb L: 637/3754 MS: 1 EraseBytes-
#59447502	REDUCE cov: 3770 ft: 11939 corp: 5810/552Kb lim: 4096 exec/s: 56996 rss: 706Mb L: 76/3754 MS: 1 EraseBytes-
#59454328	REDUCE cov: 3770 ft: 11939 corp: 5810/552Kb lim: 4096 exec/s: 57003 rss: 706Mb L: 1020/3754 MS: 1 EraseBytes-
#59458530	REDUCE cov: 3770 ft: 11939 corp: 5810/552Kb lim: 4096 exec/s: 57007 rss: 706Mb L: 284/3754 MS: 2 ShuffleBytes-EraseBytes-
#59464706	REDUCE cov: 3770 ft: 11939 corp: 5810/552Kb lim: 4096 exec/s: 57013 rss: 706Mb L: 39/3754 MS: 1 EraseBytes-
#59465792	REDUCE cov: 3770 ft: 11939 corp: 5810/552Kb lim: 4096 exec/s: 57014 rss: 706Mb L: 106/3754 MS: 1 EraseBytes-
#59478858	REDUCE cov: 3770 ft: 11939 corp: 5810/552Kb lim: 4096 exec/s: 56972 rss: 706Mb L: 3308/3754 MS: 1 EraseBytes-
#59483159	REDUCE cov: 3770 ft: 11939 corp: 5810/552Kb lim: 4096 exec/s: 56976 rss: 706Mb L: 107/3754 MS: 1 EraseBytes-
#59484085	REDUCE cov: 3770 ft: 11939 corp: 5810/552Kb lim: 4096 exec/s: 56977 rss: 706Mb L: 2395/3754 MS: 1 EraseBytes-
#59511991	REDUCE cov: 3770 ft: 11939 corp: 5810/552Kb lim: 4096 exec/s: 56949 rss: 706Mb L: 351/3754 MS: 1 EraseBytes-
#59512382	REDUCE cov: 3770 ft: 11939 corp: 5810/552Kb lim: 4096 exec/s: 56949 rss: 706Mb L: 1110/3754 MS: 1 EraseBytes-
#59521763	REDUCE cov: 3770 ft: 11939 corp: 5810/552Kb lim: 4096 exec/s: 56958 rss: 706Mb L: 350/3754 MS: 1 EraseBytes-
#59543794	REDUCE cov: 3770 ft: 11939 corp: 5810/552Kb lim: 4096 exec/s: 56979 rss: 706Mb L: 345/3754 MS: 1 EraseBytes-
#59547140	REDUCE cov: 3770 ft: 11939 corp: 5810/552Kb lim: 4096 exec/s: 56982 rss: 706Mb L: 210/3754 MS: 1 EraseBytes-
#59588037	REDUCE cov: 3770 ft: 11939 corp: 5810/552Kb lim: 4096 exec/s: 56913 rss: 706Mb L: 2532/3754 MS: 1 EraseBytes-
#59616484	REDUCE cov: 3770 ft: 11939 corp: 5810/552Kb lim: 4096 exec/s: 56885 rss: 706Mb L: 1063/3754 MS: 1 EraseBytes-
#59639841	REDUCE cov: 3770 ft: 11939 corp: 5810/552Kb lim: 4096 exec/s: 56908 rss: 706Mb L: 403/3754 MS: 2 ChangeASCIIInt-EraseBytes-
#59667022	REDUCE cov: 3770 ft: 11939 corp: 5810/552Kb lim: 4096 exec/s: 56879 rss: 706Mb L: 436/3754 MS: 1 EraseBytes-
#59671358	REDUCE cov: 3770 ft: 11939 corp: 5810/552Kb lim: 4096 exec/s: 56884 rss: 706Mb L: 2553/3754 MS: 1 EraseBytes-
#59718865	REDUCE cov: 3770 ft: 11939 corp: 5810/552Kb lim: 4096 exec/s: 56875 rss: 706Mb L: 554/3754 MS: 2 ShuffleBytes-EraseBytes-
#59721256	REDUCE cov: 3770 ft: 11939 corp: 5810/552Kb lim: 4096 exec/s: 56877 rss: 706Mb L: 1020/3754 MS: 1 EraseBytes-
#59737678	REDUCE cov: 3770 ft: 11939 corp: 5810/552Kb lim: 4096 exec/s: 56838 rss: 706Mb L: 304/3754 MS: 2 InsertByte-EraseBytes-
#59765977	REDUCE cov: 3770 ft: 11939 corp: 5810/552Kb lim: 4096 exec/s: 56811 rss: 706Mb L: 1071/3754 MS: 4 PersAutoDict-EraseBytes-ShuffleBytes-CopyPart- DE: "\013\000\000\000"-
#59774778	REDUCE cov: 3770 ft: 11939 corp: 5810/552Kb lim: 4096 exec/s: 56820 rss: 706Mb L: 72/3754 MS: 1 EraseBytes-
#59785169	REDUCE cov: 3770 ft: 11939 corp: 5810/552Kb lim: 4096 exec/s: 56830 rss: 706Mb L: 385/3754 MS: 1 EraseBytes-
#59792475	REDUCE cov: 3770 ft: 11939 corp: 5810/552Kb lim: 4096 exec/s: 56836 rss: 706Mb L: 63/3754 MS: 1 EraseBytes-
#59805186	REDUCE cov: 3770 ft: 11939 corp: 5810/552Kb lim: 4096 exec/s: 56849 rss: 706Mb L: 105/3754 MS: 1 EraseBytes-
#59829547	REDUCE cov: 3770 ft: 11939 corp: 5810/552Kb lim: 4096 exec/s: 56818 rss: 706Mb L: 2392/3754 MS: 1 EraseBytes-
#59859069	REDUCE cov: 3770 ft: 11939 corp: 5810/552Kb lim: 4096 exec/s: 56792 rss: 706Mb L: 584/3754 MS: 2 ShuffleBytes-EraseBytes-
#59865725	REDUCE cov: 3770 ft: 11939 corp: 5810/552Kb lim: 4096 exec/s: 56744 rss: 706Mb L: 97/3754 MS: 1 EraseBytes-
#59890401	REDUCE cov: 3770 ft: 11939 corp: 5810/552Kb lim: 4096 exec/s: 56768 rss: 706Mb L: 66/3754 MS: 1 EraseBytes-
#59899677	REDUCE cov: 3770 ft: 11939 corp: 5810/552Kb lim: 4096 exec/s: 56776 rss: 706Mb L: 61/3754 MS: 1 EraseBytes-
#59903814	REDUCE cov: 3770 ft: 11939 corp: 5810/552Kb lim: 4096 exec/s: 56780 rss: 706Mb L: 335/3754 MS: 2 EraseBytes-CopyPart-
#59905986	REDUCE cov: 3770 ft: 11939 corp: 5810/552Kb lim: 4096 exec/s: 56782 rss: 706Mb L: 101/3754 MS: 2 ChangeASCIIInt-EraseBytes-
#59924437	REDUCE cov: 3770 ft: 11939 corp: 5810/552Kb lim: 4096 exec/s: 56746 rss: 706Mb L: 164/3754 MS: 1 EraseBytes-
#59967245	REDUCE cov: 3770 ft: 11939 corp: 5810/552Kb lim: 4096 exec/s: 56679 rss: 706Mb L: 303/3754 MS: 3 ChangeASCIIInt-ChangeASCIIInt-EraseBytes-
#59969417	REDUCE cov: 3770 ft: 11939 corp: 5810/552Kb lim: 4096 exec/s: 56681 rss: 706Mb L: 72/3754 MS: 2 ShuffleBytes-EraseBytes-
#59977813	REDUCE cov: 3770 ft: 11939 corp: 5810/552Kb lim: 4096 exec/s: 56689 rss: 706Mb L: 209/3754 MS: 1 EraseBytes-
#59986159	REDUCE cov: 3770 ft: 11939 corp: 5810/552Kb lim: 4096 exec/s: 56697 rss: 706Mb L: 1019/3754 MS: 1 EraseBytes-
#60001281	REDUCE cov: 3770 ft: 11939 corp: 5810/552Kb lim: 4096 exec/s: 56711 rss: 706Mb L: 163/3754 MS: 2 ChangeASCIIInt-EraseBytes-
#60013925	REDUCE cov: 3770 ft: 11939 corp: 5810/552Kb lim: 4096 exec/s: 56670 rss: 706Mb L: 1107/3754 MS: 3 ChangeASCIIInt-ChangeASCIIInt-EraseBytes-
#60014356	REDUCE cov: 3770 ft: 11939 corp: 5810/552Kb lim: 4096 exec/s: 56670 rss: 706Mb L: 208/3754 MS: 1 EraseBytes-
#60020703	REDUCE cov: 3770 ft: 11939 corp: 5810/552Kb lim: 4096 exec/s: 56676 rss: 706Mb L: 2651/3754 MS: 2 ChangeASCIIInt-EraseBytes-
#60029854	REDUCE cov: 3770 ft: 11939 corp: 5810/552Kb lim: 4096 exec/s: 56685 rss: 706Mb L: 83/3754 MS: 1 EraseBytes-
#60041010	REDUCE cov: 3770 ft: 11939 corp: 5810/552Kb lim: 4096 exec/s: 56642 rss: 706Mb L: 341/3754 MS: 1 EraseBytes-
#60059091	REDUCE cov: 3770 ft: 11939 corp: 5810/552Kb lim: 4096 exec/s: 56659 rss: 706Mb L: 330/3754 MS: 1 EraseBytes-
#60074043	REDUCE cov: 3770 ft: 11939 corp: 5810/552Kb lim: 4096 exec/s: 56620 rss: 706Mb L: 149/3754 MS: 1 EraseBytes-
#60079289	REDUCE cov: 3770 ft: 11939 corp: 5810/552Kb lim: 4096 exec/s: 56625 rss: 706Mb L: 1016/3754 MS: 1 EraseBytes-
#60088850	REDUCE cov: 3770 ft: 11939 corp: 5810/552Kb lim: 4096 exec/s: 56634 rss: 706Mb L: 327/3754 MS: 1 EraseBytes-
#60110086	REDUCE cov: 3770 ft: 11939 corp: 5810/552Kb lim: 4096 exec/s: 56654 rss: 706Mb L: 84/3754 MS: 1 EraseBytes-
#60119153	REDUCE cov: 3770 ft: 11939 corp: 5810/552Kb lim: 4096 exec/s: 56609 rss: 706Mb L: 1385/3754 MS: 2 ShuffleBytes-EraseBytes-
#60134540	REDUCE cov: 3770 ft: 11939 corp: 5810/552Kb lim: 4096 exec/s: 56623 rss: 706Mb L: 163/3754 MS: 2 ShuffleBytes-EraseBytes-
#60147781	REDUCE cov: 3770 ft: 11939 corp: 5810/552Kb lim: 4096 exec/s: 56636 rss: 706Mb L: 283/3754 MS: 1 EraseBytes-
#60165042	REDUCE cov: 3770 ft: 11946 corp: 5811/552Kb lim: 4096 exec/s: 56599 rss: 706Mb L: 131/3754 MS: 1 CrossOver-
#60189433	REDUCE cov: 3770 ft: 11946 corp: 5811/552Kb lim: 4096 exec/s: 56569 rss: 706Mb L: 582/3754 MS: 1 EraseBytes-
#60193479	REDUCE cov: 3770 ft: 11946 corp: 5811/552Kb lim: 4096 exec/s: 56572 rss: 706Mb L: 33/3754 MS: 1 EraseBytes-
#60212960	REDUCE cov: 3770 ft: 11946 corp: 5811/552Kb lim: 4096 exec/s: 56591 rss: 706Mb L: 104/3754 MS: 1 EraseBytes-
#60283392	REDUCE cov: 3770 ft: 11946 corp: 5811/552Kb lim: 4096 exec/s: 56551 rss: 706Mb L: 97/3754 MS: 2 ChangeBinInt-EraseBytes-
#60324318	REDUCE cov: 3770 ft: 11946 corp: 5811/552Kb lim: 4096 exec/s: 56536 rss: 706Mb L: 162/3754 MS: 1 EraseBytes-
#60329464	REDUCE cov: 3770 ft: 11946 corp: 5811/552Kb lim: 4096 exec/s: 56541 rss: 706Mb L: 1003/3754 MS: 1 EraseBytes-
#60329905	REDUCE cov: 3770 ft: 11946 corp: 5811/552Kb lim: 4096 exec/s: 56541 rss: 706Mb L: 2443/3754 MS: 1 EraseBytes-
#60336151	REDUCE cov: 3770 ft: 11946 corp: 5811/552Kb lim: 4096 exec/s: 56547 rss: 706Mb L: 1146/3754 MS: 1 EraseBytes-
#60338007	REDUCE cov: 3770 ft: 11946 corp: 5811/552Kb lim: 4096 exec/s: 56496 rss: 706Mb L: 145/3754 MS: 1 EraseBytes-
#60389774	REDUCE cov: 3770 ft: 11946 corp: 5811/552Kb lim: 4096 exec/s: 56491 rss: 706Mb L: 298/3754 MS: 2 ChangeASCIIInt-EraseBytes-
#60406345	REDUCE cov: 3770 ft: 11946 corp: 5811/552Kb lim: 4096 exec/s: 56507 rss: 706Mb L: 282/3754 MS: 1 EraseBytes-
#60429666	REDUCE cov: 3770 ft: 11946 corp: 5811/552Kb lim: 4096 exec/s: 56476 rss: 706Mb L: 2519/3754 MS: 1 EraseBytes-
#60459372	REDUCE cov: 3770 ft: 11946 corp: 5811/552Kb lim: 4096 exec/s: 56451 rss: 706Mb L: 1195/3754 MS: 1 EraseBytes-
#60466083	REDUCE cov: 3770 ft: 11946 corp: 5811/552Kb lim: 4096 exec/s: 56457 rss: 706Mb L: 571/3754 MS: 1 EraseBytes-
#60504364	REDUCE cov: 3770 ft: 11946 corp: 5811/552Kb lim: 4096 exec/s: 56440 rss: 706Mb L: 454/3754 MS: 1 EraseBytes-
#60521510	REDUCE cov: 3770 ft: 11946 corp: 5811/552Kb lim: 4096 exec/s: 56456 rss: 706Mb L: 301/3754 MS: 1 EraseBytes-
#60531951	REDUCE cov: 3770 ft: 11946 corp: 5811/552Kb lim: 4096 exec/s: 56413 rss: 706Mb L: 779/3754 MS: 1 EraseBytes-
#60533372	REDUCE cov: 3770 ft: 11946 corp: 5811/552Kb lim: 4096 exec/s: 56415 rss: 706Mb L: 152/3754 MS: 1 EraseBytes-
#60535088	REDUCE cov: 3770 ft: 11946 corp: 5811/552Kb lim: 4096 exec/s: 56416 rss: 706Mb L: 140/3754 MS: 1 EraseBytes-
#60536819	REDUCE cov: 3770 ft: 11946 corp: 5811/552Kb lim: 4096 exec/s: 56418 rss: 706Mb L: 568/3754 MS: 1 EraseBytes-
#60576372	REDUCE cov: 3770 ft: 11946 corp: 5811/552Kb lim: 4096 exec/s: 56350 rss: 706Mb L: 173/3754 MS: 3 CopyPart-EraseBytes-CopyPart-
#60604824	REDUCE cov: 3770 ft: 11946 corp: 5811/552Kb lim: 4096 exec/s: 56376 rss: 706Mb L: 2494/3754 MS: 2 ChangeASCIIInt-EraseBytes-
#60611475	REDUCE cov: 3770 ft: 11946 corp: 5811/552Kb lim: 4096 exec/s: 56330 rss: 706Mb L: 379/3754 MS: 1 EraseBytes-
#60617446	REDUCE cov: 3770 ft: 11946 corp: 5811/552Kb lim: 4096 exec/s: 56335 rss: 706Mb L: 326/3754 MS: 1 EraseBytes-
#60635097	REDUCE cov: 3770 ft: 11946 corp: 5811/552Kb lim: 4096 exec/s: 56352 rss: 706Mb L: 2017/3754 MS: 1 EraseBytes-
#60643993	REDUCE cov: 3770 ft: 11946 corp: 5811/552Kb lim: 4096 exec/s: 56308 rss: 706Mb L: 1418/3754 MS: 1 EraseBytes-
#60648749	REDUCE cov: 3770 ft: 11946 corp: 5811/552Kb lim: 4096 exec/s: 56312 rss: 706Mb L: 321/3754 MS: 1 EraseBytes-
#60654775	REDUCE cov: 3770 ft: 11946 corp: 5811/552Kb lim: 4096 exec/s: 56318 rss: 706Mb L: 61/3754 MS: 1 EraseBytes-
#60663787	REDUCE cov: 3770 ft: 11946 corp: 5811/552Kb lim: 4096 exec/s: 56326 rss: 706Mb L: 777/3754 MS: 1 EraseBytes-
#60666943	REDUCE cov: 3770 ft: 11946 corp: 5811/552Kb lim: 4096 exec/s: 56277 rss: 706Mb L: 320/3754 MS: 1 EraseBytes-
#60688779	REDUCE cov: 3770 ft: 11946 corp: 5811/552Kb lim: 4096 exec/s: 56297 rss: 706Mb L: 336/3754 MS: 1 EraseBytes-
#60704995	REDUCE cov: 3770 ft: 11946 corp: 5811/552Kb lim: 4096 exec/s: 56312 rss: 706Mb L: 159/3754 MS: 1 EraseBytes-
#60747132	REDUCE cov: 3770 ft: 11946 corp: 5811/552Kb lim: 4096 exec/s: 56247 rss: 706Mb L: 277/3754 MS: 1 EraseBytes-
#60771468	REDUCE cov: 3770 ft: 11946 corp: 5811/551Kb lim: 4096 exec/s: 56217 rss: 706Mb L: 96/3754 MS: 1 EraseBytes-
#60780949	REDUCE cov: 3770 ft: 11946 corp: 5811/551Kb lim: 4096 exec/s: 56226 rss: 706Mb L: 64/3754 MS: 1 EraseBytes-
#60786925	REDUCE cov: 3770 ft: 11946 corp: 5811/551Kb lim: 4096 exec/s: 56232 rss: 706Mb L: 316/3754 MS: 1 EraseBytes-
#60820456	REDUCE cov: 3770 ft: 11946 corp: 5811/551Kb lim: 4096 exec/s: 56211 rss: 706Mb L: 206/3754 MS: 1 EraseBytes-
#60828332	REDUCE cov: 3770 ft: 11946 corp: 5811/551Kb lim: 4096 exec/s: 56218 rss: 706Mb L: 102/3754 MS: 1 EraseBytes-
#60889449	REDUCE cov: 3770 ft: 11946 corp: 5811/551Kb lim: 4096 exec/s: 56119 rss: 706Mb L: 167/3754 MS: 2 ChangeASCIIInt-EraseBytes-
#60949335	REDUCE cov: 3770 ft: 11946 corp: 5811/551Kb lim: 4096 exec/s: 56122 rss: 706Mb L: 300/3754 MS: 1 EraseBytes-
#60967065	REDUCE cov: 3770 ft: 11946 corp: 5811/551Kb lim: 4096 exec/s: 56087 rss: 706Mb L: 161/3754 MS: 5 ChangeBit-ChangeBinInt-CopyPart-ShuffleBytes-EraseBytes-
#60975043	REDUCE cov: 3770 ft: 11946 corp: 5811/551Kb lim: 4096 exec/s: 56043 rss: 706Mb L: 164/3754 MS: 3 ShuffleBytes-ChangeBit-EraseBytes-
#61002784	REDUCE cov: 3770 ft: 11946 corp: 5811/551Kb lim: 4096 exec/s: 56068 rss: 706Mb L: 315/3754 MS: 1 EraseBytes-
#61005497	REDUCE cov: 3770 ft: 11946 corp: 5811/551Kb lim: 4096 exec/s: 56071 rss: 706Mb L: 157/3754 MS: 3 CopyPart-ChangeASCIIInt-EraseBytes-
#61019423	REDUCE cov: 3770 ft: 11946 corp: 5811/551Kb lim: 4096 exec/s: 56032 rss: 706Mb L: 276/3754 MS: 1 EraseBytes-
#61050239	REDUCE cov: 3770 ft: 11946 corp: 5811/551Kb lim: 4096 exec/s: 56009 rss: 706Mb L: 2016/3754 MS: 1 EraseBytes-
#61066002	REDUCE cov: 3770 ft: 11946 corp: 5811/551Kb lim: 4096 exec/s: 55972 rss: 706Mb L: 1401/3754 MS: 3 ShuffleBytes-PersAutoDict-EraseBytes- DE: "parmnt"-
#61068273	REDUCE cov: 3770 ft: 11946 corp: 5811/551Kb lim: 4096 exec/s: 55974 rss: 706Mb L: 1376/3754 MS: 1 EraseBytes-
#61074489	REDUCE cov: 3770 ft: 11946 corp: 5811/551Kb lim: 4096 exec/s: 55980 rss: 706Mb L: 274/3754 MS: 1 EraseBytes-
#61097555	REDUCE cov: 3770 ft: 11946 corp: 5811/551Kb lim: 4096 exec/s: 56001 rss: 706Mb L: 335/3754 MS: 1 EraseBytes-
#61116292	REDUCE cov: 3770 ft: 11946 corp: 5811/551Kb lim: 4096 exec/s: 55967 rss: 706Mb L: 3284/3754 MS: 1 EraseBytes-
#61128953	REDUCE cov: 3770 ft: 11946 corp: 5811/551Kb lim: 4096 exec/s: 55978 rss: 706Mb L: 58/3754 MS: 1 EraseBytes-
#61137884	REDUCE cov: 3770 ft: 11946 corp: 5811/551Kb lim: 4096 exec/s: 55935 rss: 706Mb L: 96/3754 MS: 1 EraseBytes-
#61149655	REDUCE cov: 3770 ft: 11946 corp: 5811/551Kb lim: 4096 exec/s: 55946 rss: 706Mb L: 595/3754 MS: 1 EraseBytes-
#61151071	REDUCE cov: 3770 ft: 11946 corp: 5811/551Kb lim: 4096 exec/s: 55947 rss: 706Mb L: 174/3754 MS: 1 EraseBytes-
#61159942	REDUCE cov: 3770 ft: 11946 corp: 5811/551Kb lim: 4096 exec/s: 55904 rss: 706Mb L: 580/3754 MS: 1 EraseBytes-
#61181478	REDUCE cov: 3770 ft: 11946 corp: 5811/551Kb lim: 4096 exec/s: 55924 rss: 706Mb L: 1091/3754 MS: 1 EraseBytes-
#61195475	REDUCE cov: 3770 ft: 11946 corp: 5811/551Kb lim: 4096 exec/s: 55937 rss: 706Mb L: 1383/3754 MS: 2 ChangeASCIIInt-EraseBytes-
#61201181	REDUCE cov: 3770 ft: 11946 corp: 5811/551Kb lim: 4096 exec/s: 55891 rss: 706Mb L: 774/3754 MS: 1 EraseBytes-
#61202427	REDUCE cov: 3770 ft: 11946 corp: 5811/551Kb lim: 4096 exec/s: 55892 rss: 706Mb L: 103/3754 MS: 1 EraseBytes-
#61230190	REDUCE cov: 3770 ft: 11946 corp: 5811/551Kb lim: 4096 exec/s: 55866 rss: 706Mb L: 1581/3754 MS: 3 ChangeBit-ChangeASCIIInt-EraseBytes-
#61262121	REDUCE cov: 3770 ft: 11946 corp: 5811/551Kb lim: 4096 exec/s: 55845 rss: 706Mb L: 623/3754 MS: 1 EraseBytes-
#61266092	REDUCE cov: 3770 ft: 11946 corp: 5811/551Kb lim: 4096 exec/s: 55848 rss: 706Mb L: 65/3754 MS: 1 EraseBytes-
#61277194	REDUCE cov: 3770 ft: 11946 corp: 5811/551Kb lim: 4096 exec/s: 55858 rss: 706Mb L: 314/3754 MS: 2 ChangeASCIIInt-EraseBytes-
#61300315	REDUCE cov: 3770 ft: 11946 corp: 5811/551Kb lim: 4096 exec/s: 55829 rss: 706Mb L: 1194/3754 MS: 1 EraseBytes-
#61309918	REDUCE cov: 3770 ft: 11946 corp: 5811/551Kb lim: 4096 exec/s: 55837 rss: 706Mb L: 311/3754 MS: 3 ChangeBit-ChangeByte-EraseBytes-
#61321104	REDUCE cov: 3770 ft: 11946 corp: 5811/551Kb lim: 4096 exec/s: 55797 rss: 706Mb L: 35/3754 MS: 1 EraseBytes-
#61393526	REDUCE cov: 3770 ft: 11946 corp: 5811/551Kb lim: 4096 exec/s: 55761 rss: 706Mb L: 337/3754 MS: 1 EraseBytes-
#61400172	REDUCE cov: 3770 ft: 11946 corp: 5811/551Kb lim: 4096 exec/s: 55767 rss: 706Mb L: 101/3754 MS: 1 EraseBytes-
#61405888	REDUCE cov: 3770 ft: 11946 corp: 5811/551Kb lim: 4096 exec/s: 55772 rss: 706Mb L: 120/3754 MS: 1 EraseBytes-
#61458454	REDUCE cov: 3770 ft: 11946 corp: 5811/551Kb lim: 4096 exec/s: 55719 rss: 706Mb L: 272/3754 MS: 1 EraseBytes-
#61480160	REDUCE cov: 3770 ft: 11946 corp: 5811/551Kb lim: 4096 exec/s: 55688 rss: 706Mb L: 40/3754 MS: 1 EraseBytes-
#61492566	REDUCE cov: 3770 ft: 11946 corp: 5811/551Kb lim: 4096 exec/s: 55699 rss: 706Mb L: 336/3754 MS: 1 EraseBytes-
#61493362	REDUCE cov: 3770 ft: 11946 corp: 5811/551Kb lim: 4096 exec/s: 55700 rss: 706Mb L: 980/3754 MS: 1 EraseBytes-
#61494323	REDUCE cov: 3770 ft: 11946 corp: 5811/551Kb lim: 4096 exec/s: 55701 rss: 706Mb L: 299/3754 MS: 1 EraseBytes-
#61498826	REDUCE cov: 3770 ft: 11946 corp: 5811/551Kb lim: 4096 exec/s: 55705 rss: 706Mb L: 2488/3754 MS: 3 ShuffleBytes-ShuffleBytes-EraseBytes-
#61505408	REDUCE cov: 3770 ft: 11946 corp: 5811/551Kb lim: 4096 exec/s: 55661 rss: 706Mb L: 2487/3754 MS: 1 EraseBytes-
#61509124	REDUCE cov: 3770 ft: 11946 corp: 5811/551Kb lim: 4096 exec/s: 55664 rss: 706Mb L: 206/3754 MS: 1 EraseBytes-
#61516715	REDUCE cov: 3770 ft: 11946 corp: 5811/551Kb lim: 4096 exec/s: 55671 rss: 706Mb L: 56/3754 MS: 1 EraseBytes-
#61527741	REDUCE cov: 3770 ft: 11946 corp: 5811/551Kb lim: 4096 exec/s: 55681 rss: 706Mb L: 155/3754 MS: 1 EraseBytes-
#61530552	REDUCE cov: 3770 ft: 11946 corp: 5811/551Kb lim: 4096 exec/s: 55683 rss: 706Mb L: 205/3754 MS: 1 EraseBytes-
#61581460	REDUCE cov: 3770 ft: 11946 corp: 5811/551Kb lim: 4096 exec/s: 55629 rss: 706Mb L: 464/3754 MS: 2 ShuffleBytes-EraseBytes-
#61611911	REDUCE cov: 3770 ft: 11946 corp: 5811/551Kb lim: 4096 exec/s: 55606 rss: 706Mb L: 550/3754 MS: 1 EraseBytes-
#61661107	REDUCE cov: 3770 ft: 11946 corp: 5811/551Kb lim: 4096 exec/s: 55550 rss: 706Mb L: 775/3754 MS: 1 EraseBytes-
#61663788	REDUCE cov: 3770 ft: 11946 corp: 5811/551Kb lim: 4096 exec/s: 55552 rss: 706Mb L: 549/3754 MS: 1 EraseBytes-
#61679879	REDUCE cov: 3770 ft: 11946 corp: 5811/551Kb lim: 4096 exec/s: 55567 rss: 706Mb L: 297/3754 MS: 1 EraseBytes-
#61682135	REDUCE cov: 3770 ft: 11946 corp: 5811/551Kb lim: 4096 exec/s: 55569 rss: 706Mb L: 44/3754 MS: 1 EraseBytes-
#61746607	REDUCE cov: 3770 ft: 11946 corp: 5811/551Kb lim: 4096 exec/s: 55527 rss: 706Mb L: 100/3754 MS: 1 EraseBytes-
#61770203	REDUCE cov: 3770 ft: 11946 corp: 5811/551Kb lim: 4096 exec/s: 55548 rss: 706Mb L: 1351/3754 MS: 1 EraseBytes-
#61804589	REDUCE cov: 3770 ft: 11946 corp: 5811/551Kb lim: 4096 exec/s: 55479 rss: 706Mb L: 58/3754 MS: 1 EraseBytes-
#61836585	REDUCE cov: 3770 ft: 11946 corp: 5811/551Kb lim: 4096 exec/s: 55508 rss: 706Mb L: 90/3754 MS: 1 EraseBytes-
#61847671	REDUCE cov: 3770 ft: 11946 corp: 5811/551Kb lim: 4096 exec/s: 55518 rss: 706Mb L: 771/3754 MS: 1 EraseBytes-
#61865297	REDUCE cov: 3770 ft: 11946 corp: 5811/551Kb lim: 4096 exec/s: 55484 rss: 706Mb L: 204/3754 MS: 1 EraseBytes-
#61869314	REDUCE cov: 3770 ft: 11946 corp: 5811/551Kb lim: 4096 exec/s: 55488 rss: 706Mb L: 69/3754 MS: 2 ShuffleBytes-EraseBytes-
#61882485	REDUCE cov: 3770 ft: 11946 corp: 5811/551Kb lim: 4096 exec/s: 55499 rss: 706Mb L: 1998/3754 MS: 1 EraseBytes-
#61892391	REDUCE cov: 3770 ft: 11946 corp: 5811/551Kb lim: 4096 exec/s: 55459 rss: 706Mb L: 28/3754 MS: 1 EraseBytes-
#61912437	REDUCE cov: 3770 ft: 11946 corp: 5811/551Kb lim: 4096 exec/s: 55477 rss: 706Mb L: 962/3754 MS: 1 EraseBytes-
#61925253	REDUCE cov: 3770 ft: 11946 corp: 5811/551Kb lim: 4096 exec/s: 55438 rss: 706Mb L: 155/3754 MS: 1 EraseBytes-
#61936085	REDUCE cov: 3770 ft: 11946 corp: 5811/551Kb lim: 4096 exec/s: 55448 rss: 706Mb L: 104/3754 MS: 2 EraseBytes-CopyPart-
#61960466	REDUCE cov: 3770 ft: 11946 corp: 5811/551Kb lim: 4096 exec/s: 55420 rss: 706Mb L: 49/3754 MS: 1 EraseBytes-
#61970353	REDUCE cov: 3770 ft: 11946 corp: 5811/551Kb lim: 4096 exec/s: 55429 rss: 706Mb L: 1998/3754 MS: 2 ShuffleBytes-EraseBytes-
#61976699	REDUCE cov: 3770 ft: 11946 corp: 5811/551Kb lim: 4096 exec/s: 55435 rss: 706Mb L: 547/3754 MS: 1 EraseBytes-
#61986360	REDUCE cov: 3770 ft: 11946 corp: 5811/551Kb lim: 4096 exec/s: 55443 rss: 706Mb L: 579/3754 MS: 1 EraseBytes-
#61993823	REDUCE cov: 3770 ft: 11946 corp: 5811/551Kb lim: 4096 exec/s: 55450 rss: 706Mb L: 1349/3754 MS: 3 ShuffleBytes-InsertByte-EraseBytes-
#62006644	REDUCE cov: 3770 ft: 11946 corp: 5811/551Kb lim: 4096 exec/s: 55412 rss: 706Mb L: 998/3754 MS: 1 EraseBytes-
#62017970	REDUCE cov: 3770 ft: 11946 corp: 5811/551Kb lim: 4096 exec/s: 55422 rss: 706Mb L: 1347/3754 MS: 1 EraseBytes-
#62020977	REDUCE cov: 3770 ft: 11946 corp: 5811/551Kb lim: 4096 exec/s: 55425 rss: 706Mb L: 202/3754 MS: 2 ChangeASCIIInt-EraseBytes-
#62063414	REDUCE cov: 3770 ft: 11946 corp: 5811/551Kb lim: 4096 exec/s: 55413 rss: 706Mb L: 56/3754 MS: 1 EraseBytes-
#62065320	REDUCE cov: 3770 ft: 11946 corp: 5811/551Kb lim: 4096 exec/s: 55415 rss: 706Mb L: 310/3754 MS: 1 EraseBytes-
#62118576	REDUCE cov: 3770 ft: 11946 corp: 5811/551Kb lim: 4096 exec/s: 55364 rss: 706Mb L: 99/3754 MS: 1 EraseBytes-
#62124037	REDUCE cov: 3770 ft: 11946 corp: 5811/551Kb lim: 4096 exec/s: 55369 rss: 706Mb L: 1145/3754 MS: 1 EraseBytes-
#62142193	REDUCE cov: 3770 ft: 11946 corp: 5811/551Kb lim: 4096 exec/s: 55385 rss: 706Mb L: 199/3754 MS: 1 EraseBytes-
#62195916	REDUCE cov: 3770 ft: 11946 corp: 5811/551Kb lim: 4096 exec/s: 55334 rss: 706Mb L: 62/3754 MS: 3 ChangeASCIIInt-ChangeASCIIInt-EraseBytes-
#62210027	REDUCE cov: 3770 ft: 11946 corp: 5811/551Kb lim: 4096 exec/s: 55346 rss: 706Mb L: 1144/3754 MS: 1 EraseBytes-
#62225288	REDUCE cov: 3770 ft: 11946 corp: 5811/551Kb lim: 4096 exec/s: 55311 rss: 706Mb L: 158/3754 MS: 1 EraseBytes-
#62229334	REDUCE cov: 3770 ft: 11946 corp: 5811/551Kb lim: 4096 exec/s: 55314 rss: 706Mb L: 134/3754 MS: 1 EraseBytes-
#62267180	REDUCE cov: 3770 ft: 11946 corp: 5811/551Kb lim: 4096 exec/s: 55299 rss: 706Mb L: 88/3754 MS: 1 EraseBytes-
#62269211	REDUCE cov: 3770 ft: 11946 corp: 5811/551Kb lim: 4096 exec/s: 55301 rss: 706Mb L: 88/3754 MS: 1 EraseBytes-
#62274987	REDUCE cov: 3770 ft: 11946 corp: 5811/551Kb lim: 4096 exec/s: 55306 rss: 706Mb L: 534/3754 MS: 1 EraseBytes-
#62297753	REDUCE cov: 3770 ft: 11946 corp: 5811/551Kb lim: 4096 exec/s: 55326 rss: 706Mb L: 102/3754 MS: 1 EraseBytes-
#62333144	REDUCE cov: 3770 ft: 11946 corp: 5811/551Kb lim: 4096 exec/s: 55308 rss: 706Mb L: 65/3754 MS: 1 EraseBytes-
#62390515	REDUCE cov: 3770 ft: 11946 corp: 5811/551Kb lim: 4096 exec/s: 55261 rss: 706Mb L: 1089/3754 MS: 1 EraseBytes-
#62408271	REDUCE cov: 3770 ft: 11946 corp: 5811/551Kb lim: 4096 exec/s: 55228 rss: 706Mb L: 2662/3754 MS: 1 EraseBytes-
#62450847	REDUCE cov: 3770 ft: 11946 corp: 5811/551Kb lim: 4096 exec/s: 55217 rss: 706Mb L: 154/3754 MS: 1 EraseBytes-
#62492958	REDUCE cov: 3770 ft: 11946 corp: 5811/551Kb lim: 4096 exec/s: 55205 rss: 706Mb L: 995/3754 MS: 1 EraseBytes-
#62495394	REDUCE cov: 3770 ft: 11946 corp: 5811/551Kb lim: 4096 exec/s: 55207 rss: 706Mb L: 576/3754 MS: 1 EraseBytes-
#62536520	REDUCE cov: 3770 ft: 11946 corp: 5811/551Kb lim: 4096 exec/s: 55146 rss: 706Mb L: 1192/3754 MS: 1 EraseBytes-
#62567818	REDUCE cov: 3770 ft: 11946 corp: 5811/551Kb lim: 4096 exec/s: 55125 rss: 706Mb L: 1380/3754 MS: 3 CopyPart-ChangeByte-EraseBytes-
#62574610	REDUCE cov: 3770 ft: 11946 corp: 5811/551Kb lim: 4096 exec/s: 55131 rss: 706Mb L: 750/3754 MS: 2 ChangeASCIIInt-EraseBytes-
#62584376	REDUCE cov: 3770 ft: 11946 corp: 5811/551Kb lim: 4096 exec/s: 55091 rss: 706Mb L: 731/3754 MS: 1 EraseBytes-
#62591903	REDUCE cov: 3770 ft: 11946 corp: 5811/551Kb lim: 4096 exec/s: 55050 rss: 706Mb L: 1120/3754 MS: 1 EraseBytes-
#62622729	REDUCE cov: 3770 ft: 11946 corp: 5811/551Kb lim: 4096 exec/s: 55028 rss: 706Mb L: 305/3754 MS: 1 EraseBytes-
#62631897	REDUCE cov: 3770 ft: 11946 corp: 5811/551Kb lim: 4096 exec/s: 55036 rss: 706Mb L: 569/3754 MS: 2 CopyPart-EraseBytes-
#62654543	REDUCE cov: 3770 ft: 11946 corp: 5811/551Kb lim: 4096 exec/s: 55008 rss: 706Mb L: 77/3754 MS: 1 EraseBytes-
#62658040	REDUCE cov: 3770 ft: 11946 corp: 5811/551Kb lim: 4096 exec/s: 55011 rss: 706Mb L: 292/3754 MS: 2 ChangeASCIIInt-EraseBytes-
#62663606	REDUCE cov: 3770 ft: 11946 corp: 5811/551Kb lim: 4096 exec/s: 55016 rss: 706Mb L: 101/3754 MS: 1 EraseBytes-
#62664237	REDUCE cov: 3770 ft: 11946 corp: 5811/551Kb lim: 4096 exec/s: 55016 rss: 706Mb L: 941/3754 MS: 1 EraseBytes-
#62673263	REDUCE cov: 3770 ft: 11946 corp: 5811/551Kb lim: 4096 exec/s: 54976 rss: 706Mb L: 290/3754 MS: 1 EraseBytes-
#62675164	REDUCE cov: 3770 ft: 11946 corp: 5811/551Kb lim: 4096 exec/s: 54978 rss: 706Mb L: 271/3754 MS: 1 EraseBytes-
#62697940	REDUCE cov: 3770 ft: 11946 corp: 5811/551Kb lim: 4096 exec/s: 54998 rss: 706Mb L: 1097/3754 MS: 1 EraseBytes-
#62712386	REDUCE cov: 3770 ft: 11946 corp: 5811/551Kb lim: 4096 exec/s: 55010 rss: 706Mb L: 55/3754 MS: 1 EraseBytes-
#62733877	REDUCE cov: 3770 ft: 11946 corp: 5811/551Kb lim: 4096 exec/s: 54981 rss: 706Mb L: 531/3754 MS: 1 EraseBytes-
#62744103	REDUCE cov: 3770 ft: 11946 corp: 5811/551Kb lim: 4096 exec/s: 54990 rss: 706Mb L: 929/3754 MS: 1 EraseBytes-
#62789779	REDUCE cov: 3770 ft: 11946 corp: 5811/551Kb lim: 4096 exec/s: 54934 rss: 706Mb L: 201/3754 MS: 1 EraseBytes-
#62795190	REDUCE cov: 3770 ft: 11946 corp: 5811/551Kb lim: 4096 exec/s: 54938 rss: 706Mb L: 40/3754 MS: 1 EraseBytes-
#62809511	REDUCE cov: 3770 ft: 11946 corp: 5811/551Kb lim: 4096 exec/s: 54951 rss: 706Mb L: 982/3754 MS: 1 EraseBytes-
#62816463	REDUCE cov: 3770 ft: 11946 corp: 5811/551Kb lim: 4096 exec/s: 54957 rss: 706Mb L: 1978/3754 MS: 2 ChangeASCIIInt-EraseBytes-
#62833719	REDUCE cov: 3770 ft: 11946 corp: 5811/551Kb lim: 4096 exec/s: 54876 rss: 706Mb L: 200/3754 MS: 1 EraseBytes-
#62838810	REDUCE cov: 3770 ft: 11946 corp: 5811/551Kb lim: 4096 exec/s: 54881 rss: 706Mb L: 434/3754 MS: 1 EraseBytes-
#62891250	REDUCE cov: 3770 ft: 11946 corp: 5811/550Kb lim: 4096 exec/s: 54831 rss: 706Mb L: 845/3754 MS: 4 ChangeBit-CrossOver-InsertByte-EraseBytes-
#62892426	REDUCE cov: 3770 ft: 11946 corp: 5811/550Kb lim: 4096 exec/s: 54832 rss: 706Mb L: 57/3754 MS: 1 EraseBytes-
#62897582	REDUCE cov: 3770 ft: 11946 corp: 5811/550Kb lim: 4096 exec/s: 54836 rss: 706Mb L: 964/3754 MS: 1 EraseBytes-
#62937078	REDUCE cov: 3770 ft: 11946 corp: 5811/550Kb lim: 4096 exec/s: 54823 rss: 706Mb L: 1167/3754 MS: 1 EraseBytes-
#62941236	REDUCE cov: 3770 ft: 11946 corp: 5811/550Kb lim: 4096 exec/s: 54826 rss: 706Mb L: 547/3754 MS: 3 ChangeASCIIInt-ChangeASCIIInt-EraseBytes-
#62968869	REDUCE cov: 3770 ft: 11946 corp: 5811/550Kb lim: 4096 exec/s: 54803 rss: 706Mb L: 929/3754 MS: 3 ChangeASCIIInt-ChangeBit-EraseBytes-
#62969275	REDUCE cov: 3770 ft: 11946 corp: 5811/550Kb lim: 4096 exec/s: 54803 rss: 706Mb L: 1936/3754 MS: 1 EraseBytes-
#62977222	REDUCE cov: 3770 ft: 11946 corp: 5811/550Kb lim: 4096 exec/s: 54810 rss: 706Mb L: 962/3754 MS: 2 ChangeASCIIInt-EraseBytes-
#62988842	REDUCE cov: 3770 ft: 11946 corp: 5811/550Kb lim: 4096 exec/s: 54772 rss: 706Mb L: 1172/3754 MS: 4 ChangeASCIIInt-EraseBytes-InsertRepeatedBytes-CopyPart-
#63022718	REDUCE cov: 3770 ft: 11946 corp: 5811/550Kb lim: 4096 exec/s: 54802 rss: 706Mb L: 38/3754 MS: 1 EraseBytes-
#63038564	REDUCE cov: 3770 ft: 11946 corp: 5811/550Kb lim: 4096 exec/s: 54768 rss: 706Mb L: 1074/3754 MS: 1 EraseBytes-
#63053965	REDUCE cov: 3770 ft: 11946 corp: 5811/550Kb lim: 4096 exec/s: 54781 rss: 706Mb L: 60/3754 MS: 1 EraseBytes-
#63078312	REDUCE cov: 3770 ft: 11946 corp: 5811/550Kb lim: 4096 exec/s: 54707 rss: 706Mb L: 911/3754 MS: 2 ChangeASCIIInt-EraseBytes-
#63085303	REDUCE cov: 3770 ft: 11946 corp: 5811/550Kb lim: 4096 exec/s: 54714 rss: 706Mb L: 1373/3754 MS: 1 EraseBytes-
#63114270	REDUCE cov: 3770 ft: 11946 corp: 5811/550Kb lim: 4096 exec/s: 54691 rss: 706Mb L: 84/3754 MS: 2 PersAutoDict-EraseBytes- DE: "\377\377"-
#63134611	REDUCE cov: 3770 ft: 11946 corp: 5811/550Kb lim: 4096 exec/s: 54709 rss: 706Mb L: 163/3754 MS: 1 EraseBytes-
#63172562	REDUCE cov: 3770 ft: 11946 corp: 5811/550Kb lim: 4096 exec/s: 54647 rss: 706Mb L: 945/3754 MS: 1 EraseBytes-
#63176231	REDUCE cov: 3770 ft: 11946 corp: 5811/550Kb lim: 4096 exec/s: 54650 rss: 706Mb L: 528/3754 MS: 4 ChangeASCIIInt-ChangeBinInt-ShuffleBytes-EraseBytes-
#63189622	REDUCE cov: 3770 ft: 11946 corp: 5811/550Kb lim: 4096 exec/s: 54662 rss: 706Mb L: 289/3754 MS: 1 EraseBytes-
#63217636	REDUCE cov: 3770 ft: 11946 corp: 5811/550Kb lim: 4096 exec/s: 54639 rss: 706Mb L: 564/3754 MS: 4 ChangeBit-ChangeASCIIInt-InsertByte-EraseBytes-
#63224253	REDUCE cov: 3770 ft: 11946 corp: 5811/550Kb lim: 4096 exec/s: 54644 rss: 706Mb L: 433/3754 MS: 2 ChangeBinInt-EraseBytes-
#63227569	REDUCE cov: 3770 ft: 11946 corp: 5811/550Kb lim: 4096 exec/s: 54647 rss: 706Mb L: 56/3754 MS: 1 EraseBytes-
#63288402	NEW    cov: 3770 ft: 11949 corp: 5812/552Kb lim: 4096 exec/s: 54653 rss: 706Mb L: 1918/3754 MS: 3 ChangeBinInt-CrossOver-ChangeByte-
#63302680	REDUCE cov: 3770 ft: 11949 corp: 5812/552Kb lim: 4096 exec/s: 54618 rss: 706Mb L: 562/3754 MS: 3 ChangeASCIIInt-ChangeASCIIInt-EraseBytes-
#63309430	REDUCE cov: 3770 ft: 11949 corp: 5812/551Kb lim: 4096 exec/s: 54624 rss: 706Mb L: 1037/3754 MS: 5 InsertRepeatedBytes-ChangeBit-CopyPart-CMP-EraseBytes- DE: "\376\377\377\377\377\377\377\377"-
#63318047	REDUCE cov: 3770 ft: 11949 corp: 5812/551Kb lim: 4096 exec/s: 54631 rss: 706Mb L: 199/3754 MS: 1 EraseBytes-
#63320938	REDUCE cov: 3770 ft: 11949 corp: 5812/551Kb lim: 4096 exec/s: 54634 rss: 706Mb L: 162/3754 MS: 1 EraseBytes-
#63326579	REDUCE cov: 3770 ft: 11949 corp: 5812/551Kb lim: 4096 exec/s: 54591 rss: 706Mb L: 287/3754 MS: 1 EraseBytes-
#63347380	REDUCE cov: 3770 ft: 11949 corp: 5812/551Kb lim: 4096 exec/s: 54609 rss: 706Mb L: 896/3754 MS: 1 EraseBytes-
#63353086	REDUCE cov: 3770 ft: 11949 corp: 5812/551Kb lim: 4096 exec/s: 54614 rss: 706Mb L: 1933/3754 MS: 1 EraseBytes-
#63353167	REDUCE cov: 3770 ft: 11949 corp: 5812/551Kb lim: 4096 exec/s: 54614 rss: 706Mb L: 130/3754 MS: 1 EraseBytes-
#63361629	REDUCE cov: 3770 ft: 11949 corp: 5812/551Kb lim: 4096 exec/s: 54622 rss: 706Mb L: 1920/3754 MS: 2 ChangeBit-EraseBytes-
#63370401	REDUCE cov: 3770 ft: 11949 corp: 5812/551Kb lim: 4096 exec/s: 54582 rss: 706Mb L: 72/3754 MS: 1 EraseBytes-
#63372132	REDUCE cov: 3770 ft: 11949 corp: 5812/551Kb lim: 4096 exec/s: 54584 rss: 706Mb L: 102/3754 MS: 1 EraseBytes-
#63373878	REDUCE cov: 3770 ft: 11949 corp: 5812/551Kb lim: 4096 exec/s: 54585 rss: 706Mb L: 584/3754 MS: 1 EraseBytes-
#63377099	REDUCE cov: 3770 ft: 11949 corp: 5812/551Kb lim: 4096 exec/s: 54588 rss: 706Mb L: 979/3754 MS: 1 EraseBytes-
#63383592	REDUCE cov: 3770 ft: 11949 corp: 5812/550Kb lim: 4096 exec/s: 54593 rss: 706Mb L: 666/3754 MS: 3 CMP-CMP-EraseBytes- DE: "anchor"-"\002\000\000\000\000\000\000\000"-
#63385038	REDUCE cov: 3770 ft: 11949 corp: 5812/550Kb lim: 4096 exec/s: 54595 rss: 706Mb L: 88/3754 MS: 1 EraseBytes-
#63392374	REDUCE cov: 3770 ft: 11949 corp: 5812/550Kb lim: 4096 exec/s: 54601 rss: 706Mb L: 944/3754 MS: 1 EraseBytes-
#63395206	REDUCE cov: 3770 ft: 11949 corp: 5812/550Kb lim: 4096 exec/s: 54603 rss: 706Mb L: 580/3754 MS: 2 ChangeBit-EraseBytes-
#63395893	REDUCE cov: 3770 ft: 11949 corp: 5812/550Kb lim: 4096 exec/s: 54604 rss: 706Mb L: 100/3754 MS: 2 ChangeBit-EraseBytes-
#63409926	REDUCE cov: 3770 ft: 11949 corp: 5812/550Kb lim: 4096 exec/s: 54569 rss: 706Mb L: 2612/3754 MS: 1 EraseBytes-
#63426792	REDUCE cov: 3770 ft: 11949 corp: 5812/550Kb lim: 4096 exec/s: 54537 rss: 706Mb L: 926/3754 MS: 1 EraseBytes-
#63426794	REDUCE cov: 3770 ft: 11949 corp: 5812/550Kb lim: 4096 exec/s: 54537 rss: 706Mb L: 87/3754 MS: 2 ChangeASCIIInt-EraseBytes-
#63427160	REDUCE cov: 3770 ft: 11949 corp: 5812/550Kb lim: 4096 exec/s: 54537 rss: 706Mb L: 451/3754 MS: 1 EraseBytes-
#63434337	REDUCE cov: 3770 ft: 11949 corp: 5812/550Kb lim: 4096 exec/s: 54543 rss: 706Mb L: 891/3754 MS: 2 ChangeASCIIInt-EraseBytes-
#63439933	REDUCE cov: 3770 ft: 11949 corp: 5812/550Kb lim: 4096 exec/s: 54548 rss: 706Mb L: 98/3754 MS: 1 EraseBytes-
#63443380	REDUCE cov: 3770 ft: 11949 corp: 5812/550Kb lim: 4096 exec/s: 54551 rss: 706Mb L: 274/3754 MS: 2 CMP-EraseBytes- DE: "\377\377\020\000"-
#63469069	REDUCE cov: 3770 ft: 11949 corp: 5812/550Kb lim: 4096 exec/s: 54526 rss: 706Mb L: 508/3754 MS: 2 ShuffleBytes-EraseBytes-
#63490355	REDUCE cov: 3770 ft: 11949 corp: 5812/550Kb lim: 4096 exec/s: 54544 rss: 706Mb L: 188/3754 MS: 1 EraseBytes-
#63492866	REDUCE cov: 3770 ft: 11949 corp: 5812/550Kb lim: 4096 exec/s: 54500 rss: 706Mb L: 3264/3754 MS: 1 EraseBytes-
#63500087	REDUCE cov: 3770 ft: 11949 corp: 5812/550Kb lim: 4096 exec/s: 54506 rss: 706Mb L: 1034/3754 MS: 1 EraseBytes-
#63500150	REDUCE cov: 3770 ft: 11949 corp: 5812/550Kb lim: 4096 exec/s: 54506 rss: 706Mb L: 458/3754 MS: 3 EraseBytes-ChangeASCIIInt-CopyPart-
#63510617	REDUCE cov: 3770 ft: 11949 corp: 5812/550Kb lim: 4096 exec/s: 54515 rss: 706Mb L: 84/3754 MS: 2 ShuffleBytes-EraseBytes-
#63518088	REDUCE cov: 3770 ft: 11949 corp: 5812/550Kb lim: 4096 exec/s: 54475 rss: 706Mb L: 283/3754 MS: 1 EraseBytes-
#63528734	REDUCE cov: 3770 ft: 11949 corp: 5812/550Kb lim: 4096 exec/s: 54484 rss: 706Mb L: 96/3754 MS: 1 EraseBytes-
#63531965	REDUCE cov: 3770 ft: 11949 corp: 5812/550Kb lim: 4096 exec/s: 54487 rss: 706Mb L: 3383/3754 MS: 1 EraseBytes-
#63532952	REDUCE cov: 3770 ft: 11949 corp: 5812/550Kb lim: 4096 exec/s: 54487 rss: 706Mb L: 2389/3754 MS: 2 ChangeByte-EraseBytes-
#63534299	REDUCE cov: 3770 ft: 11949 corp: 5812/550Kb lim: 4096 exec/s: 54489 rss: 706Mb L: 150/3754 MS: 2 ShuffleBytes-EraseBytes-
#63553955	REDUCE cov: 3770 ft: 11949 corp: 5812/550Kb lim: 4096 exec/s: 54459 rss: 706Mb L: 1030/3754 MS: 1 EraseBytes-
#63561411	REDUCE cov: 3770 ft: 11949 corp: 5812/550Kb lim: 4096 exec/s: 54465 rss: 706Mb L: 1365/3754 MS: 1 EraseBytes-
#63563713	REDUCE cov: 3770 ft: 11949 corp: 5812/550Kb lim: 4096 exec/s: 54467 rss: 706Mb L: 415/3754 MS: 2 EraseBytes-CopyPart-
#63573699	REDUCE cov: 3770 ft: 11949 corp: 5812/550Kb lim: 4096 exec/s: 54476 rss: 706Mb L: 40/3754 MS: 1 EraseBytes-
#63586900	REDUCE cov: 3770 ft: 11949 corp: 5812/550Kb lim: 4096 exec/s: 54487 rss: 706Mb L: 334/3754 MS: 1 EraseBytes-
#63605031	REDUCE cov: 3770 ft: 11949 corp: 5812/550Kb lim: 4096 exec/s: 54456 rss: 706Mb L: 1334/3754 MS: 1 EraseBytes-
#63630648	REDUCE cov: 3770 ft: 11949 corp: 5812/550Kb lim: 4096 exec/s: 54431 rss: 706Mb L: 81/3754 MS: 2 CopyPart-EraseBytes-
#63631229	REDUCE cov: 3770 ft: 11949 corp: 5812/550Kb lim: 4096 exec/s: 54432 rss: 706Mb L: 238/3754 MS: 1 EraseBytes-
#63631761	REDUCE cov: 3770 ft: 11949 corp: 5812/550Kb lim: 4096 exec/s: 54432 rss: 706Mb L: 3245/3754 MS: 2 ChangeASCIIInt-EraseBytes-
#63653922	REDUCE cov: 3770 ft: 11949 corp: 5812/550Kb lim: 4096 exec/s: 54451 rss: 706Mb L: 161/3754 MS: 1 EraseBytes-
#63656228	REDUCE cov: 3770 ft: 11949 corp: 5812/550Kb lim: 4096 exec/s: 54453 rss: 706Mb L: 117/3754 MS: 1 EraseBytes-
#63656959	REDUCE cov: 3770 ft: 11949 corp: 5812/550Kb lim: 4096 exec/s: 54454 rss: 706Mb L: 268/3754 MS: 1 EraseBytes-
#63674250	REDUCE cov: 3770 ft: 11949 corp: 5812/550Kb lim: 4096 exec/s: 54422 rss: 706Mb L: 453/3754 MS: 1 EraseBytes-
#63679136	REDUCE cov: 3770 ft: 11949 corp: 5812/550Kb lim: 4096 exec/s: 54426 rss: 706Mb L: 416/3754 MS: 1 EraseBytes-
#63695813	REDUCE cov: 3770 ft: 11949 corp: 5812/550Kb lim: 4096 exec/s: 54440 rss: 706Mb L: 780/3754 MS: 2 InsertByte-EraseBytes-
#63709709	REDUCE cov: 3770 ft: 11949 corp: 5812/550Kb lim: 4096 exec/s: 54406 rss: 706Mb L: 1147/3754 MS: 1 EraseBytes-
#63714750	REDUCE cov: 3770 ft: 11949 corp: 5812/550Kb lim: 4096 exec/s: 54410 rss: 706Mb L: 533/3754 MS: 1 EraseBytes-
#63724891	REDUCE cov: 3770 ft: 11949 corp: 5812/550Kb lim: 4096 exec/s: 54419 rss: 706Mb L: 152/3754 MS: 1 EraseBytes-
#63774727	REDUCE cov: 3770 ft: 11949 corp: 5812/550Kb lim: 4096 exec/s: 54368 rss: 706Mb L: 155/3754 MS: 1 EraseBytes-
#63778423	REDUCE cov: 3770 ft: 11949 corp: 5812/550Kb lim: 4096 exec/s: 54372 rss: 706Mb L: 451/3754 MS: 1 EraseBytes-
#63782254	REDUCE cov: 3770 ft: 11949 corp: 5812/550Kb lim: 4096 exec/s: 54375 rss: 706Mb L: 909/3754 MS: 1 EraseBytes-
#63799071	REDUCE cov: 3770 ft: 11949 corp: 5812/550Kb lim: 4096 exec/s: 54343 rss: 706Mb L: 3242/3754 MS: 2 ChangeASCIIInt-EraseBytes-
#63831572	REDUCE cov: 3770 ft: 11949 corp: 5812/550Kb lim: 4096 exec/s: 54371 rss: 706Mb L: 516/3754 MS: 1 EraseBytes-
#63838635	REDUCE cov: 3770 ft: 11949 corp: 5812/550Kb lim: 4096 exec/s: 54330 rss: 706Mb L: 543/3754 MS: 3 ChangeASCIIInt-CopyPart-EraseBytes-
#63848961	REDUCE cov: 3770 ft: 11949 corp: 5812/550Kb lim: 4096 exec/s: 54339 rss: 706Mb L: 2479/3754 MS: 1 EraseBytes-
#63855557	REDUCE cov: 3770 ft: 11949 corp: 5812/550Kb lim: 4096 exec/s: 54345 rss: 706Mb L: 2482/3754 MS: 1 EraseBytes-
#63869623	REDUCE cov: 3770 ft: 11959 corp: 5813/550Kb lim: 4096 exec/s: 54357 rss: 706Mb L: 315/3754 MS: 1 CrossOver-
#63874395	REDUCE cov: 3770 ft: 11959 corp: 5813/550Kb lim: 4096 exec/s: 54314 rss: 706Mb L: 247/3754 MS: 2 ShuffleBytes-EraseBytes-
#63876667	REDUCE cov: 3770 ft: 11959 corp: 5813/550Kb lim: 4096 exec/s: 54316 rss: 706Mb L: 159/3754 MS: 2 InsertByte-EraseBytes-
#63891078	REDUCE cov: 3770 ft: 11959 corp: 5813/550Kb lim: 4096 exec/s: 54329 rss: 706Mb L: 2649/3754 MS: 1 EraseBytes-
#63938569	REDUCE cov: 3770 ft: 11959 corp: 5813/550Kb lim: 4096 exec/s: 54323 rss: 706Mb L: 3378/3754 MS: 1 EraseBytes-
#63940322	REDUCE cov: 3770 ft: 11959 corp: 5813/550Kb lim: 4096 exec/s: 54324 rss: 706Mb L: 599/3754 MS: 3 ChangeByte-ChangeBit-EraseBytes-
#63959788	REDUCE cov: 3770 ft: 11959 corp: 5813/550Kb lim: 4096 exec/s: 54295 rss: 706Mb L: 73/3754 MS: 1 EraseBytes-
#63974844	REDUCE cov: 3770 ft: 11959 corp: 5813/550Kb lim: 4096 exec/s: 54308 rss: 706Mb L: 150/3754 MS: 1 EraseBytes-
#63977275	REDUCE cov: 3770 ft: 11959 corp: 5813/550Kb lim: 4096 exec/s: 54310 rss: 706Mb L: 2480/3754 MS: 1 EraseBytes-
#64010641	REDUCE cov: 3770 ft: 11959 corp: 5813/550Kb lim: 4096 exec/s: 54292 rss: 706Mb L: 2517/3754 MS: 1 EraseBytes-
#64023692	REDUCE cov: 3770 ft: 11959 corp: 5813/550Kb lim: 4096 exec/s: 54257 rss: 706Mb L: 1996/3754 MS: 1 EraseBytes-
#64033213	REDUCE cov: 3770 ft: 11959 corp: 5813/550Kb lim: 4096 exec/s: 54265 rss: 706Mb L: 66/3754 MS: 1 EraseBytes-
#64035869	REDUCE cov: 3770 ft: 11959 corp: 5813/550Kb lim: 4096 exec/s: 54267 rss: 706Mb L: 32/3754 MS: 1 EraseBytes-
#64046630	REDUCE cov: 3770 ft: 11959 corp: 5813/550Kb lim: 4096 exec/s: 54276 rss: 706Mb L: 281/3754 MS: 1 EraseBytes-
#64067751	REDUCE cov: 3770 ft: 11959 corp: 5813/550Kb lim: 4096 exec/s: 54248 rss: 706Mb L: 1014/3754 MS: 1 EraseBytes-
#64081752	REDUCE cov: 3770 ft: 11959 corp: 5813/550Kb lim: 4096 exec/s: 54260 rss: 706Mb L: 309/3754 MS: 1 EraseBytes-
#64084953	REDUCE cov: 3770 ft: 11959 corp: 5813/550Kb lim: 4096 exec/s: 54263 rss: 706Mb L: 71/3754 MS: 1 EraseBytes-
#64093409	REDUCE cov: 3770 ft: 11959 corp: 5813/550Kb lim: 4096 exec/s: 54224 rss: 706Mb L: 541/3754 MS: 1 EraseBytes-
#64098440	REDUCE cov: 3770 ft: 11959 corp: 5813/550Kb lim: 4096 exec/s: 54228 rss: 706Mb L: 62/3754 MS: 1 EraseBytes-
#64108731	REDUCE cov: 3770 ft: 11959 corp: 5813/549Kb lim: 4096 exec/s: 54237 rss: 706Mb L: 1027/3754 MS: 1 EraseBytes-
#64112962	REDUCE cov: 3770 ft: 11959 corp: 5813/549Kb lim: 4096 exec/s: 54241 rss: 706Mb L: 1904/3754 MS: 1 EraseBytes-
#64123158	REDUCE cov: 3770 ft: 11959 corp: 5813/549Kb lim: 4096 exec/s: 54249 rss: 706Mb L: 141/3754 MS: 1 EraseBytes-
#64139740	REDUCE cov: 3770 ft: 11959 corp: 5813/549Kb lim: 4096 exec/s: 54217 rss: 706Mb L: 307/3754 MS: 2 ChangeASCIIInt-EraseBytes-
#64139996	REDUCE cov: 3770 ft: 11959 corp: 5813/549Kb lim: 4096 exec/s: 54218 rss: 706Mb L: 729/3754 MS: 1 EraseBytes-
#64188248	REDUCE cov: 3770 ft: 11959 corp: 5813/549Kb lim: 4096 exec/s: 54213 rss: 706Mb L: 79/3754 MS: 1 EraseBytes-
#64216694	REDUCE cov: 3770 ft: 11959 corp: 5813/549Kb lim: 4096 exec/s: 54191 rss: 706Mb L: 2498/3754 MS: 1 EraseBytes-
#64230160	REDUCE cov: 3770 ft: 11959 corp: 5813/549Kb lim: 4096 exec/s: 54202 rss: 706Mb L: 277/3754 MS: 1 EraseBytes-
#64241821	REDUCE cov: 3770 ft: 11959 corp: 5813/549Kb lim: 4096 exec/s: 54212 rss: 706Mb L: 117/3754 MS: 1 EraseBytes-
#64262612	REDUCE cov: 3770 ft: 11959 corp: 5813/549Kb lim: 4096 exec/s: 54184 rss: 706Mb L: 540/3754 MS: 1 EraseBytes-
#64281143	REDUCE cov: 3770 ft: 11959 corp: 5813/549Kb lim: 4096 exec/s: 54199 rss: 706Mb L: 155/3754 MS: 1 EraseBytes-
#64286149	REDUCE cov: 3770 ft: 11959 corp: 5813/549Kb lim: 4096 exec/s: 54158 rss: 706Mb L: 200/3754 MS: 1 EraseBytes-
#64305740	REDUCE cov: 3770 ft: 11959 corp: 5813/549Kb lim: 4096 exec/s: 54175 rss: 706Mb L: 3377/3754 MS: 1 EraseBytes-
#64370991	REDUCE cov: 3770 ft: 11959 corp: 5813/549Kb lim: 4096 exec/s: 54138 rss: 706Mb L: 48/3754 MS: 1 EraseBytes-
#64393697	REDUCE cov: 3770 ft: 11959 corp: 5813/549Kb lim: 4096 exec/s: 54112 rss: 706Mb L: 136/3754 MS: 1 EraseBytes-
#64395443	REDUCE cov: 3770 ft: 11959 corp: 5813/549Kb lim: 4096 exec/s: 54113 rss: 706Mb L: 334/3754 MS: 1 EraseBytes-
#64429020	REDUCE cov: 3770 ft: 11959 corp: 5813/549Kb lim: 4096 exec/s: 54096 rss: 706Mb L: 75/3754 MS: 2 ChangeByte-EraseBytes-
#64440811	REDUCE cov: 3770 ft: 11959 corp: 5813/549Kb lim: 4096 exec/s: 54106 rss: 706Mb L: 538/3754 MS: 1 EraseBytes-
#64446547	REDUCE cov: 3770 ft: 11959 corp: 5813/549Kb lim: 4096 exec/s: 54111 rss: 706Mb L: 537/3754 MS: 1 EraseBytes-
#64466439	REDUCE cov: 3770 ft: 11959 corp: 5813/549Kb lim: 4096 exec/s: 54082 rss: 706Mb L: 1893/3754 MS: 1 EraseBytes-
#64475871	REDUCE cov: 3770 ft: 11959 corp: 5813/549Kb lim: 4096 exec/s: 54090 rss: 706Mb L: 1853/3754 MS: 2 ChangeASCIIInt-EraseBytes-
#64475912	REDUCE cov: 3770 ft: 11959 corp: 5813/549Kb lim: 4096 exec/s: 54090 rss: 706Mb L: 1837/3754 MS: 1 EraseBytes-
#64491604	REDUCE cov: 3770 ft: 11959 corp: 5813/549Kb lim: 4096 exec/s: 54103 rss: 706Mb L: 68/3754 MS: 2 ChangeASCIIInt-EraseBytes-
#64492490	REDUCE cov: 3770 ft: 11959 corp: 5813/549Kb lim: 4096 exec/s: 54104 rss: 706Mb L: 71/3754 MS: 1 EraseBytes-
#64516089	REDUCE cov: 3770 ft: 11959 corp: 5813/549Kb lim: 4096 exec/s: 54078 rss: 706Mb L: 887/3754 MS: 1 EraseBytes-
#64525275	REDUCE cov: 3770 ft: 11959 corp: 5813/549Kb lim: 4096 exec/s: 54086 rss: 706Mb L: 512/3754 MS: 1 EraseBytes-
#64525796	REDUCE cov: 3770 ft: 11959 corp: 5813/549Kb lim: 4096 exec/s: 54041 rss: 706Mb L: 446/3754 MS: 1 EraseBytes-
#64544789	REDUCE cov: 3770 ft: 11959 corp: 5813/549Kb lim: 4096 exec/s: 54012 rss: 706Mb L: 151/3754 MS: 1 EraseBytes-
#64568960	REDUCE cov: 3770 ft: 11959 corp: 5813/549Kb lim: 4096 exec/s: 53987 rss: 706Mb L: 79/3754 MS: 1 EraseBytes-
#64583246	REDUCE cov: 3770 ft: 11959 corp: 5813/549Kb lim: 4096 exec/s: 53999 rss: 706Mb L: 270/3754 MS: 1 EraseBytes-
#64607517	REDUCE cov: 3770 ft: 11959 corp: 5813/549Kb lim: 4096 exec/s: 53974 rss: 706Mb L: 331/3754 MS: 1 EraseBytes-
#64613718	REDUCE cov: 3770 ft: 11959 corp: 5813/549Kb lim: 4096 exec/s: 53979 rss: 706Mb L: 149/3754 MS: 1 EraseBytes-
#64626049	REDUCE cov: 3770 ft: 11959 corp: 5813/549Kb lim: 4096 exec/s: 53944 rss: 706Mb L: 1820/3754 MS: 1 EraseBytes-
#64659001	REDUCE cov: 3770 ft: 11959 corp: 5813/549Kb lim: 4096 exec/s: 53972 rss: 706Mb L: 530/3754 MS: 2 ChangeASCIIInt-EraseBytes-
#64661928	REDUCE cov: 3770 ft: 11959 corp: 5813/549Kb lim: 4096 exec/s: 53974 rss: 706Mb L: 102/3754 MS: 2 ShuffleBytes-EraseBytes-
#64673219	REDUCE cov: 3770 ft: 11959 corp: 5813/549Kb lim: 4096 exec/s: 53939 rss: 706Mb L: 121/3754 MS: 1 EraseBytes-
#64673340	REDUCE cov: 3770 ft: 11959 corp: 5813/549Kb lim: 4096 exec/s: 53939 rss: 706Mb L: 521/3754 MS: 1 EraseBytes-
#64679676	REDUCE cov: 3770 ft: 11959 corp: 5813/549Kb lim: 4096 exec/s: 53944 rss: 706Mb L: 173/3754 MS: 1 EraseBytes-
#64700592	REDUCE cov: 3770 ft: 11959 corp: 5813/549Kb lim: 4096 exec/s: 53917 rss: 706Mb L: 990/3754 MS: 1 EraseBytes-
#64748223	REDUCE cov: 3770 ft: 11959 corp: 5813/549Kb lim: 4096 exec/s: 53867 rss: 706Mb L: 98/3754 MS: 1 EraseBytes-
#64761514	REDUCE cov: 3770 ft: 11959 corp: 5813/549Kb lim: 4096 exec/s: 53878 rss: 706Mb L: 1088/3754 MS: 1 EraseBytes-
#64763261	REDUCE cov: 3770 ft: 11959 corp: 5813/549Kb lim: 4096 exec/s: 53879 rss: 706Mb L: 724/3754 MS: 2 ChangeASCIIInt-EraseBytes-
#64779422	REDUCE cov: 3770 ft: 11959 corp: 5813/549Kb lim: 4096 exec/s: 53848 rss: 706Mb L: 129/3754 MS: 1 EraseBytes-
#64790738	REDUCE cov: 3770 ft: 11959 corp: 5813/549Kb lim: 4096 exec/s: 53857 rss: 706Mb L: 63/3754 MS: 1 EraseBytes-
#64793129	REDUCE cov: 3770 ft: 11959 corp: 5813/549Kb lim: 4096 exec/s: 53859 rss: 706Mb L: 73/3754 MS: 1 EraseBytes-
#64797020	REDUCE cov: 3770 ft: 11959 corp: 5813/549Kb lim: 4096 exec/s: 53862 rss: 706Mb L: 1763/3754 MS: 1 EraseBytes-
#64798571	REDUCE cov: 3770 ft: 11959 corp: 5813/549Kb lim: 4096 exec/s: 53864 rss: 706Mb L: 122/3754 MS: 1 EraseBytes-
#64802502	REDUCE cov: 3770 ft: 11959 corp: 5813/549Kb lim: 4096 exec/s: 53867 rss: 706Mb L: 350/3754 MS: 1 EraseBytes-
#64818808	REDUCE cov: 3770 ft: 11959 corp: 5813/549Kb lim: 4096 exec/s: 53836 rss: 706Mb L: 35/3754 MS: 1 EraseBytes-
#64819174	REDUCE cov: 3770 ft: 11959 corp: 5813/549Kb lim: 4096 exec/s: 53836 rss: 706Mb L: 2550/3754 MS: 1 EraseBytes-
#64840780	REDUCE cov: 3770 ft: 11959 corp: 5813/549Kb lim: 4096 exec/s: 53854 rss: 706Mb L: 267/3754 MS: 1 EraseBytes-
#64883746	REDUCE cov: 3770 ft: 11959 corp: 5813/549Kb lim: 4096 exec/s: 53845 rss: 706Mb L: 306/3754 MS: 1 EraseBytes-
#64893222	REDUCE cov: 3770 ft: 11959 corp: 5813/549Kb lim: 4096 exec/s: 53853 rss: 706Mb L: 94/3754 MS: 1 EraseBytes-
#64898308	REDUCE cov: 3770 ft: 11959 corp: 5813/549Kb lim: 4096 exec/s: 53812 rss: 706Mb L: 874/3754 MS: 1 EraseBytes-
#64933209	REDUCE cov: 3770 ft: 11959 corp: 5813/549Kb lim: 4096 exec/s: 53797 rss: 706Mb L: 1152/3754 MS: 1 EraseBytes-
#64937891	REDUCE cov: 3770 ft: 11959 corp: 5813/549Kb lim: 4096 exec/s: 53801 rss: 706Mb L: 267/3754 MS: 2 ChangeBinInt-EraseBytes-
#64941108	REDUCE cov: 3770 ft: 11959 corp: 5813/549Kb lim: 4096 exec/s: 53803 rss: 706Mb L: 129/3754 MS: 2 ChangeASCIIInt-EraseBytes-
#64950244	REDUCE cov: 3770 ft: 11959 corp: 5813/549Kb lim: 4096 exec/s: 53811 rss: 706Mb L: 1554/3754 MS: 1 EraseBytes-
#64952045	REDUCE cov: 3770 ft: 11959 corp: 5813/549Kb lim: 4096 exec/s: 53812 rss: 706Mb L: 326/3754 MS: 1 EraseBytes-
#64952911	REDUCE cov: 3770 ft: 11959 corp: 5813/549Kb lim: 4096 exec/s: 53813 rss: 706Mb L: 3372/3754 MS: 1 EraseBytes-
#64971287	REDUCE cov: 3770 ft: 11959 corp: 5813/549Kb lim: 4096 exec/s: 53784 rss: 706Mb L: 40/3754 MS: 1 EraseBytes-
#64997118	REDUCE cov: 3770 ft: 11959 corp: 5813/549Kb lim: 4096 exec/s: 53805 rss: 706Mb L: 2549/3754 MS: 1 EraseBytes-
#65025379	REDUCE cov: 3770 ft: 11959 corp: 5813/549Kb lim: 4096 exec/s: 53784 rss: 706Mb L: 167/3754 MS: 1 EraseBytes-
#65096490	REDUCE cov: 3770 ft: 11959 corp: 5813/549Kb lim: 4096 exec/s: 53754 rss: 706Mb L: 872/3754 MS: 1 EraseBytes-
#65119906	REDUCE cov: 3770 ft: 11959 corp: 5813/549Kb lim: 4096 exec/s: 53773 rss: 706Mb L: 94/3754 MS: 1 EraseBytes-
#65124455	REDUCE cov: 3770 ft: 11963 corp: 5814/549Kb lim: 4096 exec/s: 53777 rss: 706Mb L: 583/3754 MS: 4 ChangeBinInt-CMP-CrossOver-CopyPart- DE: "\005\000\000\000\000\000\000\000"-
#65127491	REDUCE cov: 3770 ft: 11963 corp: 5814/549Kb lim: 4096 exec/s: 53779 rss: 706Mb L: 98/3754 MS: 1 EraseBytes-
#65129127	REDUCE cov: 3770 ft: 11963 corp: 5814/549Kb lim: 4096 exec/s: 53781 rss: 706Mb L: 1870/3754 MS: 1 EraseBytes-
#65137208	REDUCE cov: 3770 ft: 11963 corp: 5814/549Kb lim: 4096 exec/s: 53743 rss: 706Mb L: 551/3754 MS: 1 EraseBytes-
#65141379	REDUCE cov: 3770 ft: 11963 corp: 5814/549Kb lim: 4096 exec/s: 53747 rss: 706Mb L: 989/3754 MS: 1 EraseBytes-
#65141630	REDUCE cov: 3770 ft: 11963 corp: 5814/549Kb lim: 4096 exec/s: 53747 rss: 706Mb L: 45/3754 MS: 1 EraseBytes-
#65145826	REDUCE cov: 3770 ft: 11963 corp: 5814/549Kb lim: 4096 exec/s: 53750 rss: 706Mb L: 1740/3754 MS: 1 EraseBytes-
#65147502	REDUCE cov: 3770 ft: 11963 corp: 5814/549Kb lim: 4096 exec/s: 53752 rss: 706Mb L: 2648/3754 MS: 1 EraseBytes-
#65150517	REDUCE cov: 3770 ft: 11963 corp: 5814/549Kb lim: 4096 exec/s: 53754 rss: 706Mb L: 455/3754 MS: 5 CrossOver-ChangeASCIIInt-ChangeBit-ShuffleBytes-EraseBytes-
#65156964	REDUCE cov: 3770 ft: 11963 corp: 5814/549Kb lim: 4096 exec/s: 53759 rss: 706Mb L: 854/3754 MS: 2 ChangeASCIIInt-EraseBytes-
#65157782	REDUCE cov: 3770 ft: 11967 corp: 5815/550Kb lim: 4096 exec/s: 53760 rss: 706Mb L: 900/3754 MS: 3 ChangeBinInt-ChangeBit-CopyPart-
#65174328	REDUCE cov: 3770 ft: 11967 corp: 5815/550Kb lim: 4096 exec/s: 53774 rss: 706Mb L: 1343/3754 MS: 1 EraseBytes-
#65178649	REDUCE cov: 3770 ft: 11967 corp: 5815/550Kb lim: 4096 exec/s: 53777 rss: 706Mb L: 845/3754 MS: 1 EraseBytes-
#65184940	REDUCE cov: 3770 ft: 11967 corp: 5815/550Kb lim: 4096 exec/s: 53738 rss: 706Mb L: 1084/3754 MS: 1 EraseBytes-
#65185041	REDUCE cov: 3770 ft: 11967 corp: 5815/550Kb lim: 4096 exec/s: 53738 rss: 706Mb L: 42/3754 MS: 1 EraseBytes-
#65200938	REDUCE cov: 3770 ft: 11967 corp: 5815/550Kb lim: 4096 exec/s: 53751 rss: 706Mb L: 305/3754 MS: 1 EraseBytes-
#65209169	REDUCE cov: 3770 ft: 11967 corp: 5815/550Kb lim: 4096 exec/s: 53758 rss: 706Mb L: 47/3754 MS: 1 EraseBytes-
#65210556	REDUCE cov: 3770 ft: 11967 corp: 5815/550Kb lim: 4096 exec/s: 53759 rss: 706Mb L: 411/3754 MS: 2 ShuffleBytes-EraseBytes-
#65269272	REDUCE cov: 3770 ft: 11967 corp: 5815/550Kb lim: 4096 exec/s: 53719 rss: 706Mb L: 68/3754 MS: 1 EraseBytes-
#65272591	REDUCE cov: 3770 ft: 11967 corp: 5815/550Kb lim: 4096 exec/s: 53722 rss: 706Mb L: 620/3754 MS: 4 InsertByte-ChangeByte-CopyPart-EraseBytes-
#65301538	REDUCE cov: 3770 ft: 11967 corp: 5815/550Kb lim: 4096 exec/s: 53746 rss: 706Mb L: 487/3754 MS: 2 ChangeBit-EraseBytes-
#65309619	REDUCE cov: 3770 ft: 11967 corp: 5815/550Kb lim: 4096 exec/s: 53752 rss: 706Mb L: 976/3754 MS: 1 EraseBytes-
#65312436	REDUCE cov: 3770 ft: 11967 corp: 5815/550Kb lim: 4096 exec/s: 53755 rss: 706Mb L: 1739/3754 MS: 2 ChangeASCIIInt-EraseBytes-
#65324172	REDUCE cov: 3770 ft: 11967 corp: 5815/550Kb lim: 4096 exec/s: 53720 rss: 706Mb L: 95/3754 MS: 1 EraseBytes-
#65335463	REDUCE cov: 3770 ft: 11967 corp: 5815/550Kb lim: 4096 exec/s: 53729 rss: 706Mb L: 264/3754 MS: 1 EraseBytes-
#65336423	REDUCE cov: 3770 ft: 11967 corp: 5815/550Kb lim: 4096 exec/s: 53730 rss: 706Mb L: 370/3754 MS: 5 CMP-PersAutoDict-InsertByte-CopyPart-EraseBytes- DE: "\366\377\377\377"-"\005\000\000\000\000\000\000\000"-
#65348305	REDUCE cov: 3770 ft: 11967 corp: 5815/550Kb lim: 4096 exec/s: 53740 rss: 706Mb L: 377/3754 MS: 2 CopyPart-EraseBytes-
#65361151	REDUCE cov: 3770 ft: 11967 corp: 5815/549Kb lim: 4096 exec/s: 53750 rss: 706Mb L: 1721/3754 MS: 1 EraseBytes-
#65372074	REDUCE cov: 3770 ft: 11967 corp: 5815/549Kb lim: 4096 exec/s: 53715 rss: 706Mb L: 339/3754 MS: 3 ChangeByte-ChangeASCIIInt-EraseBytes-
#65384217	REDUCE cov: 3770 ft: 11967 corp: 5815/549Kb lim: 4096 exec/s: 53725 rss: 706Mb L: 535/3754 MS: 2 ChangeASCIIInt-EraseBytes-
#65388779	REDUCE cov: 3770 ft: 11967 corp: 5815/549Kb lim: 4096 exec/s: 53685 rss: 706Mb L: 89/3754 MS: 2 CopyPart-EraseBytes-
#65402446	REDUCE cov: 3770 ft: 11967 corp: 5815/549Kb lim: 4096 exec/s: 53696 rss: 706Mb L: 94/3754 MS: 2 ChangeBit-EraseBytes-
#65407167	REDUCE cov: 3770 ft: 11967 corp: 5815/549Kb lim: 4096 exec/s: 53700 rss: 706Mb L: 517/3754 MS: 1 EraseBytes-
#65427353	REDUCE cov: 3770 ft: 11967 corp: 5815/549Kb lim: 4096 exec/s: 53672 rss: 706Mb L: 115/3754 MS: 1 EraseBytes-
#65448729	REDUCE cov: 3770 ft: 11967 corp: 5815/549Kb lim: 4096 exec/s: 53690 rss: 706Mb L: 41/3754 MS: 1 EraseBytes-
#65452998	REDUCE cov: 3770 ft: 11967 corp: 5815/549Kb lim: 4096 exec/s: 53694 rss: 706Mb L: 469/3754 MS: 4 InsertByte-ChangeByte-ChangeASCIIInt-EraseBytes-
#65454296	REDUCE cov: 3770 ft: 11967 corp: 5815/549Kb lim: 4096 exec/s: 53695 rss: 706Mb L: 106/3754 MS: 3 ChangeASCIIInt-ChangeBit-EraseBytes-
#65472822	REDUCE cov: 3770 ft: 11967 corp: 5815/549Kb lim: 4096 exec/s: 53666 rss: 706Mb L: 564/3754 MS: 1 EraseBytes-
#65476434	REDUCE cov: 3770 ft: 11967 corp: 5815/549Kb lim: 4096 exec/s: 53669 rss: 706Mb L: 1715/3754 MS: 2 InsertRepeatedBytes-EraseBytes-
#65476545	REDUCE cov: 3770 ft: 11967 corp: 5815/549Kb lim: 4096 exec/s: 53669 rss: 706Mb L: 84/3754 MS: 1 EraseBytes-
#65482121	REDUCE cov: 3770 ft: 11967 corp: 5815/549Kb lim: 4096 exec/s: 53673 rss: 706Mb L: 244/3754 MS: 1 EraseBytes-
#65510917	REDUCE cov: 3770 ft: 11967 corp: 5815/549Kb lim: 4096 exec/s: 53653 rss: 706Mb L: 114/3754 MS: 1 EraseBytes-
#65523934	REDUCE cov: 3770 ft: 11967 corp: 5815/549Kb lim: 4096 exec/s: 53620 rss: 706Mb L: 393/3754 MS: 1 EraseBytes-
#65529827	REDUCE cov: 3770 ft: 11971 corp: 5816/550Kb lim: 4096 exec/s: 53625 rss: 706Mb L: 885/3754 MS: 3 CopyPart-ChangeASCIIInt-CopyPart-
#65531038	REDUCE cov: 3770 ft: 11971 corp: 5816/550Kb lim: 4096 exec/s: 53626 rss: 706Mb L: 853/3754 MS: 1 EraseBytes-
#65550369	REDUCE cov: 3770 ft: 11971 corp: 5816/550Kb lim: 4096 exec/s: 53641 rss: 706Mb L: 1378/3754 MS: 1 EraseBytes-
#65553700	REDUCE cov: 3770 ft: 11971 corp: 5816/550Kb lim: 4096 exec/s: 53644 rss: 706Mb L: 304/3754 MS: 1 EraseBytes-
#65555147	REDUCE cov: 3770 ft: 11971 corp: 5816/550Kb lim: 4096 exec/s: 53645 rss: 706Mb L: 498/3754 MS: 2 ChangeASCIIInt-EraseBytes-
#65558604	REDUCE cov: 3770 ft: 11971 corp: 5816/550Kb lim: 4096 exec/s: 53648 rss: 706Mb L: 314/3754 MS: 2 ChangeByte-EraseBytes-
#65585545	REDUCE cov: 3770 ft: 11971 corp: 5816/550Kb lim: 4096 exec/s: 53582 rss: 706Mb L: 297/3754 MS: 1 EraseBytes-
#65596976	REDUCE cov: 3770 ft: 11971 corp: 5816/550Kb lim: 4096 exec/s: 53548 rss: 706Mb L: 1869/3754 MS: 1 EraseBytes-
#65634777	REDUCE cov: 3770 ft: 11971 corp: 5816/550Kb lim: 4096 exec/s: 53535 rss: 706Mb L: 303/3754 MS: 1 EraseBytes-
#65637649	REDUCE cov: 3770 ft: 11971 corp: 5816/550Kb lim: 4096 exec/s: 53538 rss: 706Mb L: 104/3754 MS: 2 ShuffleBytes-EraseBytes-
#65639875	REDUCE cov: 3770 ft: 11971 corp: 5816/550Kb lim: 4096 exec/s: 53539 rss: 706Mb L: 1835/3754 MS: 1 EraseBytes-
#65646838	REDUCE cov: 3770 ft: 11971 corp: 5816/550Kb lim: 4096 exec/s: 53545 rss: 706Mb L: 2090/3754 MS: 3 ShuffleBytes-ChangeByte-EraseBytes-
#65675860	REDUCE cov: 3770 ft: 11971 corp: 5816/550Kb lim: 4096 exec/s: 53525 rss: 706Mb L: 1815/3754 MS: 1 EraseBytes-
#65683761	REDUCE cov: 3770 ft: 11971 corp: 5816/550Kb lim: 4096 exec/s: 53531 rss: 706Mb L: 148/3754 MS: 1 EraseBytes-
#65719128	REDUCE cov: 3770 ft: 11971 corp: 5816/550Kb lim: 4096 exec/s: 53517 rss: 706Mb L: 887/3754 MS: 1 EraseBytes-
#65735400	REDUCE cov: 3770 ft: 11971 corp: 5816/550Kb lim: 4096 exec/s: 53486 rss: 706Mb L: 721/3754 MS: 2 ChangeASCIIInt-EraseBytes-
#65773571	REDUCE cov: 3770 ft: 11971 corp: 5816/550Kb lim: 4096 exec/s: 53474 rss: 706Mb L: 198/3754 MS: 1 EraseBytes-
#65805987	REDUCE cov: 3770 ft: 11971 corp: 5816/550Kb lim: 4096 exec/s: 53500 rss: 706Mb L: 444/3754 MS: 1 EraseBytes-
#65813123	REDUCE cov: 3770 ft: 11971 corp: 5816/550Kb lim: 4096 exec/s: 53463 rss: 706Mb L: 263/3754 MS: 1 EraseBytes-
#65865614	REDUCE cov: 3770 ft: 11971 corp: 5816/550Kb lim: 4096 exec/s: 53462 rss: 706Mb L: 154/3754 MS: 1 EraseBytes-
#65866916	REDUCE cov: 3770 ft: 11971 corp: 5816/550Kb lim: 4096 exec/s: 53463 rss: 706Mb L: 1126/3754 MS: 2 ChangeASCIIInt-EraseBytes-
#65868972	REDUCE cov: 3770 ft: 11971 corp: 5816/550Kb lim: 4096 exec/s: 53465 rss: 706Mb L: 497/3754 MS: 1 EraseBytes-
#65877828	REDUCE cov: 3770 ft: 11971 corp: 5816/550Kb lim: 4096 exec/s: 53428 rss: 706Mb L: 75/3754 MS: 1 EraseBytes-
#65904070	REDUCE cov: 3770 ft: 11971 corp: 5816/550Kb lim: 4096 exec/s: 53450 rss: 706Mb L: 260/3754 MS: 2 ShuffleBytes-EraseBytes-
#65905146	REDUCE cov: 3770 ft: 11971 corp: 5816/550Kb lim: 4096 exec/s: 53451 rss: 706Mb L: 196/3754 MS: 1 EraseBytes-
#65960358	REDUCE cov: 3770 ft: 11971 corp: 5816/550Kb lim: 4096 exec/s: 53409 rss: 706Mb L: 141/3754 MS: 1 EraseBytes-
#65961049	REDUCE cov: 3770 ft: 11971 corp: 5816/550Kb lim: 4096 exec/s: 53409 rss: 706Mb L: 85/3754 MS: 1 EraseBytes-
#65980069	REDUCE cov: 3770 ft: 11971 corp: 5816/550Kb lim: 4096 exec/s: 53381 rss: 706Mb L: 468/3754 MS: 5 ChangeASCIIInt-ChangeByte-ChangeASCIIInt-CrossOver-EraseBytes-
#65985060	REDUCE cov: 3770 ft: 11971 corp: 5816/550Kb lim: 4096 exec/s: 53385 rss: 706Mb L: 308/3754 MS: 1 EraseBytes-
#65987491	REDUCE cov: 3770 ft: 11971 corp: 5816/550Kb lim: 4096 exec/s: 53387 rss: 706Mb L: 96/3754 MS: 1 EraseBytes-
#65994169	REDUCE cov: 3770 ft: 11971 corp: 5816/550Kb lim: 4096 exec/s: 53393 rss: 706Mb L: 800/3754 MS: 3 ChangeBinInt-ShuffleBytes-EraseBytes-
#66016415	REDUCE cov: 3770 ft: 11971 corp: 5816/550Kb lim: 4096 exec/s: 53368 rss: 706Mb L: 257/3754 MS: 1 EraseBytes-
#66044671	REDUCE cov: 3770 ft: 11971 corp: 5816/550Kb lim: 4096 exec/s: 53391 rss: 706Mb L: 883/3754 MS: 1 EraseBytes-
#66052092	REDUCE cov: 3770 ft: 11971 corp: 5816/550Kb lim: 4096 exec/s: 53397 rss: 706Mb L: 301/3754 MS: 1 EraseBytes-
#66054788	REDUCE cov: 3770 ft: 11971 corp: 5816/550Kb lim: 4096 exec/s: 53399 rss: 706Mb L: 105/3754 MS: 1 EraseBytes-
#66059244	REDUCE cov: 3770 ft: 11971 corp: 5816/550Kb lim: 4096 exec/s: 53359 rss: 706Mb L: 34/3754 MS: 1 EraseBytes-
#66111811	REDUCE cov: 3770 ft: 11971 corp: 5816/550Kb lim: 4096 exec/s: 53359 rss: 706Mb L: 322/3754 MS: 2 ChangeByte-EraseBytes-
#66129142	REDUCE cov: 3770 ft: 11971 corp: 5816/550Kb lim: 4096 exec/s: 53372 rss: 706Mb L: 234/3754 MS: 1 EraseBytes-
#66142983	REDUCE cov: 3770 ft: 11971 corp: 5816/550Kb lim: 4096 exec/s: 53341 rss: 706Mb L: 260/3754 MS: 1 EraseBytes-
#66149004	REDUCE cov: 3770 ft: 11971 corp: 5816/550Kb lim: 4096 exec/s: 53345 rss: 706Mb L: 387/3754 MS: 1 EraseBytes-
#66177621	REDUCE cov: 3770 ft: 11971 corp: 5816/550Kb lim: 4096 exec/s: 53326 rss: 706Mb L: 247/3754 MS: 2 ShuffleBytes-EraseBytes-
#66191827	REDUCE cov: 3770 ft: 11971 corp: 5816/550Kb lim: 4096 exec/s: 53337 rss: 706Mb L: 1690/3754 MS: 1 EraseBytes-
#66243149	REDUCE cov: 3770 ft: 11971 corp: 5816/550Kb lim: 4096 exec/s: 53335 rss: 706Mb L: 147/3754 MS: 1 EraseBytes-
#66244825	REDUCE cov: 3770 ft: 11971 corp: 5816/550Kb lim: 4096 exec/s: 53337 rss: 706Mb L: 59/3754 MS: 1 EraseBytes-
#66267536	REDUCE cov: 3770 ft: 11971 corp: 5816/550Kb lim: 4096 exec/s: 53312 rss: 706Mb L: 54/3754 MS: 1 EraseBytes-
#66349037	REDUCE cov: 3770 ft: 11971 corp: 5816/549Kb lim: 4096 exec/s: 53292 rss: 706Mb L: 1318/3754 MS: 1 EraseBytes-
#66360038	REDUCE cov: 3770 ft: 11971 corp: 5816/549Kb lim: 4096 exec/s: 53301 rss: 706Mb L: 232/3754 MS: 1 EraseBytes-
#66382129	REDUCE cov: 3770 ft: 11971 corp: 5816/549Kb lim: 4096 exec/s: 53318 rss: 706Mb L: 1364/3754 MS: 1 EraseBytes-
#66391215	REDUCE cov: 3770 ft: 11971 corp: 5816/549Kb lim: 4096 exec/s: 53283 rss: 706Mb L: 1170/3754 MS: 1 EraseBytes-
#66405276	REDUCE cov: 3770 ft: 11971 corp: 5816/549Kb lim: 4096 exec/s: 53294 rss: 706Mb L: 50/3754 MS: 1 EraseBytes-
#66413012	REDUCE cov: 3770 ft: 11971 corp: 5816/549Kb lim: 4096 exec/s: 53300 rss: 706Mb L: 496/3754 MS: 1 EraseBytes-
#66413274	REDUCE cov: 3770 ft: 11971 corp: 5816/549Kb lim: 4096 exec/s: 53301 rss: 706Mb L: 69/3754 MS: 2 CopyPart-EraseBytes-
#66414926	REDUCE cov: 3770 ft: 11971 corp: 5816/549Kb lim: 4096 exec/s: 53302 rss: 706Mb L: 27/3754 MS: 2 ChangeASCIIInt-EraseBytes-
#66415072	REDUCE cov: 3770 ft: 11971 corp: 5816/549Kb lim: 4096 exec/s: 53302 rss: 706Mb L: 47/3754 MS: 1 EraseBytes-
#66425313	REDUCE cov: 3770 ft: 11971 corp: 5816/549Kb lim: 4096 exec/s: 53268 rss: 706Mb L: 293/3754 MS: 1 EraseBytes-
#66438009	REDUCE cov: 3770 ft: 11971 corp: 5816/549Kb lim: 4096 exec/s: 53278 rss: 706Mb L: 217/3754 MS: 1 EraseBytes-
#66461295	REDUCE cov: 3770 ft: 11971 corp: 5816/549Kb lim: 4096 exec/s: 53254 rss: 706Mb L: 63/3754 MS: 1 EraseBytes-
#66471581	REDUCE cov: 3770 ft: 11971 corp: 5816/549Kb lim: 4096 exec/s: 53262 rss: 706Mb L: 530/3754 MS: 1 EraseBytes-
#66479377	REDUCE cov: 3770 ft: 11971 corp: 5816/549Kb lim: 4096 exec/s: 53226 rss: 706Mb L: 1188/3754 MS: 1 EraseBytes-
#66487678	REDUCE cov: 3770 ft: 11971 corp: 5816/549Kb lim: 4096 exec/s: 53232 rss: 706Mb L: 333/3754 MS: 1 EraseBytes-
#66520371	REDUCE cov: 3770 ft: 11971 corp: 5816/549Kb lim: 4096 exec/s: 53258 rss: 706Mb L: 195/3754 MS: 3 ChangeBinInt-ChangeASCIIInt-EraseBytes-
#66533522	REDUCE cov: 3770 ft: 11971 corp: 5816/549Kb lim: 4096 exec/s: 53226 rss: 706Mb L: 93/3754 MS: 1 EraseBytes-
#66554778	REDUCE cov: 3770 ft: 11971 corp: 5816/549Kb lim: 4096 exec/s: 53201 rss: 706Mb L: 2434/3754 MS: 1 EraseBytes-
#66566794	REDUCE cov: 3770 ft: 11971 corp: 5816/549Kb lim: 4096 exec/s: 53210 rss: 706Mb L: 849/3754 MS: 1 EraseBytes-
#66568745	REDUCE cov: 3770 ft: 11971 corp: 5816/549Kb lim: 4096 exec/s: 53212 rss: 706Mb L: 2477/3754 MS: 1 EraseBytes-
#66656891	REDUCE cov: 3770 ft: 11971 corp: 5816/549Kb lim: 4096 exec/s: 53155 rss: 706Mb L: 138/3754 MS: 1 EraseBytes-
#66659702	REDUCE cov: 3770 ft: 11971 corp: 5816/549Kb lim: 4096 exec/s: 53157 rss: 706Mb L: 119/3754 MS: 1 EraseBytes-
#66716883	REDUCE cov: 3770 ft: 11971 corp: 5816/549Kb lim: 4096 exec/s: 53118 rss: 706Mb L: 44/3754 MS: 1 EraseBytes-
#66720679	REDUCE cov: 3770 ft: 11971 corp: 5816/549Kb lim: 4096 exec/s: 53121 rss: 706Mb L: 719/3754 MS: 1 EraseBytes-
#66729695	REDUCE cov: 3770 ft: 11971 corp: 5816/549Kb lim: 4096 exec/s: 53128 rss: 706Mb L: 528/3754 MS: 1 EraseBytes-
#66738646	REDUCE cov: 3770 ft: 11971 corp: 5816/549Kb lim: 4096 exec/s: 53135 rss: 706Mb L: 94/3754 MS: 1 EraseBytes-
#66754893	REDUCE cov: 3770 ft: 11971 corp: 5816/549Kb lim: 4096 exec/s: 53106 rss: 706Mb L: 376/3754 MS: 2 InsertByte-EraseBytes-
#66761724	REDUCE cov: 3770 ft: 11971 corp: 5816/549Kb lim: 4096 exec/s: 53111 rss: 706Mb L: 150/3754 MS: 1 EraseBytes-
#66767895	REDUCE cov: 3770 ft: 11971 corp: 5816/549Kb lim: 4096 exec/s: 53116 rss: 706Mb L: 2496/3754 MS: 1 EraseBytes-
#66798771	REDUCE cov: 3770 ft: 11971 corp: 5816/549Kb lim: 4096 exec/s: 53099 rss: 706Mb L: 148/3754 MS: 1 EraseBytes-
#66799147	REDUCE cov: 3770 ft: 11971 corp: 5816/549Kb lim: 4096 exec/s: 53099 rss: 706Mb L: 1052/3754 MS: 1 EraseBytes-
#66799403	REDUCE cov: 3770 ft: 11971 corp: 5816/549Kb lim: 4096 exec/s: 53099 rss: 706Mb L: 1362/3754 MS: 1 EraseBytes-
#66881097	REDUCE cov: 3770 ft: 11971 corp: 5816/549Kb lim: 4096 exec/s: 53038 rss: 706Mb L: 262/3754 MS: 3 ChangeASCIIInt-InsertByte-EraseBytes-
#66917359	REDUCE cov: 3770 ft: 11971 corp: 5816/549Kb lim: 4096 exec/s: 53024 rss: 706Mb L: 347/3754 MS: 2 ChangeByte-EraseBytes-
#66922135	REDUCE cov: 3770 ft: 11971 corp: 5816/549Kb lim: 4096 exec/s: 53028 rss: 706Mb L: 391/3754 MS: 1 EraseBytes-
#66953251	REDUCE cov: 3770 ft: 11971 corp: 5816/549Kb lim: 4096 exec/s: 53011 rss: 706Mb L: 424/3754 MS: 1 EraseBytes-
#66980547	REDUCE cov: 3770 ft: 11974 corp: 5817/552Kb lim: 4096 exec/s: 52990 rss: 706Mb L: 2614/3754 MS: 1 CrossOver-
#67004964	REDUCE cov: 3770 ft: 11974 corp: 5817/552Kb lim: 4096 exec/s: 53010 rss: 706Mb L: 116/3754 MS: 2 ChangeBit-EraseBytes-
#67007815	REDUCE cov: 3770 ft: 11974 corp: 5817/552Kb lim: 4096 exec/s: 52970 rss: 706Mb L: 97/3754 MS: 1 EraseBytes-
#67019241	REDUCE cov: 3770 ft: 11974 corp: 5817/552Kb lim: 4096 exec/s: 52979 rss: 706Mb L: 1360/3754 MS: 1 EraseBytes-
#67019802	REDUCE cov: 3770 ft: 11974 corp: 5817/552Kb lim: 4096 exec/s: 52980 rss: 706Mb L: 491/3754 MS: 1 EraseBytes-
#67029089	REDUCE cov: 3770 ft: 11974 corp: 5817/552Kb lim: 4096 exec/s: 52987 rss: 706Mb L: 957/3754 MS: 2 CopyPart-EraseBytes-
#67053181	REDUCE cov: 3770 ft: 11974 corp: 5817/552Kb lim: 4096 exec/s: 52964 rss: 706Mb L: 742/3754 MS: 2 InsertByte-EraseBytes-
#67060267	REDUCE cov: 3770 ft: 11974 corp: 5817/552Kb lim: 4096 exec/s: 52970 rss: 706Mb L: 252/3754 MS: 1 EraseBytes-
#67108864	pulse  cov: 3770 ft: 11974 corp: 5817/552Kb lim: 4096 exec/s: 52924 rss: 706Mb
#67112428	REDUCE cov: 3770 ft: 11974 corp: 5817/552Kb lim: 4096 exec/s: 52927 rss: 706Mb L: 300/3754 MS: 1 EraseBytes-
#67137019	REDUCE cov: 3770 ft: 11974 corp: 5817/552Kb lim: 4096 exec/s: 52905 rss: 706Mb L: 328/3754 MS: 1 EraseBytes-
#67150705	REDUCE cov: 3770 ft: 11974 corp: 5817/552Kb lim: 4096 exec/s: 52874 rss: 706Mb L: 490/3754 MS: 1 EraseBytes-
#67168856	REDUCE cov: 3770 ft: 11974 corp: 5817/552Kb lim: 4096 exec/s: 52847 rss: 706Mb L: 115/3754 MS: 1 EraseBytes-
#67181377	REDUCE cov: 3770 ft: 11974 corp: 5817/552Kb lim: 4096 exec/s: 52857 rss: 706Mb L: 97/3754 MS: 1 EraseBytes-
#67185338	REDUCE cov: 3770 ft: 11974 corp: 5817/552Kb lim: 4096 exec/s: 52860 rss: 706Mb L: 433/3754 MS: 1 EraseBytes-
#67201730	REDUCE cov: 3770 ft: 11974 corp: 5817/552Kb lim: 4096 exec/s: 52831 rss: 706Mb L: 1300/3754 MS: 2 ChangeASCIIInt-EraseBytes-
#67225912	REDUCE cov: 3770 ft: 11974 corp: 5817/552Kb lim: 4096 exec/s: 52850 rss: 706Mb L: 237/3754 MS: 2 PersAutoDict-EraseBytes- DE: "\376\377\377\377\377\377\377\377"-
#67269498	REDUCE cov: 3770 ft: 11974 corp: 5817/552Kb lim: 4096 exec/s: 52801 rss: 706Mb L: 114/3754 MS: 1 EraseBytes-
#67283849	REDUCE cov: 3770 ft: 11974 corp: 5817/552Kb lim: 4096 exec/s: 52813 rss: 706Mb L: 834/3754 MS: 1 EraseBytes-
#67293945	REDUCE cov: 3770 ft: 11974 corp: 5817/552Kb lim: 4096 exec/s: 52779 rss: 706Mb L: 253/3754 MS: 1 EraseBytes-
#67371681	REDUCE cov: 3770 ft: 11974 corp: 5817/552Kb lim: 4096 exec/s: 52757 rss: 706Mb L: 297/3754 MS: 1 EraseBytes-
#67374547	REDUCE cov: 3770 ft: 11974 corp: 5817/552Kb lim: 4096 exec/s: 52760 rss: 706Mb L: 80/3754 MS: 1 EraseBytes-
#67387783	REDUCE cov: 3770 ft: 11974 corp: 5817/552Kb lim: 4096 exec/s: 52770 rss: 706Mb L: 162/3754 MS: 1 EraseBytes-
#67407760	REDUCE cov: 3770 ft: 11974 corp: 5817/552Kb lim: 4096 exec/s: 52744 rss: 706Mb L: 327/3754 MS: 2 ChangeByte-EraseBytes-
#67415181	REDUCE cov: 3770 ft: 11974 corp: 5817/552Kb lim: 4096 exec/s: 52750 rss: 706Mb L: 92/3754 MS: 1 EraseBytes-
#67426238	REDUCE cov: 3770 ft: 11974 corp: 5817/552Kb lim: 4096 exec/s: 52759 rss: 706Mb L: 197/3754 MS: 2 ChangeASCIIInt-EraseBytes-
#67467944	REDUCE cov: 3770 ft: 11974 corp: 5817/552Kb lim: 4096 exec/s: 52750 rss: 706Mb L: 974/3754 MS: 1 EraseBytes-
#67472950	REDUCE cov: 3770 ft: 11974 corp: 5817/552Kb lim: 4096 exec/s: 52754 rss: 706Mb L: 949/3754 MS: 1 EraseBytes-
#67486851	REDUCE cov: 3770 ft: 11974 corp: 5817/552Kb lim: 4096 exec/s: 52724 rss: 706Mb L: 196/3754 MS: 1 EraseBytes-
#67491252	REDUCE cov: 3770 ft: 11974 corp: 5817/552Kb lim: 4096 exec/s: 52727 rss: 706Mb L: 35/3754 MS: 1 EraseBytes-
#67491463	REDUCE cov: 3770 ft: 11974 corp: 5817/552Kb lim: 4096 exec/s: 52727 rss: 706Mb L: 96/3754 MS: 1 EraseBytes-
#67516670	REDUCE cov: 3770 ft: 11974 corp: 5817/552Kb lim: 4096 exec/s: 52706 rss: 706Mb L: 438/3754 MS: 1 EraseBytes-
#67518363	REDUCE cov: 3770 ft: 11974 corp: 5817/552Kb lim: 4096 exec/s: 52707 rss: 706Mb L: 130/3754 MS: 3 ChangeBinInt-CopyPart-EraseBytes-
#67546859	REDUCE cov: 3770 ft: 11974 corp: 5817/552Kb lim: 4096 exec/s: 52729 rss: 706Mb L: 195/3754 MS: 1 EraseBytes-
#67550996	REDUCE cov: 3770 ft: 11974 corp: 5817/552Kb lim: 4096 exec/s: 52691 rss: 706Mb L: 249/3754 MS: 1 EraseBytes-
#67577942	REDUCE cov: 3770 ft: 11974 corp: 5817/552Kb lim: 4096 exec/s: 52712 rss: 706Mb L: 194/3754 MS: 1 EraseBytes-
#67601544	REDUCE cov: 3770 ft: 11974 corp: 5817/552Kb lim: 4096 exec/s: 52690 rss: 706Mb L: 833/3754 MS: 2 CrossOver-EraseBytes-
#67604646	REDUCE cov: 3770 ft: 11974 corp: 5817/552Kb lim: 4096 exec/s: 52692 rss: 706Mb L: 247/3754 MS: 1 EraseBytes-
#67636102	REDUCE cov: 3770 ft: 11974 corp: 5817/552Kb lim: 4096 exec/s: 52676 rss: 706Mb L: 160/3754 MS: 1 EraseBytes-
#67644296	REDUCE cov: 3770 ft: 11974 corp: 5817/552Kb lim: 4096 exec/s: 52682 rss: 706Mb L: 113/3754 MS: 4 ShuffleBytes-ChangeASCIIInt-ShuffleBytes-EraseBytes-
#67651337	REDUCE cov: 3770 ft: 11974 corp: 5817/552Kb lim: 4096 exec/s: 52687 rss: 706Mb L: 133/3754 MS: 1 EraseBytes-
#67659539	REDUCE cov: 3770 ft: 11974 corp: 5817/551Kb lim: 4096 exec/s: 52694 rss: 706Mb L: 2560/3754 MS: 2 PersAutoDict-EraseBytes- DE: "create-nod&::[{"-
#67692805	REDUCE cov: 3770 ft: 11974 corp: 5817/551Kb lim: 4096 exec/s: 52679 rss: 706Mb L: 134/3754 MS: 1 EraseBytes-
#67698691	REDUCE cov: 3770 ft: 11974 corp: 5817/551Kb lim: 4096 exec/s: 52683 rss: 706Mb L: 36/3754 MS: 1 EraseBytes-
#67717864	REDUCE cov: 3770 ft: 11974 corp: 5817/551Kb lim: 4096 exec/s: 52657 rss: 706Mb L: 234/3754 MS: 3 ShuffleBytes-ShuffleBytes-EraseBytes-
#67743395	REDUCE cov: 3770 ft: 11974 corp: 5817/551Kb lim: 4096 exec/s: 52677 rss: 706Mb L: 326/3754 MS: 1 EraseBytes-
#67764246	REDUCE cov: 3770 ft: 11974 corp: 5817/551Kb lim: 4096 exec/s: 52652 rss: 706Mb L: 112/3754 MS: 1 EraseBytes-
#67766198	REDUCE cov: 3770 ft: 11974 corp: 5817/551Kb lim: 4096 exec/s: 52654 rss: 706Mb L: 35/3754 MS: 2 EraseBytes-CopyPart-
#67771299	REDUCE cov: 3770 ft: 11974 corp: 5817/551Kb lim: 4096 exec/s: 52658 rss: 706Mb L: 702/3754 MS: 1 EraseBytes-
#67786645	REDUCE cov: 3770 ft: 11974 corp: 5817/551Kb lim: 4096 exec/s: 52670 rss: 706Mb L: 215/3754 MS: 1 EraseBytes-
#67787891	REDUCE cov: 3770 ft: 11974 corp: 5817/551Kb lim: 4096 exec/s: 52671 rss: 706Mb L: 3356/3754 MS: 1 EraseBytes-
#67792887	REDUCE cov: 3770 ft: 11974 corp: 5817/551Kb lim: 4096 exec/s: 52634 rss: 706Mb L: 325/3754 MS: 1 EraseBytes-
#67794333	REDUCE cov: 3770 ft: 11974 corp: 5817/551Kb lim: 4096 exec/s: 52635 rss: 706Mb L: 526/3754 MS: 1 EraseBytes-
#67838304	REDUCE cov: 3770 ft: 11974 corp: 5817/551Kb lim: 4096 exec/s: 52669 rss: 706Mb L: 246/3754 MS: 1 EraseBytes-
#67855220	REDUCE cov: 3770 ft: 11974 corp: 5817/551Kb lim: 4096 exec/s: 52641 rss: 706Mb L: 290/3754 MS: 1 EraseBytes-
#67870556	REDUCE cov: 3770 ft: 11974 corp: 5817/551Kb lim: 4096 exec/s: 52653 rss: 706Mb L: 87/3754 MS: 1 EraseBytes-
#67889222	REDUCE cov: 3770 ft: 11974 corp: 5817/551Kb lim: 4096 exec/s: 52627 rss: 706Mb L: 525/3754 MS: 1 EraseBytes-
#67895433	REDUCE cov: 3770 ft: 11974 corp: 5817/551Kb lim: 4096 exec/s: 52632 rss: 706Mb L: 111/3754 MS: 1 EraseBytes-
#67908204	REDUCE cov: 3770 ft: 11974 corp: 5817/551Kb lim: 4096 exec/s: 52642 rss: 706Mb L: 3355/3754 MS: 1 EraseBytes-
#67933320	REDUCE cov: 3770 ft: 11974 corp: 5817/551Kb lim: 4096 exec/s: 52661 rss: 706Mb L: 565/3754 MS: 1 EraseBytes-
#67948877	REDUCE cov: 3770 ft: 11974 corp: 5817/551Kb lim: 4096 exec/s: 52632 rss: 706Mb L: 1648/3754 MS: 2 ChangeASCIIInt-EraseBytes-
#67966893	REDUCE cov: 3770 ft: 11974 corp: 5817/551Kb lim: 4096 exec/s: 52605 rss: 706Mb L: 700/3754 MS: 1 EraseBytes-
#67975744	REDUCE cov: 3770 ft: 11974 corp: 5817/551Kb lim: 4096 exec/s: 52612 rss: 706Mb L: 99/3754 MS: 1 EraseBytes-
#67979085	REDUCE cov: 3770 ft: 11974 corp: 5817/551Kb lim: 4096 exec/s: 52615 rss: 706Mb L: 479/3754 MS: 1 EraseBytes-
#67997623	REDUCE cov: 3770 ft: 11974 corp: 5817/551Kb lim: 4096 exec/s: 52589 rss: 706Mb L: 232/3754 MS: 3 ChangeBit-ChangeASCIIInt-EraseBytes-
#67999769	REDUCE cov: 3770 ft: 11974 corp: 5817/551Kb lim: 4096 exec/s: 52590 rss: 706Mb L: 475/3754 MS: 1 EraseBytes-
#68009740	REDUCE cov: 3770 ft: 11974 corp: 5817/551Kb lim: 4096 exec/s: 52598 rss: 706Mb L: 2388/3754 MS: 1 EraseBytes-
#68063281	REDUCE cov: 3770 ft: 11974 corp: 5817/551Kb lim: 4096 exec/s: 52558 rss: 706Mb L: 2446/3754 MS: 5 EraseBytes-ChangeASCIIInt-ChangeByte-ShuffleBytes-CopyPart-
#68063418	REDUCE cov: 3770 ft: 11974 corp: 5817/551Kb lim: 4096 exec/s: 52558 rss: 706Mb L: 245/3754 MS: 2 ChangeBinInt-EraseBytes-
#68086224	REDUCE cov: 3770 ft: 11974 corp: 5817/551Kb lim: 4096 exec/s: 52535 rss: 706Mb L: 146/3754 MS: 1 EraseBytes-
#68098065	REDUCE cov: 3770 ft: 11974 corp: 5817/551Kb lim: 4096 exec/s: 52544 rss: 706Mb L: 973/3754 MS: 1 EraseBytes-
#68144411	REDUCE cov: 3770 ft: 11974 corp: 5817/551Kb lim: 4096 exec/s: 52540 rss: 706Mb L: 1801/3754 MS: 1 EraseBytes-
#68163212	REDUCE cov: 3770 ft: 11974 corp: 5817/551Kb lim: 4096 exec/s: 52514 rss: 706Mb L: 288/3754 MS: 1 EraseBytes-
#68167793	REDUCE cov: 3770 ft: 11974 corp: 5817/551Kb lim: 4096 exec/s: 52517 rss: 706Mb L: 521/3754 MS: 1 EraseBytes-
#68168059	REDUCE cov: 3770 ft: 11974 corp: 5817/551Kb lim: 4096 exec/s: 52517 rss: 706Mb L: 242/3754 MS: 1 EraseBytes-
#68182375	REDUCE cov: 3770 ft: 11974 corp: 5817/551Kb lim: 4096 exec/s: 52488 rss: 706Mb L: 520/3754 MS: 1 EraseBytes-
#68205711	REDUCE cov: 3770 ft: 11974 corp: 5817/551Kb lim: 4096 exec/s: 52506 rss: 706Mb L: 609/3754 MS: 1 EraseBytes-
#68221257	REDUCE cov: 3770 ft: 11974 corp: 5817/551Kb lim: 4096 exec/s: 52518 rss: 706Mb L: 98/3754 MS: 1 EraseBytes-
#68228686	REDUCE cov: 3770 ft: 11974 corp: 5817/551Kb lim: 4096 exec/s: 52483 rss: 706Mb L: 519/3754 MS: 3 ChangeBit-ChangeASCIIInt-EraseBytes-
#68250032	REDUCE cov: 3770 ft: 11974 corp: 5817/551Kb lim: 4096 exec/s: 52459 rss: 706Mb L: 2387/3754 MS: 1 EraseBytes-
#68260655	REDUCE cov: 3770 ft: 11974 corp: 5817/551Kb lim: 4096 exec/s: 52467 rss: 706Mb L: 811/3754 MS: 3 CopyPart-ChangeASCIIInt-EraseBytes-
#68285642	REDUCE cov: 3770 ft: 11974 corp: 5817/551Kb lim: 4096 exec/s: 52446 rss: 706Mb L: 91/3754 MS: 1 EraseBytes-
#68301508	REDUCE cov: 3770 ft: 11974 corp: 5817/551Kb lim: 4096 exec/s: 52458 rss: 706Mb L: 240/3754 MS: 1 EraseBytes-
#68302139	REDUCE cov: 3770 ft: 11974 corp: 5817/551Kb lim: 4096 exec/s: 52459 rss: 706Mb L: 972/3754 MS: 1 EraseBytes-
#68311205	REDUCE cov: 3770 ft: 11974 corp: 5817/551Kb lim: 4096 exec/s: 52466 rss: 706Mb L: 2626/3754 MS: 1 EraseBytes-
#68383936	REDUCE cov: 3770 ft: 11974 corp: 5817/551Kb lim: 4096 exec/s: 52441 rss: 706Mb L: 882/3754 MS: 1 EraseBytes-
#68393392	REDUCE cov: 3770 ft: 11974 corp: 5817/551Kb lim: 4096 exec/s: 52448 rss: 706Mb L: 192/3754 MS: 1 EraseBytes-
#68423155	REDUCE cov: 3770 ft: 11974 corp: 5817/551Kb lim: 4096 exec/s: 52431 rss: 706Mb L: 174/3754 MS: 3 InsertByte-ChangeBit-EraseBytes-
#68476613	REDUCE cov: 3770 ft: 11974 corp: 5817/551Kb lim: 4096 exec/s: 52432 rss: 706Mb L: 130/3754 MS: 3 CMP-ShuffleBytes-EraseBytes- DE: "\376\377\377\377"-
#68485559	REDUCE cov: 3770 ft: 11974 corp: 5817/551Kb lim: 4096 exec/s: 52399 rss: 706Mb L: 3333/3754 MS: 1 EraseBytes-
#68503330	REDUCE cov: 3770 ft: 11974 corp: 5817/551Kb lim: 4096 exec/s: 52412 rss: 706Mb L: 322/3754 MS: 1 EraseBytes-
#68514276	REDUCE cov: 3770 ft: 11974 corp: 5817/551Kb lim: 4096 exec/s: 52421 rss: 706Mb L: 238/3754 MS: 1 EraseBytes-
#68539557	REDUCE cov: 3770 ft: 11974 corp: 5817/551Kb lim: 4096 exec/s: 52400 rss: 706Mb L: 1773/3754 MS: 1 EraseBytes-
#68569308	REDUCE cov: 3770 ft: 11974 corp: 5817/551Kb lim: 4096 exec/s: 52382 rss: 706Mb L: 61/3754 MS: 1 EraseBytes-
#68607434	REDUCE cov: 3770 ft: 11974 corp: 5817/551Kb lim: 4096 exec/s: 52372 rss: 706Mb L: 145/3754 MS: 1 EraseBytes-
#68651860	REDUCE cov: 3770 ft: 11974 corp: 5817/551Kb lim: 4096 exec/s: 52366 rss: 706Mb L: 110/3754 MS: 1 EraseBytes-
#68670277	REDUCE cov: 3770 ft: 11974 corp: 5817/551Kb lim: 4096 exec/s: 52380 rss: 706Mb L: 352/3754 MS: 2 InsertByte-EraseBytes-
#68677648	REDUCE cov: 3770 ft: 11974 corp: 5817/551Kb lim: 4096 exec/s: 52345 rss: 706Mb L: 109/3754 MS: 1 EraseBytes-
#68684484	REDUCE cov: 3770 ft: 11974 corp: 5817/551Kb lim: 4096 exec/s: 52350 rss: 706Mb L: 3239/3754 MS: 1 EraseBytes-
#68720356	REDUCE cov: 3770 ft: 11974 corp: 5817/551Kb lim: 4096 exec/s: 52338 rss: 706Mb L: 809/3754 MS: 1 EraseBytes-
#68756527	REDUCE cov: 3770 ft: 11974 corp: 5817/551Kb lim: 4096 exec/s: 52326 rss: 706Mb L: 42/3754 MS: 1 EraseBytes-
#68764778	REDUCE cov: 3770 ft: 11974 corp: 5817/551Kb lim: 4096 exec/s: 52292 rss: 706Mb L: 72/3754 MS: 1 EraseBytes-
#68799234	REDUCE cov: 3770 ft: 11974 corp: 5817/551Kb lim: 4096 exec/s: 52279 rss: 706Mb L: 70/3754 MS: 1 EraseBytes-
#68815340	REDUCE cov: 3770 ft: 11974 corp: 5817/551Kb lim: 4096 exec/s: 52291 rss: 706Mb L: 2544/3754 MS: 1 EraseBytes-
#68853326	REDUCE cov: 3770 ft: 11974 corp: 5817/551Kb lim: 4096 exec/s: 52280 rss: 706Mb L: 1701/3754 MS: 1 EraseBytes-
#68860492	REDUCE cov: 3770 ft: 11974 corp: 5817/551Kb lim: 4096 exec/s: 52285 rss: 706Mb L: 517/3754 MS: 1 EraseBytes-
#68869019	REDUCE cov: 3771 ft: 11975 corp: 5818/551Kb lim: 4096 exec/s: 52292 rss: 706Mb L: 115/3754 MS: 2 CMP-CrossOver- DE: "parent"-
#68886835	REDUCE cov: 3771 ft: 11975 corp: 5818/551Kb lim: 4096 exec/s: 52266 rss: 706Mb L: 118/3754 MS: 1 EraseBytes-
#68887521	REDUCE cov: 3771 ft: 11975 corp: 5818/551Kb lim: 4096 exec/s: 52266 rss: 706Mb L: 1630/3754 MS: 1 EraseBytes-
#68887542	REDUCE cov: 3771 ft: 11975 corp: 5818/551Kb lim: 4096 exec/s: 52266 rss: 706Mb L: 59/3754 MS: 1 EraseBytes-
#68932019	REDUCE cov: 3771 ft: 11975 corp: 5818/551Kb lim: 4096 exec/s: 52260 rss: 706Mb L: 153/3754 MS: 2 ShuffleBytes-EraseBytes-
#68939866	REDUCE cov: 3771 ft: 11975 corp: 5818/551Kb lim: 4096 exec/s: 52227 rss: 706Mb L: 970/3754 MS: 2 ChangeASCIIInt-EraseBytes-
#68952808	REDUCE cov: 3771 ft: 11975 corp: 5818/551Kb lim: 4096 exec/s: 52236 rss: 706Mb L: 107/3754 MS: 2 ChangeByte-EraseBytes-
#68953579	REDUCE cov: 3771 ft: 11975 corp: 5818/551Kb lim: 4096 exec/s: 52237 rss: 706Mb L: 960/3754 MS: 1 EraseBytes-
#68980875	REDUCE cov: 3771 ft: 11975 corp: 5818/551Kb lim: 4096 exec/s: 52218 rss: 706Mb L: 515/3754 MS: 1 EraseBytes-
#68982637	REDUCE cov: 3771 ft: 11975 corp: 5818/551Kb lim: 4096 exec/s: 52220 rss: 706Mb L: 751/3754 MS: 1 EraseBytes-
#69002708	REDUCE cov: 3771 ft: 11975 corp: 5818/551Kb lim: 4096 exec/s: 52235 rss: 706Mb L: 146/3754 MS: 1 EraseBytes-
#69008755	REDUCE cov: 3771 ft: 11975 corp: 5818/551Kb lim: 4096 exec/s: 52200 rss: 706Mb L: 737/3754 MS: 2 ChangeBit-EraseBytes-
#69036967	REDUCE cov: 3771 ft: 11975 corp: 5818/551Kb lim: 4096 exec/s: 52221 rss: 706Mb L: 128/3754 MS: 2 ShuffleBytes-EraseBytes-
#69042418	REDUCE cov: 3771 ft: 11975 corp: 5818/551Kb lim: 4096 exec/s: 52225 rss: 706Mb L: 236/3754 MS: 1 EraseBytes-
#69045719	REDUCE cov: 3771 ft: 11975 corp: 5818/551Kb lim: 4096 exec/s: 52228 rss: 706Mb L: 1614/3754 MS: 1 EraseBytes-
#69081621	REDUCE cov: 3771 ft: 11975 corp: 5818/551Kb lim: 4096 exec/s: 52176 rss: 706Mb L: 1693/3754 MS: 2 InsertByte-EraseBytes-
#69126012	REDUCE cov: 3771 ft: 11975 corp: 5818/551Kb lim: 4096 exec/s: 52209 rss: 706Mb L: 1293/3754 MS: 1 EraseBytes-
#69137573	REDUCE cov: 3771 ft: 11975 corp: 5818/551Kb lim: 4096 exec/s: 52179 rss: 706Mb L: 792/3754 MS: 1 EraseBytes-
#69144484	REDUCE cov: 3771 ft: 11975 corp: 5818/551Kb lim: 4096 exec/s: 52184 rss: 706Mb L: 1680/3754 MS: 1 EraseBytes-
#69162875	REDUCE cov: 3771 ft: 11975 corp: 5818/551Kb lim: 4096 exec/s: 52159 rss: 706Mb L: 625/3754 MS: 1 EraseBytes-
#69176222	REDUCE cov: 3771 ft: 11975 corp: 5818/551Kb lim: 4096 exec/s: 52129 rss: 706Mb L: 653/3754 MS: 2 ShuffleBytes-EraseBytes-
#69226513	REDUCE cov: 3771 ft: 11975 corp: 5818/551Kb lim: 4096 exec/s: 52128 rss: 706Mb L: 1298/3754 MS: 1 EraseBytes-
#69234029	REDUCE cov: 3771 ft: 11975 corp: 5818/551Kb lim: 4096 exec/s: 52134 rss: 706Mb L: 104/3754 MS: 1 EraseBytes-
#69235100	REDUCE cov: 3771 ft: 11975 corp: 5818/551Kb lim: 4096 exec/s: 52134 rss: 706Mb L: 145/3754 MS: 1 EraseBytes-
#69237886	REDUCE cov: 3771 ft: 11975 corp: 5818/551Kb lim: 4096 exec/s: 52136 rss: 706Mb L: 102/3754 MS: 1 EraseBytes-
#69287337	REDUCE cov: 3771 ft: 11975 corp: 5818/551Kb lim: 4096 exec/s: 52095 rss: 706Mb L: 938/3754 MS: 1 EraseBytes-
#69300458	REDUCE cov: 3771 ft: 11975 corp: 5818/551Kb lim: 4096 exec/s: 52105 rss: 706Mb L: 95/3754 MS: 1 EraseBytes-
#69311774	REDUCE cov: 3771 ft: 11975 corp: 5818/551Kb lim: 4096 exec/s: 52074 rss: 706Mb L: 77/3754 MS: 1 EraseBytes-
#69322095	REDUCE cov: 3771 ft: 11975 corp: 5818/551Kb lim: 4096 exec/s: 52082 rss: 706Mb L: 3328/3754 MS: 1 EraseBytes-
#69322481	REDUCE cov: 3771 ft: 11975 corp: 5818/551Kb lim: 4096 exec/s: 52083 rss: 706Mb L: 100/3754 MS: 1 EraseBytes-
#69365549	REDUCE cov: 3771 ft: 11975 corp: 5818/551Kb lim: 4096 exec/s: 52037 rss: 706Mb L: 590/3754 MS: 3 ChangeASCIIInt-InsertByte-EraseBytes-
#69366525	REDUCE cov: 3771 ft: 11975 corp: 5818/551Kb lim: 4096 exec/s: 52037 rss: 706Mb L: 512/3754 MS: 1 EraseBytes-
#69378611	REDUCE cov: 3771 ft: 11975 corp: 5818/551Kb lim: 4096 exec/s: 52046 rss: 706Mb L: 88/3754 MS: 1 EraseBytes-
#69388322	REDUCE cov: 3771 ft: 11975 corp: 5818/551Kb lim: 4096 exec/s: 52015 rss: 706Mb L: 2542/3754 MS: 1 EraseBytes-
#69438073	REDUCE cov: 3771 ft: 11975 corp: 5818/551Kb lim: 4096 exec/s: 52013 rss: 706Mb L: 88/3754 MS: 1 EraseBytes-
#69505296	REDUCE cov: 3771 ft: 11975 corp: 5818/551Kb lim: 4096 exec/s: 51947 rss: 706Mb L: 104/3754 MS: 3 ShuffleBytes-ChangeByte-EraseBytes-
#69522852	REDUCE cov: 3771 ft: 11975 corp: 5818/551Kb lim: 4096 exec/s: 51960 rss: 706Mb L: 97/3754 MS: 1 EraseBytes-
#69532743	REDUCE cov: 3771 ft: 11975 corp: 5818/551Kb lim: 4096 exec/s: 51928 rss: 706Mb L: 1322/3754 MS: 1 EraseBytes-
#69595134	REDUCE cov: 3771 ft: 11975 corp: 5818/551Kb lim: 4096 exec/s: 51936 rss: 706Mb L: 98/3754 MS: 1 EraseBytes-
#69595945	REDUCE cov: 3771 ft: 11975 corp: 5818/551Kb lim: 4096 exec/s: 51937 rss: 706Mb L: 234/3754 MS: 1 EraseBytes-
#69602562	REDUCE cov: 3771 ft: 11975 corp: 5818/551Kb lim: 4096 exec/s: 51903 rss: 706Mb L: 36/3754 MS: 2 ChangeASCIIInt-EraseBytes-
#69712608	REDUCE cov: 3771 ft: 11975 corp: 5818/551Kb lim: 4096 exec/s: 51869 rss: 706Mb L: 321/3754 MS: 1 EraseBytes-
#69723580	REDUCE cov: 3771 ft: 11975 corp: 5818/551Kb lim: 4096 exec/s: 51877 rss: 706Mb L: 1575/3754 MS: 2 EraseBytes-CopyPart-
#69744677	REDUCE cov: 3771 ft: 11975 corp: 5818/551Kb lim: 4096 exec/s: 51854 rss: 706Mb L: 148/3754 MS: 2 ChangeBit-EraseBytes-
#69773318	REDUCE cov: 3771 ft: 11975 corp: 5818/551Kb lim: 4096 exec/s: 51837 rss: 706Mb L: 3327/3754 MS: 1 EraseBytes-
#69774344	REDUCE cov: 3771 ft: 11975 corp: 5818/551Kb lim: 4096 exec/s: 51838 rss: 706Mb L: 63/3754 MS: 1 EraseBytes-
#69802460	REDUCE cov: 3771 ft: 11975 corp: 5818/551Kb lim: 4096 exec/s: 51820 rss: 706Mb L: 34/3754 MS: 1 EraseBytes-
#69808276	REDUCE cov: 3771 ft: 11975 corp: 5818/551Kb lim: 4096 exec/s: 51825 rss: 706Mb L: 60/3754 MS: 1 EraseBytes-
#69835082	REDUCE cov: 3771 ft: 11975 corp: 5818/551Kb lim: 4096 exec/s: 51806 rss: 706Mb L: 473/3754 MS: 1 EraseBytes-
#69851973	REDUCE cov: 3771 ft: 11975 corp: 5818/551Kb lim: 4096 exec/s: 51780 rss: 706Mb L: 84/3754 MS: 1 EraseBytes-
#69858849	REDUCE cov: 3771 ft: 11975 corp: 5818/551Kb lim: 4096 exec/s: 51785 rss: 706Mb L: 101/3754 MS: 1 EraseBytes-
#69861220	REDUCE cov: 3771 ft: 11975 corp: 5818/551Kb lim: 4096 exec/s: 51787 rss: 706Mb L: 62/3754 MS: 1 EraseBytes-
#69867106	REDUCE cov: 3771 ft: 11975 corp: 5818/551Kb lim: 4096 exec/s: 51791 rss: 706Mb L: 813/3754 MS: 1 EraseBytes-
#69867647	REDUCE cov: 3771 ft: 11975 corp: 5818/550Kb lim: 4096 exec/s: 51792 rss: 706Mb L: 1510/3754 MS: 1 EraseBytes-
#69909013	REDUCE cov: 3771 ft: 11975 corp: 5818/550Kb lim: 4096 exec/s: 51746 rss: 706Mb L: 81/3754 MS: 1 EraseBytes-
#69947779	REDUCE cov: 3771 ft: 11975 corp: 5818/550Kb lim: 4096 exec/s: 51736 rss: 706Mb L: 44/3754 MS: 1 EraseBytes-
#69951572	REDUCE cov: 3771 ft: 11975 corp: 5818/550Kb lim: 4096 exec/s: 51739 rss: 706Mb L: 205/3754 MS: 3 ChangeBit-ChangeBit-EraseBytes-
#69960198	REDUCE cov: 3771 ft: 11975 corp: 5818/550Kb lim: 4096 exec/s: 51707 rss: 706Mb L: 230/3754 MS: 1 EraseBytes-
#69990349	REDUCE cov: 3771 ft: 11975 corp: 5818/550Kb lim: 4096 exec/s: 51691 rss: 706Mb L: 1248/3754 MS: 1 EraseBytes-
#70030120	REDUCE cov: 3771 ft: 11975 corp: 5818/550Kb lim: 4096 exec/s: 51644 rss: 706Mb L: 231/3754 MS: 1 EraseBytes-
#70039476	REDUCE cov: 3771 ft: 11975 corp: 5818/550Kb lim: 4096 exec/s: 51651 rss: 706Mb L: 403/3754 MS: 1 EraseBytes-
#70049077	REDUCE cov: 3771 ft: 11975 corp: 5818/550Kb lim: 4096 exec/s: 51658 rss: 706Mb L: 177/3754 MS: 1 EraseBytes-
#70049218	REDUCE cov: 3771 ft: 11975 corp: 5818/550Kb lim: 4096 exec/s: 51658 rss: 706Mb L: 100/3754 MS: 1 EraseBytes-
#70071095	REDUCE cov: 3771 ft: 11975 corp: 5818/550Kb lim: 4096 exec/s: 51636 rss: 706Mb L: 1081/3754 MS: 2 ShuffleBytes-EraseBytes-
#70082731	REDUCE cov: 3771 ft: 11975 corp: 5818/550Kb lim: 4096 exec/s: 51645 rss: 706Mb L: 99/3754 MS: 1 EraseBytes-
#70112492	REDUCE cov: 3771 ft: 11975 corp: 5818/550Kb lim: 4096 exec/s: 51629 rss: 706Mb L: 806/3754 MS: 1 EraseBytes-
#70145014	REDUCE cov: 3771 ft: 11975 corp: 5818/550Kb lim: 4096 exec/s: 51615 rss: 706Mb L: 1509/3754 MS: 1 EraseBytes-
#70159277	REDUCE cov: 3771 ft: 11975 corp: 5818/550Kb lim: 4096 exec/s: 51625 rss: 706Mb L: 485/3754 MS: 3 EraseBytes-ShuffleBytes-CrossOver-
#70162253	REDUCE cov: 3771 ft: 11975 corp: 5818/550Kb lim: 4096 exec/s: 51627 rss: 706Mb L: 2479/3754 MS: 1 EraseBytes-
#70170899	REDUCE cov: 3771 ft: 11975 corp: 5818/550Kb lim: 4096 exec/s: 51596 rss: 706Mb L: 398/3754 MS: 1 EraseBytes-
#70226697	REDUCE cov: 3771 ft: 11975 corp: 5818/550Kb lim: 4096 exec/s: 51599 rss: 706Mb L: 238/3754 MS: 2 ShuffleBytes-EraseBytes-
#70239468	REDUCE cov: 3771 ft: 11975 corp: 5818/550Kb lim: 4096 exec/s: 51570 rss: 706Mb L: 257/3754 MS: 1 EraseBytes-
#70263129	REDUCE cov: 3771 ft: 11975 corp: 5818/550Kb lim: 4096 exec/s: 51550 rss: 706Mb L: 789/3754 MS: 1 EraseBytes-
#70270715	REDUCE cov: 3771 ft: 11975 corp: 5818/550Kb lim: 4096 exec/s: 51555 rss: 706Mb L: 62/3754 MS: 1 EraseBytes-
#70271628	REDUCE cov: 3771 ft: 11975 corp: 5818/550Kb lim: 4096 exec/s: 51556 rss: 706Mb L: 341/3754 MS: 3 InsertByte-CrossOver-EraseBytes-
#70298789	REDUCE cov: 3771 ft: 11975 corp: 5818/550Kb lim: 4096 exec/s: 51576 rss: 706Mb L: 189/3754 MS: 1 EraseBytes-
#70300975	REDUCE cov: 3771 ft: 11975 corp: 5818/550Kb lim: 4096 exec/s: 51578 rss: 706Mb L: 287/3754 MS: 1 EraseBytes-
#70316311	REDUCE cov: 3771 ft: 11975 corp: 5818/550Kb lim: 4096 exec/s: 51551 rss: 706Mb L: 259/3754 MS: 1 EraseBytes-
#70348037	REDUCE cov: 3771 ft: 11975 corp: 5818/550Kb lim: 4096 exec/s: 51537 rss: 706Mb L: 75/3754 MS: 1 EraseBytes-
#70359063	REDUCE cov: 3771 ft: 11975 corp: 5818/550Kb lim: 4096 exec/s: 51545 rss: 706Mb L: 2551/3754 MS: 1 EraseBytes-
#70368190	REDUCE cov: 3771 ft: 11975 corp: 5818/550Kb lim: 4096 exec/s: 51514 rss: 706Mb L: 36/3754 MS: 2 EraseBytes-InsertByte-
#70386917	REDUCE cov: 3771 ft: 11975 corp: 5818/550Kb lim: 4096 exec/s: 51527 rss: 706Mb L: 5/3754 MS: 2 ChangeASCIIInt-EraseBytes-
#70409583	REDUCE cov: 3771 ft: 11975 corp: 5818/550Kb lim: 4096 exec/s: 51506 rss: 706Mb L: 934/3754 MS: 1 EraseBytes-
#70419879	REDUCE cov: 3771 ft: 11975 corp: 5818/550Kb lim: 4096 exec/s: 51514 rss: 706Mb L: 144/3754 MS: 1 EraseBytes-
#70475381	REDUCE cov: 3771 ft: 11975 corp: 5818/550Kb lim: 4096 exec/s: 51479 rss: 706Mb L: 188/3754 MS: 2 ChangeASCIIInt-EraseBytes-
#70492812	REDUCE cov: 3771 ft: 11975 corp: 5818/550Kb lim: 4096 exec/s: 51454 rss: 706Mb L: 1657/3754 MS: 1 EraseBytes-
#70504610	REDUCE cov: 3771 ft: 11975 corp: 5818/550Kb lim: 4096 exec/s: 51463 rss: 706Mb L: 22/3754 MS: 3 ChangeASCIIInt-CopyPart-EraseBytes-
#70523131	REDUCE cov: 3771 ft: 11975 corp: 5818/550Kb lim: 4096 exec/s: 51476 rss: 706Mb L: 227/3754 MS: 1 EraseBytes-
#70539022	REDUCE cov: 3771 ft: 11975 corp: 5818/550Kb lim: 4096 exec/s: 51488 rss: 706Mb L: 924/3754 MS: 1 EraseBytes-
#70553368	REDUCE cov: 3771 ft: 11975 corp: 5818/550Kb lim: 4096 exec/s: 51461 rss: 706Mb L: 948/3754 MS: 1 EraseBytes-
#70576184	REDUCE cov: 3771 ft: 11975 corp: 5818/550Kb lim: 4096 exec/s: 51477 rss: 706Mb L: 770/3754 MS: 1 EraseBytes-
#70585891	REDUCE cov: 3771 ft: 11975 corp: 5818/550Kb lim: 4096 exec/s: 51484 rss: 706Mb L: 1196/3754 MS: 2 ShuffleBytes-EraseBytes-
#70638392	REDUCE cov: 3771 ft: 11975 corp: 5818/550Kb lim: 4096 exec/s: 51485 rss: 706Mb L: 474/3754 MS: 1 EraseBytes-
#70690925	REDUCE cov: 3771 ft: 11975 corp: 5818/550Kb lim: 4096 exec/s: 51486 rss: 706Mb L: 2510/3754 MS: 3 ChangeASCIIInt-InsertByte-EraseBytes-
#70698136	REDUCE cov: 3771 ft: 11975 corp: 5818/550Kb lim: 4096 exec/s: 51491 rss: 706Mb L: 758/3754 MS: 1 EraseBytes-
#70772663	REDUCE cov: 3771 ft: 11975 corp: 5818/550Kb lim: 4096 exec/s: 51508 rss: 706Mb L: 225/3754 MS: 1 EraseBytes-
#70872609	REDUCE cov: 3771 ft: 11975 corp: 5818/550Kb lim: 4096 exec/s: 51468 rss: 706Mb L: 1122/3754 MS: 1 EraseBytes-
#70879865	REDUCE cov: 3771 ft: 11975 corp: 5818/550Kb lim: 4096 exec/s: 51436 rss: 706Mb L: 88/3754 MS: 1 EraseBytes-
#70913416	REDUCE cov: 3771 ft: 11975 corp: 5818/550Kb lim: 4096 exec/s: 51461 rss: 706Mb L: 129/3754 MS: 1 EraseBytes-
#70933279	REDUCE cov: 3771 ft: 11975 corp: 5818/550Kb lim: 4096 exec/s: 51400 rss: 706Mb L: 262/3754 MS: 3 ChangeByte-ChangeASCIIInt-EraseBytes-
#70940035	REDUCE cov: 3771 ft: 11975 corp: 5818/550Kb lim: 4096 exec/s: 51405 rss: 706Mb L: 324/3754 MS: 1 EraseBytes-
#70946207	REDUCE cov: 3771 ft: 11975 corp: 5818/550Kb lim: 4096 exec/s: 51410 rss: 706Mb L: 94/3754 MS: 2 ChangeByte-EraseBytes-
#70963063	REDUCE cov: 3771 ft: 11975 corp: 5818/550Kb lim: 4096 exec/s: 51422 rss: 706Mb L: 445/3754 MS: 1 EraseBytes-
#70967799	REDUCE cov: 3771 ft: 11975 corp: 5818/550Kb lim: 4096 exec/s: 51388 rss: 706Mb L: 340/3754 MS: 1 EraseBytes-
#70997425	REDUCE cov: 3771 ft: 11975 corp: 5818/550Kb lim: 4096 exec/s: 51410 rss: 706Mb L: 78/3754 MS: 1 EraseBytes-
#71011912	REDUCE cov: 3771 ft: 11975 corp: 5818/550Kb lim: 4096 exec/s: 51383 rss: 706Mb L: 97/3754 MS: 2 CopyPart-EraseBytes-
#71059623	REDUCE cov: 3771 ft: 11975 corp: 5818/550Kb lim: 4096 exec/s: 51380 rss: 706Mb L: 96/3754 MS: 1 EraseBytes-
#71087740	REDUCE cov: 3771 ft: 11975 corp: 5818/550Kb lim: 4096 exec/s: 51363 rss: 706Mb L: 90/3754 MS: 1 EraseBytes-
#71088956	REDUCE cov: 3771 ft: 11975 corp: 5818/550Kb lim: 4096 exec/s: 51364 rss: 706Mb L: 187/3754 MS: 1 EraseBytes-
#71091695	REDUCE cov: 3771 ft: 11975 corp: 5818/550Kb lim: 4096 exec/s: 51366 rss: 706Mb L: 339/3754 MS: 4 CopyPart-CMP-ChangeByte-EraseBytes- DE: "\366\001\000\000\000\000\000\000"-
#71122366	REDUCE cov: 3771 ft: 11975 corp: 5818/550Kb lim: 4096 exec/s: 51351 rss: 706Mb L: 1630/3754 MS: 1 EraseBytes-
#71207327	REDUCE cov: 3771 ft: 11975 corp: 5818/550Kb lim: 4096 exec/s: 51339 rss: 706Mb L: 221/3754 MS: 1 EraseBytes-
#71259944	REDUCE cov: 3771 ft: 11975 corp: 5818/550Kb lim: 4096 exec/s: 51303 rss: 706Mb L: 85/3754 MS: 2 ChangeBit-EraseBytes-
#71264617	REDUCE cov: 3771 ft: 11975 corp: 5818/550Kb lim: 4096 exec/s: 51306 rss: 706Mb L: 1345/3754 MS: 3 PersAutoDict-CopyPart-EraseBytes- DE: "\376\377\377\377\377\377\377\377"-
#71297403	REDUCE cov: 3771 ft: 11975 corp: 5818/550Kb lim: 4096 exec/s: 51293 rss: 706Mb L: 186/3754 MS: 1 EraseBytes-
#71308174	REDUCE cov: 3771 ft: 11975 corp: 5818/550Kb lim: 4096 exec/s: 51300 rss: 706Mb L: 2071/3754 MS: 1 EraseBytes-
#71310415	REDUCE cov: 3771 ft: 11975 corp: 5818/550Kb lim: 4096 exec/s: 51302 rss: 706Mb L: 87/3754 MS: 1 EraseBytes-
#71315191	REDUCE cov: 3771 ft: 11975 corp: 5818/550Kb lim: 4096 exec/s: 51305 rss: 706Mb L: 1079/3754 MS: 1 EraseBytes-
#71329177	REDUCE cov: 3771 ft: 11975 corp: 5818/550Kb lim: 4096 exec/s: 51279 rss: 706Mb L: 2386/3754 MS: 1 EraseBytes-
#71385733	REDUCE cov: 3771 ft: 11976 corp: 5819/550Kb lim: 4096 exec/s: 51282 rss: 706Mb L: 290/3754 MS: 1 InsertRepeatedBytes-
#71412764	REDUCE cov: 3771 ft: 11976 corp: 5819/550Kb lim: 4096 exec/s: 51265 rss: 706Mb L: 44/3754 MS: 1 EraseBytes-
#71446500	REDUCE cov: 3771 ft: 11976 corp: 5819/550Kb lim: 4096 exec/s: 51252 rss: 706Mb L: 95/3754 MS: 1 EraseBytes-
#71448166	REDUCE cov: 3771 ft: 11976 corp: 5819/550Kb lim: 4096 exec/s: 51254 rss: 706Mb L: 695/3754 MS: 1 EraseBytes-
#71455618	REDUCE cov: 3771 ft: 11976 corp: 5819/550Kb lim: 4096 exec/s: 51259 rss: 706Mb L: 2489/3754 MS: 2 InsertByte-EraseBytes-
#71457004	REDUCE cov: 3771 ft: 11976 corp: 5819/550Kb lim: 4096 exec/s: 51260 rss: 706Mb L: 262/3754 MS: 1 EraseBytes-
#71463920	REDUCE cov: 3771 ft: 11976 corp: 5819/550Kb lim: 4096 exec/s: 51265 rss: 706Mb L: 598/3754 MS: 1 EraseBytes-
#71470841	REDUCE cov: 3771 ft: 11976 corp: 5819/550Kb lim: 4096 exec/s: 51270 rss: 706Mb L: 64/3754 MS: 1 EraseBytes-
#71492587	REDUCE cov: 3771 ft: 11976 corp: 5819/550Kb lim: 4096 exec/s: 51249 rss: 706Mb L: 603/3754 MS: 1 EraseBytes-
#71493443	REDUCE cov: 3771 ft: 11976 corp: 5819/550Kb lim: 4096 exec/s: 51249 rss: 706Mb L: 344/3754 MS: 1 EraseBytes-
#71496825	REDUCE cov: 3771 ft: 11976 corp: 5819/550Kb lim: 4096 exec/s: 51252 rss: 706Mb L: 144/3754 MS: 2 ChangeBinInt-EraseBytes-
#71517711	REDUCE cov: 3771 ft: 11976 corp: 5819/550Kb lim: 4096 exec/s: 51230 rss: 706Mb L: 339/3754 MS: 1 EraseBytes-
#71517934	REDUCE cov: 3771 ft: 11976 corp: 5819/550Kb lim: 4096 exec/s: 51230 rss: 706Mb L: 237/3754 MS: 3 ChangeASCIIInt-InsertByte-EraseBytes-
#71520962	REDUCE cov: 3771 ft: 11976 corp: 5819/550Kb lim: 4096 exec/s: 51232 rss: 706Mb L: 120/3754 MS: 3 ChangeASCIIInt-ChangeBit-EraseBytes-
#71530623	REDUCE cov: 3771 ft: 11976 corp: 5819/550Kb lim: 4096 exec/s: 51239 rss: 706Mb L: 89/3754 MS: 1 EraseBytes-
#71535520	REDUCE cov: 3771 ft: 11976 corp: 5819/550Kb lim: 4096 exec/s: 51206 rss: 706Mb L: 93/3754 MS: 1 EraseBytes-
#71536271	REDUCE cov: 3771 ft: 11976 corp: 5819/550Kb lim: 4096 exec/s: 51207 rss: 706Mb L: 1998/3754 MS: 1 EraseBytes-
#71538146	REDUCE cov: 3771 ft: 11976 corp: 5819/550Kb lim: 4096 exec/s: 51208 rss: 706Mb L: 92/3754 MS: 5 InsertByte-PersAutoDict-InsertByte-ChangeBit-EraseBytes- DE: "paps"-
#71549527	REDUCE cov: 3771 ft: 11976 corp: 5819/550Kb lim: 4096 exec/s: 51216 rss: 706Mb L: 271/3754 MS: 1 EraseBytes-
#71551873	REDUCE cov: 3771 ft: 11976 corp: 5819/550Kb lim: 4096 exec/s: 51218 rss: 706Mb L: 755/3754 MS: 1 EraseBytes-
#71557885	REDUCE cov: 3771 ft: 11976 corp: 5819/550Kb lim: 4096 exec/s: 51222 rss: 706Mb L: 514/3754 MS: 2 ShuffleBytes-EraseBytes-
#71570471	REDUCE cov: 3771 ft: 11976 corp: 5819/550Kb lim: 4096 exec/s: 51194 rss: 706Mb L: 58/3754 MS: 1 EraseBytes-
#71578237	REDUCE cov: 3771 ft: 11976 corp: 5819/550Kb lim: 4096 exec/s: 51200 rss: 706Mb L: 2174/3754 MS: 1 EraseBytes-
#71578398	REDUCE cov: 3771 ft: 11976 corp: 5819/550Kb lim: 4096 exec/s: 51200 rss: 706Mb L: 2173/3754 MS: 1 EraseBytes-
#71595255	REDUCE cov: 3771 ft: 11976 corp: 5819/550Kb lim: 4096 exec/s: 51176 rss: 706Mb L: 94/3754 MS: 1 EraseBytes-
#71610076	REDUCE cov: 3771 ft: 11976 corp: 5819/550Kb lim: 4096 exec/s: 51186 rss: 706Mb L: 585/3754 MS: 1 EraseBytes-
#71618983	REDUCE cov: 3771 ft: 11976 corp: 5819/550Kb lim: 4096 exec/s: 51192 rss: 706Mb L: 163/3754 MS: 2 ShuffleBytes-EraseBytes-
#71632820	REDUCE cov: 3771 ft: 11976 corp: 5819/550Kb lim: 4096 exec/s: 51166 rss: 706Mb L: 92/3754 MS: 1 EraseBytes-
#71670342	REDUCE cov: 3771 ft: 11976 corp: 5819/550Kb lim: 4096 exec/s: 51156 rss: 706Mb L: 1178/3754 MS: 2 ChangeASCIIInt-EraseBytes-
#71682208	REDUCE cov: 3771 ft: 11976 corp: 5819/550Kb lim: 4096 exec/s: 51165 rss: 706Mb L: 213/3754 MS: 1 EraseBytes-
#71695774	REDUCE cov: 3771 ft: 11976 corp: 5819/550Kb lim: 4096 exec/s: 51138 rss: 706Mb L: 36/3754 MS: 1 EraseBytes-
#71713581	REDUCE cov: 3771 ft: 11976 corp: 5819/550Kb lim: 4096 exec/s: 51150 rss: 706Mb L: 278/3754 MS: 2 ChangeASCIIInt-EraseBytes-
#71757234	REDUCE cov: 3771 ft: 11976 corp: 5819/550Kb lim: 4096 exec/s: 51145 rss: 706Mb L: 66/3754 MS: 3 ChangeByte-EraseBytes-CMP- DE: "add-relation"-
#71776871	REDUCE cov: 3771 ft: 11976 corp: 5819/550Kb lim: 4096 exec/s: 51159 rss: 706Mb L: 568/3754 MS: 2 ChangeASCIIInt-EraseBytes-
#71786507	REDUCE cov: 3771 ft: 11976 corp: 5819/550Kb lim: 4096 exec/s: 51129 rss: 706Mb L: 118/3754 MS: 1 EraseBytes-
#71838918	REDUCE cov: 3771 ft: 11976 corp: 5819/550Kb lim: 4096 exec/s: 51094 rss: 706Mb L: 2540/3754 MS: 1 EraseBytes-
#71841744	REDUCE cov: 3771 ft: 11976 corp: 5819/550Kb lim: 4096 exec/s: 51096 rss: 706Mb L: 37/3754 MS: 1 EraseBytes-
#71842715	REDUCE cov: 3771 ft: 11976 corp: 5819/550Kb lim: 4096 exec/s: 51097 rss: 706Mb L: 133/3754 MS: 1 EraseBytes-
#71853171	REDUCE cov: 3771 ft: 11976 corp: 5819/550Kb lim: 4096 exec/s: 51104 rss: 706Mb L: 559/3754 MS: 1 EraseBytes-
#71868638	REDUCE cov: 3771 ft: 11976 corp: 5819/550Kb lim: 4096 exec/s: 51115 rss: 706Mb L: 1105/3754 MS: 2 ChangeByte-EraseBytes-
#71874794	REDUCE cov: 3771 ft: 11976 corp: 5819/550Kb lim: 4096 exec/s: 51120 rss: 706Mb L: 1294/3754 MS: 1 EraseBytes-
#71885535	REDUCE cov: 3771 ft: 11976 corp: 5819/550Kb lim: 4096 exec/s: 51091 rss: 706Mb L: 336/3754 MS: 1 EraseBytes-
#71911761	REDUCE cov: 3771 ft: 11976 corp: 5819/550Kb lim: 4096 exec/s: 51073 rss: 706Mb L: 251/3754 MS: 1 EraseBytes-
#71922147	REDUCE cov: 3771 ft: 11976 corp: 5819/550Kb lim: 4096 exec/s: 51081 rss: 706Mb L: 319/3754 MS: 1 EraseBytes-
#71944278	REDUCE cov: 3771 ft: 11977 corp: 5820/552Kb lim: 4096 exec/s: 51096 rss: 706Mb L: 2421/3754 MS: 1 CrossOver-
#71944930	REDUCE cov: 3771 ft: 11977 corp: 5820/552Kb lim: 4096 exec/s: 51097 rss: 706Mb L: 295/3754 MS: 2 ShuffleBytes-EraseBytes-
#71970987	REDUCE cov: 3771 ft: 11977 corp: 5820/552Kb lim: 4096 exec/s: 51079 rss: 706Mb L: 210/3754 MS: 2 ShuffleBytes-EraseBytes-
#71971248	REDUCE cov: 3771 ft: 11977 corp: 5820/552Kb lim: 4096 exec/s: 51079 rss: 706Mb L: 539/3754 MS: 1 EraseBytes-
#71986939	REDUCE cov: 3771 ft: 11977 corp: 5820/552Kb lim: 4096 exec/s: 51090 rss: 706Mb L: 225/3754 MS: 1 EraseBytes-
#72003550	REDUCE cov: 3771 ft: 11977 corp: 5820/552Kb lim: 4096 exec/s: 51066 rss: 706Mb L: 139/3754 MS: 1 EraseBytes-
#72019572	REDUCE cov: 3771 ft: 11977 corp: 5820/552Kb lim: 4096 exec/s: 51077 rss: 706Mb L: 2495/3754 MS: 2 ChangeASCIIInt-EraseBytes-
#72033969	REDUCE cov: 3771 ft: 11977 corp: 5820/552Kb lim: 4096 exec/s: 51087 rss: 706Mb L: 179/3754 MS: 2 ShuffleBytes-EraseBytes-
#72065725	REDUCE cov: 3771 ft: 11977 corp: 5820/552Kb lim: 4096 exec/s: 51001 rss: 706Mb L: 129/3754 MS: 1 EraseBytes-
#72071284	REDUCE cov: 3771 ft: 11977 corp: 5820/552Kb lim: 4096 exec/s: 51005 rss: 706Mb L: 2134/3754 MS: 4 ShuffleBytes-ChangeBit-ChangeASCIIInt-EraseBytes-
#72072595	REDUCE cov: 3771 ft: 11977 corp: 5820/552Kb lim: 4096 exec/s: 51006 rss: 706Mb L: 424/3754 MS: 1 EraseBytes-
#72076551	REDUCE cov: 3771 ft: 11977 corp: 5820/552Kb lim: 4096 exec/s: 51009 rss: 706Mb L: 219/3754 MS: 1 EraseBytes-
#72095012	REDUCE cov: 3771 ft: 11977 corp: 5820/552Kb lim: 4096 exec/s: 50986 rss: 706Mb L: 143/3754 MS: 1 EraseBytes-
#72102608	REDUCE cov: 3771 ft: 11977 corp: 5820/552Kb lim: 4096 exec/s: 50991 rss: 706Mb L: 436/3754 MS: 1 EraseBytes-
#72115894	REDUCE cov: 3771 ft: 11977 corp: 5820/552Kb lim: 4096 exec/s: 50965 rss: 706Mb L: 209/3754 MS: 1 EraseBytes-
#72137805	REDUCE cov: 3771 ft: 11977 corp: 5820/552Kb lim: 4096 exec/s: 50980 rss: 706Mb L: 142/3754 MS: 1 EraseBytes-
#72143306	REDUCE cov: 3771 ft: 11977 corp: 5820/552Kb lim: 4096 exec/s: 50984 rss: 706Mb L: 2538/3754 MS: 1 EraseBytes-
#72180643	REDUCE cov: 3771 ft: 11977 corp: 5820/552Kb lim: 4096 exec/s: 50975 rss: 706Mb L: 93/3754 MS: 1 EraseBytes-
#72192379	REDUCE cov: 3771 ft: 11977 corp: 5820/552Kb lim: 4096 exec/s: 50983 rss: 706Mb L: 3217/3754 MS: 1 EraseBytes-
#72196570	REDUCE cov: 3771 ft: 11977 corp: 5820/552Kb lim: 4096 exec/s: 50986 rss: 706Mb L: 89/3754 MS: 1 EraseBytes-
#72199062	REDUCE cov: 3771 ft: 11977 corp: 5820/552Kb lim: 4096 exec/s: 50988 rss: 706Mb L: 2356/3754 MS: 2 ChangeBinInt-EraseBytes-
#72201818	REDUCE cov: 3771 ft: 11977 corp: 5820/552Kb lim: 4096 exec/s: 50989 rss: 706Mb L: 472/3754 MS: 1 EraseBytes-
#72202089	REDUCE cov: 3771 ft: 11977 corp: 5820/552Kb lim: 4096 exec/s: 50990 rss: 706Mb L: 1048/3754 MS: 1 EraseBytes-
#72219430	REDUCE cov: 3771 ft: 11977 corp: 5820/552Kb lim: 4096 exec/s: 50966 rss: 706Mb L: 204/3754 MS: 1 EraseBytes-
#72222736	REDUCE cov: 3771 ft: 11977 corp: 5820/552Kb lim: 4096 exec/s: 50968 rss: 706Mb L: 26/3754 MS: 1 EraseBytes-
#72227932	REDUCE cov: 3771 ft: 11977 corp: 5820/552Kb lim: 4096 exec/s: 50972 rss: 706Mb L: 200/3754 MS: 1 EraseBytes-
#72247553	REDUCE cov: 3771 ft: 11977 corp: 5820/552Kb lim: 4096 exec/s: 50950 rss: 706Mb L: 2382/3754 MS: 1 EraseBytes-
#72269175	REDUCE cov: 3771 ft: 11977 corp: 5820/552Kb lim: 4096 exec/s: 50929 rss: 706Mb L: 111/3754 MS: 1 EraseBytes-
#72312315	REDUCE cov: 3771 ft: 11977 corp: 5820/552Kb lim: 4096 exec/s: 50924 rss: 706Mb L: 1102/3754 MS: 4 ChangeASCIIInt-ChangeByte-ShuffleBytes-EraseBytes-
#72318801	REDUCE cov: 3771 ft: 11977 corp: 5820/552Kb lim: 4096 exec/s: 50928 rss: 706Mb L: 921/3754 MS: 1 EraseBytes-
#72324477	REDUCE cov: 3771 ft: 11977 corp: 5820/552Kb lim: 4096 exec/s: 50932 rss: 706Mb L: 2645/3754 MS: 1 EraseBytes-
#72352158	REDUCE cov: 3771 ft: 11977 corp: 5820/552Kb lim: 4096 exec/s: 50952 rss: 706Mb L: 146/3754 MS: 1 EraseBytes-
#72379124	REDUCE cov: 3771 ft: 11977 corp: 5820/552Kb lim: 4096 exec/s: 50935 rss: 706Mb L: 67/3754 MS: 1 EraseBytes-
#72406925	REDUCE cov: 3771 ft: 11977 corp: 5820/552Kb lim: 4096 exec/s: 50919 rss: 706Mb L: 1030/3754 MS: 1 EraseBytes-
#72444831	REDUCE cov: 3771 ft: 11977 corp: 5820/551Kb lim: 4096 exec/s: 50909 rss: 706Mb L: 1912/3754 MS: 1 EraseBytes-
#72452772	REDUCE cov: 3771 ft: 11977 corp: 5820/551Kb lim: 4096 exec/s: 50915 rss: 706Mb L: 512/3754 MS: 1 EraseBytes-
#72464298	REDUCE cov: 3771 ft: 11977 corp: 5820/551Kb lim: 4096 exec/s: 50923 rss: 706Mb L: 80/3754 MS: 1 EraseBytes-
#72496039	REDUCE cov: 3771 ft: 11977 corp: 5820/551Kb lim: 4096 exec/s: 50874 rss: 706Mb L: 1171/3754 MS: 1 EraseBytes-
#72498800	REDUCE cov: 3771 ft: 11977 corp: 5820/551Kb lim: 4096 exec/s: 50876 rss: 706Mb L: 41/3754 MS: 1 EraseBytes-
#72504611	REDUCE cov: 3771 ft: 11977 corp: 5820/551Kb lim: 4096 exec/s: 50880 rss: 706Mb L: 982/3754 MS: 1 EraseBytes-
#72525117	REDUCE cov: 3771 ft: 11977 corp: 5820/551Kb lim: 4096 exec/s: 50894 rss: 706Mb L: 471/3754 MS: 1 EraseBytes-
#72551698	REDUCE cov: 3771 ft: 11977 corp: 5820/551Kb lim: 4096 exec/s: 50877 rss: 706Mb L: 520/3754 MS: 1 EraseBytes-
#72555726	REDUCE cov: 3771 ft: 11977 corp: 5820/551Kb lim: 4096 exec/s: 50880 rss: 706Mb L: 2407/3754 MS: 3 ChangeASCIIInt-ShuffleBytes-EraseBytes-
#72557478	REDUCE cov: 3771 ft: 11977 corp: 5820/551Kb lim: 4096 exec/s: 50881 rss: 706Mb L: 181/3754 MS: 2 InsertByte-EraseBytes-
#72626884	REDUCE cov: 3771 ft: 11977 corp: 5820/551Kb lim: 4096 exec/s: 50859 rss: 706Mb L: 864/3754 MS: 1 EraseBytes-
#72648420	REDUCE cov: 3771 ft: 11977 corp: 5820/551Kb lim: 4096 exec/s: 50838 rss: 706Mb L: 1684/3754 MS: 1 EraseBytes-
#72650011	REDUCE cov: 3771 ft: 11977 corp: 5820/551Kb lim: 4096 exec/s: 50839 rss: 706Mb L: 274/3754 MS: 1 EraseBytes-
#72665757	REDUCE cov: 3771 ft: 11977 corp: 5820/551Kb lim: 4096 exec/s: 50850 rss: 706Mb L: 269/3754 MS: 1 EraseBytes-
#72672148	REDUCE cov: 3771 ft: 11977 corp: 5820/551Kb lim: 4096 exec/s: 50855 rss: 706Mb L: 132/3754 MS: 1 EraseBytes-
#72675535	REDUCE cov: 3771 ft: 11977 corp: 5820/551Kb lim: 4096 exec/s: 50822 rss: 706Mb L: 92/3754 MS: 1 EraseBytes-
#72682151	REDUCE cov: 3771 ft: 11977 corp: 5820/551Kb lim: 4096 exec/s: 50826 rss: 706Mb L: 132/3754 MS: 1 EraseBytes-
#72710472	REDUCE cov: 3771 ft: 11977 corp: 5820/551Kb lim: 4096 exec/s: 50810 rss: 706Mb L: 510/3754 MS: 1 EraseBytes-
#72724223	REDUCE cov: 3771 ft: 11977 corp: 5820/551Kb lim: 4096 exec/s: 50820 rss: 706Mb L: 318/3754 MS: 1 EraseBytes-
#72733205	REDUCE cov: 3771 ft: 11977 corp: 5820/551Kb lim: 4096 exec/s: 50791 rss: 706Mb L: 3393/3754 MS: 1 EraseBytes-
#72754801	REDUCE cov: 3771 ft: 11977 corp: 5820/551Kb lim: 4096 exec/s: 50806 rss: 706Mb L: 51/3754 MS: 1 EraseBytes-
#72760627	REDUCE cov: 3771 ft: 11977 corp: 5820/551Kb lim: 4096 exec/s: 50810 rss: 706Mb L: 1581/3754 MS: 1 EraseBytes-
#72765506	REDUCE cov: 3771 ft: 11977 corp: 5820/551Kb lim: 4096 exec/s: 50813 rss: 706Mb L: 261/3754 MS: 4 ChangeASCIIInt-ChangeASCIIInt-ChangeBit-EraseBytes-
#72772802	REDUCE cov: 3771 ft: 11977 corp: 5820/551Kb lim: 4096 exec/s: 50818 rss: 706Mb L: 434/3754 MS: 1 EraseBytes-
#72787368	REDUCE cov: 3771 ft: 11977 corp: 5820/551Kb lim: 4096 exec/s: 50793 rss: 706Mb L: 753/3754 MS: 1 EraseBytes-
#72836599	REDUCE cov: 3771 ft: 11977 corp: 5820/551Kb lim: 4096 exec/s: 50757 rss: 706Mb L: 615/3754 MS: 1 EraseBytes-
#72847817	REDUCE cov: 3771 ft: 11977 corp: 5820/551Kb lim: 4096 exec/s: 50765 rss: 706Mb L: 844/3754 MS: 3 ChangeBinInt-ChangeASCIIInt-EraseBytes-
#72870528	REDUCE cov: 3771 ft: 11977 corp: 5820/551Kb lim: 4096 exec/s: 50745 rss: 706Mb L: 734/3754 MS: 1 EraseBytes-
#72870999	REDUCE cov: 3771 ft: 11977 corp: 5820/551Kb lim: 4096 exec/s: 50745 rss: 706Mb L: 920/3754 MS: 1 EraseBytes-
#72871750	REDUCE cov: 3771 ft: 11977 corp: 5820/551Kb lim: 4096 exec/s: 50746 rss: 706Mb L: 224/3754 MS: 1 EraseBytes-
#72875891	REDUCE cov: 3771 ft: 11977 corp: 5820/551Kb lim: 4096 exec/s: 50713 rss: 706Mb L: 1099/3754 MS: 1 EraseBytes-
#72878347	REDUCE cov: 3771 ft: 11977 corp: 5820/551Kb lim: 4096 exec/s: 50715 rss: 706Mb L: 335/3754 MS: 1 EraseBytes-
#72888193	REDUCE cov: 3771 ft: 11977 corp: 5820/551Kb lim: 4096 exec/s: 50722 rss: 706Mb L: 185/3754 MS: 1 EraseBytes-
#72918014	REDUCE cov: 3771 ft: 11977 corp: 5820/551Kb lim: 4096 exec/s: 50707 rss: 706Mb L: 517/3754 MS: 1 EraseBytes-
#72924120	REDUCE cov: 3771 ft: 11977 corp: 5820/551Kb lim: 4096 exec/s: 50712 rss: 706Mb L: 67/3754 MS: 1 EraseBytes-
#72924627	REDUCE cov: 3771 ft: 11977 corp: 5820/551Kb lim: 4096 exec/s: 50712 rss: 706Mb L: 71/3754 MS: 2 EraseBytes-CopyPart-
#72951783	REDUCE cov: 3771 ft: 11977 corp: 5820/551Kb lim: 4096 exec/s: 50731 rss: 706Mb L: 1538/3754 MS: 1 EraseBytes-
#73020969	REDUCE cov: 3771 ft: 11977 corp: 5820/551Kb lim: 4096 exec/s: 50709 rss: 706Mb L: 334/3754 MS: 1 EraseBytes-
#73038586	REDUCE cov: 3771 ft: 11977 corp: 5820/551Kb lim: 4096 exec/s: 50721 rss: 706Mb L: 123/3754 MS: 2 ShuffleBytes-EraseBytes-
#73040622	REDUCE cov: 3771 ft: 11977 corp: 5820/551Kb lim: 4096 exec/s: 50722 rss: 706Mb L: 178/3754 MS: 1 EraseBytes-
#73046462	REDUCE cov: 3771 ft: 11977 corp: 5820/551Kb lim: 4096 exec/s: 50726 rss: 706Mb L: 120/3754 MS: 5 CopyPart-ChangeBit-EraseBytes-ShuffleBytes-EraseBytes-
#73054703	REDUCE cov: 3771 ft: 11977 corp: 5820/551Kb lim: 4096 exec/s: 50732 rss: 706Mb L: 62/3754 MS: 1 EraseBytes-
#73067719	REDUCE cov: 3771 ft: 11977 corp: 5820/551Kb lim: 4096 exec/s: 50706 rss: 706Mb L: 979/3754 MS: 1 EraseBytes-
#73077937	REDUCE cov: 3771 ft: 11977 corp: 5820/551Kb lim: 4096 exec/s: 50713 rss: 706Mb L: 182/3754 MS: 3 ChangeASCIIInt-EraseBytes-CopyPart-
#73084608	REDUCE cov: 3771 ft: 11977 corp: 5820/551Kb lim: 4096 exec/s: 50717 rss: 706Mb L: 41/3754 MS: 1 EraseBytes-
#73088774	REDUCE cov: 3771 ft: 11977 corp: 5820/551Kb lim: 4096 exec/s: 50720 rss: 706Mb L: 39/3754 MS: 1 EraseBytes-
#73122310	REDUCE cov: 3771 ft: 11977 corp: 5820/551Kb lim: 4096 exec/s: 50708 rss: 706Mb L: 958/3754 MS: 1 EraseBytes-
#73123426	REDUCE cov: 3771 ft: 11977 corp: 5820/551Kb lim: 4096 exec/s: 50674 rss: 706Mb L: 155/3754 MS: 1 EraseBytes-
#73133967	REDUCE cov: 3771 ft: 11977 corp: 5820/551Kb lim: 4096 exec/s: 50681 rss: 706Mb L: 773/3754 MS: 1 EraseBytes-
#73146578	REDUCE cov: 3771 ft: 11977 corp: 5820/551Kb lim: 4096 exec/s: 50690 rss: 706Mb L: 1343/3754 MS: 1 EraseBytes-
#73168125	REDUCE cov: 3771 ft: 11977 corp: 5820/551Kb lim: 4096 exec/s: 50670 rss: 706Mb L: 938/3754 MS: 1 EraseBytes-
#73189421	REDUCE cov: 3771 ft: 11977 corp: 5820/551Kb lim: 4096 exec/s: 50685 rss: 706Mb L: 91/3754 MS: 1 EraseBytes-
#73205762	REDUCE cov: 3771 ft: 11977 corp: 5820/551Kb lim: 4096 exec/s: 50661 rss: 706Mb L: 504/3754 MS: 1 EraseBytes-
#73207898	REDUCE cov: 3771 ft: 11977 corp: 5820/551Kb lim: 4096 exec/s: 50662 rss: 706Mb L: 2380/3754 MS: 1 EraseBytes-
#73230044	REDUCE cov: 3771 ft: 11977 corp: 5820/551Kb lim: 4096 exec/s: 50643 rss: 706Mb L: 267/3754 MS: 1 EraseBytes-
#73232045	REDUCE cov: 3771 ft: 11977 corp: 5820/551Kb lim: 4096 exec/s: 50644 rss: 706Mb L: 65/3754 MS: 1 EraseBytes-
#73250672	REDUCE cov: 3771 ft: 11977 corp: 5820/551Kb lim: 4096 exec/s: 50657 rss: 706Mb L: 613/3754 MS: 2 InsertByte-EraseBytes-
#73270318	REDUCE cov: 3771 ft: 11977 corp: 5820/551Kb lim: 4096 exec/s: 50636 rss: 706Mb L: 90/3754 MS: 1 EraseBytes-
#73308550	REDUCE cov: 3771 ft: 11977 corp: 5820/551Kb lim: 4096 exec/s: 50627 rss: 706Mb L: 71/3754 MS: 2 ShuffleBytes-EraseBytes-
#73328041	REDUCE cov: 3771 ft: 11977 corp: 5820/550Kb lim: 4096 exec/s: 50605 rss: 706Mb L: 1336/3754 MS: 1 EraseBytes-
#73349487	REDUCE cov: 3771 ft: 11977 corp: 5820/550Kb lim: 4096 exec/s: 50585 rss: 706Mb L: 29/3754 MS: 1 EraseBytes-
#73369813	REDUCE cov: 3771 ft: 11977 corp: 5820/550Kb lim: 4096 exec/s: 50599 rss: 706Mb L: 2487/3754 MS: 1 EraseBytes-
#73378344	REDUCE cov: 3771 ft: 11977 corp: 5820/550Kb lim: 4096 exec/s: 50605 rss: 706Mb L: 2378/3754 MS: 1 EraseBytes-
#73388930	REDUCE cov: 3771 ft: 11977 corp: 5820/550Kb lim: 4096 exec/s: 50613 rss: 706Mb L: 900/3754 MS: 1 EraseBytes-
#73403031	REDUCE cov: 3771 ft: 11977 corp: 5820/550Kb lim: 4096 exec/s: 50587 rss: 706Mb L: 89/3754 MS: 1 EraseBytes-
#73411988	REDUCE cov: 3771 ft: 11977 corp: 5820/550Kb lim: 4096 exec/s: 50594 rss: 706Mb L: 1242/3754 MS: 2 ChangeASCIIInt-EraseBytes-
#73416416	REDUCE cov: 3771 ft: 11977 corp: 5820/550Kb lim: 4096 exec/s: 50597 rss: 706Mb L: 1533/3754 MS: 3 ChangeASCIIInt-ShuffleBytes-EraseBytes-
#73423137	REDUCE cov: 3771 ft: 11977 corp: 5820/550Kb lim: 4096 exec/s: 50601 rss: 706Mb L: 2477/3754 MS: 1 EraseBytes-
#73427213	REDUCE cov: 3771 ft: 11977 corp: 5820/550Kb lim: 4096 exec/s: 50604 rss: 706Mb L: 3392/3754 MS: 1 EraseBytes-
#73432130	REDUCE cov: 3771 ft: 11977 corp: 5820/550Kb lim: 4096 exec/s: 50607 rss: 706Mb L: 1071/3754 MS: 2 ChangeASCIIInt-EraseBytes-
#73435911	REDUCE cov: 3771 ft: 11977 corp: 5820/550Kb lim: 4096 exec/s: 50575 rss: 706Mb L: 109/3754 MS: 1 EraseBytes-
#73470917	REDUCE cov: 3771 ft: 11977 corp: 5820/550Kb lim: 4096 exec/s: 50599 rss: 706Mb L: 2105/3754 MS: 1 EraseBytes-
#73586388	REDUCE cov: 3771 ft: 11977 corp: 5820/550Kb lim: 4096 exec/s: 50574 rss: 706Mb L: 1224/3754 MS: 1 EraseBytes-
#73638164	REDUCE cov: 3771 ft: 11977 corp: 5820/550Kb lim: 4096 exec/s: 50575 rss: 706Mb L: 470/3754 MS: 1 EraseBytes-
#73649805	REDUCE cov: 3771 ft: 11977 corp: 5820/550Kb lim: 4096 exec/s: 50583 rss: 706Mb L: 258/3754 MS: 1 EraseBytes-
#73675066	REDUCE cov: 3771 ft: 11977 corp: 5820/550Kb lim: 4096 exec/s: 50566 rss: 706Mb L: 2444/3754 MS: 1 EraseBytes-
#73689737	REDUCE cov: 3771 ft: 11977 corp: 5820/550Kb lim: 4096 exec/s: 50576 rss: 706Mb L: 176/3754 MS: 1 EraseBytes-
#73722118	REDUCE cov: 3771 ft: 11977 corp: 5820/550Kb lim: 4096 exec/s: 50563 rss: 706Mb L: 185/3754 MS: 1 EraseBytes-
#73725309	REDUCE cov: 3771 ft: 11977 corp: 5820/550Kb lim: 4096 exec/s: 50566 rss: 706Mb L: 515/3754 MS: 1 EraseBytes-
#73728510	REDUCE cov: 3771 ft: 11977 corp: 5820/550Kb lim: 4096 exec/s: 50568 rss: 706Mb L: 136/3754 MS: 1 EraseBytes-
#73745556	REDUCE cov: 3771 ft: 11977 corp: 5820/550Kb lim: 4096 exec/s: 50545 rss: 706Mb L: 141/3754 MS: 1 EraseBytes-
#73757482	REDUCE cov: 3771 ft: 11977 corp: 5820/550Kb lim: 4096 exec/s: 50553 rss: 706Mb L: 513/3754 MS: 1 EraseBytes-
#73815134	REDUCE cov: 3771 ft: 11977 corp: 5820/550Kb lim: 4096 exec/s: 50523 rss: 706Mb L: 2485/3754 MS: 1 EraseBytes-
#73825290	REDUCE cov: 3771 ft: 11977 corp: 5820/550Kb lim: 4096 exec/s: 50530 rss: 706Mb L: 117/3754 MS: 1 EraseBytes-
#73862601	REDUCE cov: 3771 ft: 11977 corp: 5820/550Kb lim: 4096 exec/s: 50521 rss: 706Mb L: 50/3754 MS: 1 EraseBytes-
#73870418	REDUCE cov: 3771 ft: 11977 corp: 5820/550Kb lim: 4096 exec/s: 50526 rss: 706Mb L: 2312/3754 MS: 2 ChangeByte-EraseBytes-
#73885124	REDUCE cov: 3771 ft: 11977 corp: 5820/550Kb lim: 4096 exec/s: 50537 rss: 706Mb L: 222/3754 MS: 1 EraseBytes-
#73890960	REDUCE cov: 3771 ft: 11977 corp: 5820/550Kb lim: 4096 exec/s: 50541 rss: 706Mb L: 2537/3754 MS: 1 EraseBytes-
#73933036	REDUCE cov: 3771 ft: 11977 corp: 5820/550Kb lim: 4096 exec/s: 50535 rss: 706Mb L: 733/3754 MS: 1 EraseBytes-
#73950708	REDUCE cov: 3771 ft: 11977 corp: 5820/550Kb lim: 4096 exec/s: 50512 rss: 706Mb L: 82/3754 MS: 2 PersAutoDict-EraseBytes- DE: "plugin"-
#73957569	REDUCE cov: 3771 ft: 11977 corp: 5820/550Kb lim: 4096 exec/s: 50517 rss: 706Mb L: 106/3754 MS: 1 EraseBytes-
#73975545	REDUCE cov: 3771 ft: 11977 corp: 5820/550Kb lim: 4096 exec/s: 50495 rss: 706Mb L: 610/3754 MS: 1 EraseBytes-
#73990196	REDUCE cov: 3771 ft: 11977 corp: 5820/550Kb lim: 4096 exec/s: 50505 rss: 706Mb L: 2086/3754 MS: 1 EraseBytes-
#74002943	REDUCE cov: 3771 ft: 11977 corp: 5820/550Kb lim: 4096 exec/s: 50513 rss: 706Mb L: 2376/3754 MS: 2 ChangeASCIIInt-EraseBytes-
#74008634	REDUCE cov: 3771 ft: 11977 corp: 5820/550Kb lim: 4096 exec/s: 50517 rss: 706Mb L: 72/3754 MS: 1 EraseBytes-
#74019760	REDUCE cov: 3771 ft: 11977 corp: 5820/550Kb lim: 4096 exec/s: 50490 rss: 706Mb L: 355/3754 MS: 1 EraseBytes-
#74057826	REDUCE cov: 3771 ft: 11977 corp: 5820/550Kb lim: 4096 exec/s: 50482 rss: 706Mb L: 1167/3754 MS: 1 EraseBytes-
#74067432	REDUCE cov: 3771 ft: 11977 corp: 5820/550Kb lim: 4096 exec/s: 50454 rss: 706Mb L: 87/3754 MS: 1 EraseBytes-
#74070523	REDUCE cov: 3771 ft: 11977 corp: 5820/550Kb lim: 4096 exec/s: 50456 rss: 706Mb L: 256/3754 MS: 1 EraseBytes-
#74071405	REDUCE cov: 3771 ft: 11977 corp: 5820/550Kb lim: 4096 exec/s: 50457 rss: 706Mb L: 115/3754 MS: 2 ChangeBinInt-EraseBytes-
#74073201	REDUCE cov: 3771 ft: 11977 corp: 5820/550Kb lim: 4096 exec/s: 50458 rss: 706Mb L: 608/3754 MS: 1 EraseBytes-
#74080147	REDUCE cov: 3771 ft: 11977 corp: 5820/550Kb lim: 4096 exec/s: 50463 rss: 706Mb L: 913/3754 MS: 1 EraseBytes-
#74104213	REDUCE cov: 3771 ft: 11977 corp: 5820/550Kb lim: 4096 exec/s: 50445 rss: 706Mb L: 185/3754 MS: 1 EraseBytes-
#74108695	REDUCE cov: 3771 ft: 11977 corp: 5820/550Kb lim: 4096 exec/s: 50448 rss: 706Mb L: 503/3754 MS: 2 ShuffleBytes-EraseBytes-
#74109361	REDUCE cov: 3771 ft: 11977 corp: 5820/550Kb lim: 4096 exec/s: 50448 rss: 706Mb L: 150/3754 MS: 1 EraseBytes-
#74158482	REDUCE cov: 3771 ft: 11977 corp: 5820/550Kb lim: 4096 exec/s: 50413 rss: 706Mb L: 895/3754 MS: 1 EraseBytes-
#74164195	REDUCE cov: 3771 ft: 11977 corp: 5820/550Kb lim: 4096 exec/s: 50417 rss: 706Mb L: 721/3754 MS: 3 InsertByte-InsertByte-EraseBytes-
#74166206	REDUCE cov: 3771 ft: 11977 corp: 5820/550Kb lim: 4096 exec/s: 50418 rss: 706Mb L: 511/3754 MS: 1 EraseBytes-
#74173144	REDUCE cov: 3771 ft: 11977 corp: 5820/550Kb lim: 4096 exec/s: 50423 rss: 706Mb L: 947/3754 MS: 3 ChangeBinInt-ChangeBinInt-EraseBytes-
#74185785	REDUCE cov: 3771 ft: 11977 corp: 5820/550Kb lim: 4096 exec/s: 50397 rss: 706Mb L: 896/3754 MS: 1 EraseBytes-
#74212246	REDUCE cov: 3771 ft: 11977 corp: 5820/550Kb lim: 4096 exec/s: 50381 rss: 706Mb L: 91/3754 MS: 1 EraseBytes-
#74260347	REDUCE cov: 3771 ft: 11977 corp: 5820/550Kb lim: 4096 exec/s: 50380 rss: 706Mb L: 218/3754 MS: 1 EraseBytes-
#74266658	REDUCE cov: 3771 ft: 11977 corp: 5820/550Kb lim: 4096 exec/s: 50350 rss: 706Mb L: 90/3754 MS: 1 EraseBytes-
#74292719	REDUCE cov: 3771 ft: 11977 corp: 5820/550Kb lim: 4096 exec/s: 50333 rss: 706Mb L: 2375/3754 MS: 1 EraseBytes-
#74307255	REDUCE cov: 3771 ft: 11977 corp: 5820/550Kb lim: 4096 exec/s: 50309 rss: 706Mb L: 1053/3754 MS: 1 EraseBytes-
#74307781	REDUCE cov: 3771 ft: 11977 corp: 5820/550Kb lim: 4096 exec/s: 50309 rss: 706Mb L: 469/3754 MS: 1 EraseBytes-
#74318942	REDUCE cov: 3771 ft: 11977 corp: 5820/550Kb lim: 4096 exec/s: 50317 rss: 706Mb L: 181/3754 MS: 1 EraseBytes-
#74340498	REDUCE cov: 3771 ft: 11977 corp: 5820/550Kb lim: 4096 exec/s: 50298 rss: 706Mb L: 255/3754 MS: 1 EraseBytes-
#74386559	REDUCE cov: 3771 ft: 11977 corp: 5820/550Kb lim: 4096 exec/s: 50295 rss: 706Mb L: 875/3754 MS: 1 EraseBytes-
#74390415	REDUCE cov: 3771 ft: 11977 corp: 5820/550Kb lim: 4096 exec/s: 50297 rss: 706Mb L: 73/3754 MS: 1 EraseBytes-
#74425936	REDUCE cov: 3771 ft: 11977 corp: 5820/550Kb lim: 4096 exec/s: 50287 rss: 706Mb L: 331/3754 MS: 1 EraseBytes-
#74458683	REDUCE cov: 3771 ft: 11977 corp: 5820/550Kb lim: 4096 exec/s: 50275 rss: 706Mb L: 67/3754 MS: 2 ShuffleBytes-EraseBytes-
#74460785	REDUCE cov: 3771 ft: 11977 corp: 5820/550Kb lim: 4096 exec/s: 50277 rss: 706Mb L: 2062/3754 MS: 2 ChangeASCIIInt-EraseBytes-
#74489257	REDUCE cov: 3771 ft: 11977 corp: 5820/550Kb lim: 4096 exec/s: 50262 rss: 706Mb L: 2061/3754 MS: 2 ShuffleBytes-EraseBytes-
#74495238	REDUCE cov: 3771 ft: 11977 corp: 5820/550Kb lim: 4096 exec/s: 50266 rss: 706Mb L: 488/3754 MS: 1 EraseBytes-
#74506834	REDUCE cov: 3771 ft: 11977 corp: 5820/550Kb lim: 4096 exec/s: 50274 rss: 706Mb L: 265/3754 MS: 1 EraseBytes-
#74515926	REDUCE cov: 3771 ft: 11977 corp: 5820/550Kb lim: 4096 exec/s: 50246 rss: 706Mb L: 467/3754 MS: 1 EraseBytes-
#74520212	REDUCE cov: 3771 ft: 11977 corp: 5820/550Kb lim: 4096 exec/s: 50249 rss: 706Mb L: 1292/3754 MS: 1 EraseBytes-
#74543083	REDUCE cov: 3771 ft: 11977 corp: 5820/550Kb lim: 4096 exec/s: 50265 rss: 706Mb L: 43/3754 MS: 1 EraseBytes-
#74565975	REDUCE cov: 3771 ft: 11977 corp: 5820/550Kb lim: 4096 exec/s: 50246 rss: 706Mb L: 329/3754 MS: 2 ShuffleBytes-EraseBytes-
#74572076	REDUCE cov: 3771 ft: 11977 corp: 5820/550Kb lim: 4096 exec/s: 50250 rss: 706Mb L: 143/3754 MS: 1 EraseBytes-
#74572562	REDUCE cov: 3771 ft: 11977 corp: 5820/550Kb lim: 4096 exec/s: 50251 rss: 706Mb L: 607/3754 MS: 1 EraseBytes-
#74610763	REDUCE cov: 3771 ft: 11977 corp: 5820/550Kb lim: 4096 exec/s: 50209 rss: 706Mb L: 706/3754 MS: 1 EraseBytes-
#74622159	REDUCE cov: 3771 ft: 11977 corp: 5820/550Kb lim: 4096 exec/s: 50216 rss: 706Mb L: 487/3754 MS: 1 EraseBytes-
#74632475	REDUCE cov: 3771 ft: 11977 corp: 5820/550Kb lim: 4096 exec/s: 50223 rss: 706Mb L: 476/3754 MS: 1 EraseBytes-
#74644066	REDUCE cov: 3771 ft: 11977 corp: 5820/550Kb lim: 4096 exec/s: 50231 rss: 706Mb L: 216/3754 MS: 1 EraseBytes-
#74662068	REDUCE cov: 3771 ft: 11977 corp: 5820/550Kb lim: 4096 exec/s: 50209 rss: 706Mb L: 325/3754 MS: 1 EraseBytes-
#74674429	REDUCE cov: 3771 ft: 11977 corp: 5820/550Kb lim: 4096 exec/s: 50184 rss: 706Mb L: 999/3754 MS: 1 EraseBytes-
#74686265	REDUCE cov: 3771 ft: 11977 corp: 5820/550Kb lim: 4096 exec/s: 50192 rss: 706Mb L: 264/3754 MS: 1 EraseBytes-
#74691631	REDUCE cov: 3771 ft: 11977 corp: 5820/550Kb lim: 4096 exec/s: 50195 rss: 706Mb L: 458/3754 MS: 1 EraseBytes-
#74718515	REDUCE cov: 3771 ft: 11977 corp: 5820/550Kb lim: 4096 exec/s: 50180 rss: 706Mb L: 34/3754 MS: 2 EraseBytes-CopyPart-
#74745646	REDUCE cov: 3771 ft: 11977 corp: 5820/550Kb lim: 4096 exec/s: 50164 rss: 706Mb L: 695/3754 MS: 1 EraseBytes-
#74752797	REDUCE cov: 3771 ft: 11977 corp: 5820/550Kb lim: 4096 exec/s: 50169 rss: 706Mb L: 172/3754 MS: 1 EraseBytes-
#74799818	REDUCE cov: 3771 ft: 11977 corp: 5820/550Kb lim: 4096 exec/s: 50167 rss: 706Mb L: 502/3754 MS: 1 CrossOver-
#74802374	REDUCE cov: 3771 ft: 11977 corp: 5820/550Kb lim: 4096 exec/s: 50169 rss: 706Mb L: 456/3754 MS: 1 EraseBytes-
#74814416	REDUCE cov: 3771 ft: 11977 corp: 5820/550Kb lim: 4096 exec/s: 50177 rss: 706Mb L: 428/3754 MS: 2 EraseBytes-CopyPart-
#74815702	REDUCE cov: 3771 ft: 11977 corp: 5820/550Kb lim: 4096 exec/s: 50178 rss: 706Mb L: 324/3754 MS: 1 EraseBytes-
#74816543	REDUCE cov: 3771 ft: 11977 corp: 5820/550Kb lim: 4096 exec/s: 50178 rss: 706Mb L: 214/3754 MS: 1 EraseBytes-
#74823344	REDUCE cov: 3771 ft: 11977 corp: 5820/550Kb lim: 4096 exec/s: 50149 rss: 706Mb L: 452/3754 MS: 1 EraseBytes-
#74854950	REDUCE cov: 3771 ft: 11977 corp: 5820/550Kb lim: 4096 exec/s: 50170 rss: 706Mb L: 224/3754 MS: 1 EraseBytes-
#74865251	REDUCE cov: 3771 ft: 11977 corp: 5820/550Kb lim: 4096 exec/s: 50144 rss: 706Mb L: 2383/3754 MS: 1 EraseBytes-
#74868117	REDUCE cov: 3771 ft: 11977 corp: 5820/550Kb lim: 4096 exec/s: 50146 rss: 706Mb L: 456/3754 MS: 1 EraseBytes-
#74905237	REDUCE cov: 3771 ft: 11977 corp: 5820/550Kb lim: 4096 exec/s: 50137 rss: 706Mb L: 126/3754 MS: 4 CopyPart-ChangeBinInt-ChangeBit-EraseBytes-
#74906638	REDUCE cov: 3771 ft: 11977 corp: 5820/550Kb lim: 4096 exec/s: 50138 rss: 706Mb L: 606/3754 MS: 1 EraseBytes-
#74924075	REDUCE cov: 3771 ft: 11977 corp: 5820/549Kb lim: 4096 exec/s: 50149 rss: 706Mb L: 573/3754 MS: 2 ShuffleBytes-EraseBytes-
#74966781	REDUCE cov: 3771 ft: 11977 corp: 5820/549Kb lim: 4096 exec/s: 50111 rss: 706Mb L: 78/3754 MS: 1 EraseBytes-
#75016017	REDUCE cov: 3771 ft: 11977 corp: 5820/549Kb lim: 4096 exec/s: 50110 rss: 706Mb L: 448/3754 MS: 1 EraseBytes-
#75026693	REDUCE cov: 3771 ft: 11977 corp: 5820/549Kb lim: 4096 exec/s: 50084 rss: 706Mb L: 598/3754 MS: 1 EraseBytes-
#75030709	REDUCE cov: 3771 ft: 11977 corp: 5820/549Kb lim: 4096 exec/s: 50087 rss: 706Mb L: 211/3754 MS: 1 EraseBytes-
#75056740	REDUCE cov: 3771 ft: 11977 corp: 5820/549Kb lim: 4096 exec/s: 50104 rss: 706Mb L: 254/3754 MS: 1 EraseBytes-
#75081931	REDUCE cov: 3771 ft: 11977 corp: 5820/549Kb lim: 4096 exec/s: 50088 rss: 706Mb L: 250/3754 MS: 1 EraseBytes-
#75118727	REDUCE cov: 3771 ft: 11977 corp: 5820/549Kb lim: 4096 exec/s: 50079 rss: 706Mb L: 62/3754 MS: 1 EraseBytes-
#75119699	REDUCE cov: 3771 ft: 11977 corp: 5820/549Kb lim: 4096 exec/s: 50079 rss: 706Mb L: 1526/3754 MS: 2 ShuffleBytes-EraseBytes-
#75128941	REDUCE cov: 3771 ft: 11977 corp: 5820/549Kb lim: 4096 exec/s: 50085 rss: 706Mb L: 249/3754 MS: 1 EraseBytes-
#75143797	REDUCE cov: 3771 ft: 11977 corp: 5820/549Kb lim: 4096 exec/s: 50062 rss: 706Mb L: 289/3754 MS: 1 EraseBytes-
#75150628	REDUCE cov: 3771 ft: 11977 corp: 5820/549Kb lim: 4096 exec/s: 50067 rss: 706Mb L: 322/3754 MS: 1 EraseBytes-
#75155644	REDUCE cov: 3771 ft: 11977 corp: 5820/549Kb lim: 4096 exec/s: 50070 rss: 706Mb L: 73/3754 MS: 1 EraseBytes-
#75166003	REDUCE cov: 3771 ft: 11977 corp: 5820/549Kb lim: 4096 exec/s: 50077 rss: 706Mb L: 209/3754 MS: 4 ChangeASCIIInt-ChangeByte-ShuffleBytes-EraseBytes-
#75186909	REDUCE cov: 3771 ft: 11977 corp: 5820/549Kb lim: 4096 exec/s: 50057 rss: 706Mb L: 114/3754 MS: 1 EraseBytes-
#75209730	REDUCE cov: 3771 ft: 11977 corp: 5820/549Kb lim: 4096 exec/s: 50073 rss: 706Mb L: 679/3754 MS: 1 EraseBytes-
#75218422	REDUCE cov: 3771 ft: 11977 corp: 5820/549Kb lim: 4096 exec/s: 50078 rss: 706Mb L: 114/3754 MS: 2 ChangeASCIIInt-EraseBytes-
#75221633	REDUCE cov: 3771 ft: 11977 corp: 5820/549Kb lim: 4096 exec/s: 50080 rss: 706Mb L: 1094/3754 MS: 1 EraseBytes-
#75231035	REDUCE cov: 3771 ft: 11977 corp: 5820/549Kb lim: 4096 exec/s: 50087 rss: 706Mb L: 2483/3754 MS: 2 ChangeASCIIInt-EraseBytes-
#75244276	REDUCE cov: 3771 ft: 11977 corp: 5820/549Kb lim: 4096 exec/s: 50062 rss: 706Mb L: 1504/3754 MS: 1 EraseBytes-
#75244757	REDUCE cov: 3771 ft: 11977 corp: 5820/549Kb lim: 4096 exec/s: 50063 rss: 706Mb L: 1562/3754 MS: 1 EraseBytes-
#75247048	REDUCE cov: 3771 ft: 11977 corp: 5820/549Kb lim: 4096 exec/s: 50064 rss: 706Mb L: 55/3754 MS: 1 EraseBytes-
#75251279	REDUCE cov: 3771 ft: 11977 corp: 5820/549Kb lim: 4096 exec/s: 50067 rss: 706Mb L: 812/3754 MS: 1 EraseBytes-
#75282586	REDUCE cov: 3771 ft: 11977 corp: 5820/549Kb lim: 4096 exec/s: 50021 rss: 706Mb L: 497/3754 MS: 2 ShuffleBytes-EraseBytes-
#75289682	REDUCE cov: 3771 ft: 11977 corp: 5820/549Kb lim: 4096 exec/s: 50026 rss: 706Mb L: 76/3754 MS: 1 EraseBytes-
#75304343	REDUCE cov: 3771 ft: 11977 corp: 5820/549Kb lim: 4096 exec/s: 50036 rss: 706Mb L: 39/3754 MS: 1 EraseBytes-
#75308277	REDUCE cov: 3771 ft: 11977 corp: 5820/549Kb lim: 4096 exec/s: 50038 rss: 706Mb L: 316/3754 MS: 4 ChangeASCIIInt-ChangeASCIIInt-ShuffleBytes-EraseBytes-
#75309583	REDUCE cov: 3771 ft: 11977 corp: 5820/549Kb lim: 4096 exec/s: 50039 rss: 706Mb L: 1341/3754 MS: 1 EraseBytes-
#75317899	REDUCE cov: 3771 ft: 11977 corp: 5820/549Kb lim: 4096 exec/s: 50011 rss: 706Mb L: 248/3754 MS: 1 EraseBytes-
#75368376	REDUCE cov: 3771 ft: 11977 corp: 5820/549Kb lim: 4096 exec/s: 50012 rss: 706Mb L: 978/3754 MS: 2 InsertByte-EraseBytes-
#75399608	REDUCE cov: 3771 ft: 11977 corp: 5820/549Kb lim: 4096 exec/s: 49999 rss: 706Mb L: 854/3754 MS: 2 ChangeASCIIInt-EraseBytes-
#75401256	REDUCE cov: 3771 ft: 11977 corp: 5820/549Kb lim: 4096 exec/s: 50000 rss: 706Mb L: 849/3754 MS: 3 ChangeBinInt-EraseBytes-CopyPart-
#75401987	REDUCE cov: 3771 ft: 11977 corp: 5820/549Kb lim: 4096 exec/s: 50001 rss: 706Mb L: 2034/3754 MS: 1 EraseBytes-
#75415378	REDUCE cov: 3771 ft: 11977 corp: 5820/549Kb lim: 4096 exec/s: 50010 rss: 706Mb L: 2440/3754 MS: 1 EraseBytes-
#75425240	REDUCE cov: 3771 ft: 11977 corp: 5820/549Kb lim: 4096 exec/s: 49983 rss: 706Mb L: 423/3754 MS: 2 InsertByte-EraseBytes-
#75460571	REDUCE cov: 3771 ft: 11977 corp: 5820/549Kb lim: 4096 exec/s: 50007 rss: 706Mb L: 690/3754 MS: 1 EraseBytes-
#75503659	REDUCE cov: 3771 ft: 11977 corp: 5820/549Kb lim: 4096 exec/s: 49969 rss: 706Mb L: 1053/3754 MS: 3 CopyPart-ChangeByte-EraseBytes-
#75516956	REDUCE cov: 3771 ft: 11977 corp: 5820/549Kb lim: 4096 exec/s: 49978 rss: 706Mb L: 2301/3754 MS: 2 ChangeASCIIInt-CrossOver-
#75520003	REDUCE cov: 3771 ft: 11977 corp: 5820/549Kb lim: 4096 exec/s: 49980 rss: 706Mb L: 69/3754 MS: 2 ShuffleBytes-EraseBytes-
#75523234	REDUCE cov: 3771 ft: 11977 corp: 5820/549Kb lim: 4096 exec/s: 49982 rss: 706Mb L: 104/3754 MS: 1 EraseBytes-
#75545590	REDUCE cov: 3771 ft: 11977 corp: 5820/549Kb lim: 4096 exec/s: 49964 rss: 706Mb L: 49/3754 MS: 1 EraseBytes-
#75547301	REDUCE cov: 3771 ft: 11977 corp: 5820/549Kb lim: 4096 exec/s: 49965 rss: 706Mb L: 140/3754 MS: 1 EraseBytes-
#75558022	REDUCE cov: 3771 ft: 11977 corp: 5820/549Kb lim: 4096 exec/s: 49972 rss: 706Mb L: 849/3754 MS: 1 EraseBytes-
#75570198	REDUCE cov: 3771 ft: 11977 corp: 5820/549Kb lim: 4096 exec/s: 49947 rss: 706Mb L: 67/3754 MS: 1 EraseBytes-
#75600149	REDUCE cov: 3771 ft: 11977 corp: 5820/549Kb lim: 4096 exec/s: 49934 rss: 706Mb L: 170/3754 MS: 1 EraseBytes-
#75606960	REDUCE cov: 3771 ft: 11977 corp: 5820/549Kb lim: 4096 exec/s: 49938 rss: 706Mb L: 261/3754 MS: 1 EraseBytes-
#75617171	REDUCE cov: 3771 ft: 11977 corp: 5820/549Kb lim: 4096 exec/s: 49912 rss: 706Mb L: 1533/3754 MS: 1 EraseBytes-
#75627627	REDUCE cov: 3771 ft: 11977 corp: 5820/549Kb lim: 4096 exec/s: 49919 rss: 706Mb L: 75/3754 MS: 1 EraseBytes-
#75638608	REDUCE cov: 3771 ft: 11977 corp: 5820/549Kb lim: 4096 exec/s: 49926 rss: 706Mb L: 678/3754 MS: 1 EraseBytes-
#75676544	REDUCE cov: 3771 ft: 11977 corp: 5820/549Kb lim: 4096 exec/s: 49885 rss: 706Mb L: 59/3754 MS: 1 EraseBytes-
#75682040	REDUCE cov: 3771 ft: 11977 corp: 5820/549Kb lim: 4096 exec/s: 49889 rss: 706Mb L: 2010/3754 MS: 1 EraseBytes-
#75682816	REDUCE cov: 3771 ft: 11977 corp: 5820/549Kb lim: 4096 exec/s: 49889 rss: 706Mb L: 222/3754 MS: 1 EraseBytes-
#75693717	REDUCE cov: 3771 ft: 11977 corp: 5820/549Kb lim: 4096 exec/s: 49896 rss: 706Mb L: 260/3754 MS: 1 EraseBytes-
#75695544	REDUCE cov: 3771 ft: 11977 corp: 5820/549Kb lim: 4096 exec/s: 49898 rss: 706Mb L: 317/3754 MS: 2 PersAutoDict-EraseBytes- DE: "\001\000\000\000\000\000\000\327"-
#75701610	REDUCE cov: 3771 ft: 11977 corp: 5820/549Kb lim: 4096 exec/s: 49902 rss: 706Mb L: 117/3754 MS: 1 EraseBytes-
#75702151	REDUCE cov: 3771 ft: 11977 corp: 5820/549Kb lim: 4096 exec/s: 49902 rss: 706Mb L: 310/3754 MS: 1 EraseBytes-
#75710862	REDUCE cov: 3771 ft: 11977 corp: 5820/549Kb lim: 4096 exec/s: 49908 rss: 706Mb L: 207/3754 MS: 1 EraseBytes-
#75780718	REDUCE cov: 3771 ft: 11977 corp: 5820/549Kb lim: 4096 exec/s: 49855 rss: 706Mb L: 206/3754 MS: 1 EraseBytes-
#75782774	REDUCE cov: 3771 ft: 11977 corp: 5820/549Kb lim: 4096 exec/s: 49857 rss: 706Mb L: 409/3754 MS: 1 EraseBytes-
#75795185	REDUCE cov: 3771 ft: 11977 corp: 5820/549Kb lim: 4096 exec/s: 49865 rss: 706Mb L: 1148/3754 MS: 1 EraseBytes-
#75797536	REDUCE cov: 3771 ft: 11977 corp: 5820/549Kb lim: 4096 exec/s: 49866 rss: 706Mb L: 826/3754 MS: 1 EraseBytes-
#75818918	REDUCE cov: 3771 ft: 11977 corp: 5820/549Kb lim: 4096 exec/s: 49848 rss: 706Mb L: 309/3754 MS: 1 EraseBytes-
#75875109	REDUCE cov: 3771 ft: 11977 corp: 5820/549Kb lim: 4096 exec/s: 49852 rss: 706Mb L: 1091/3754 MS: 1 EraseBytes-
#75877430	REDUCE cov: 3771 ft: 11977 corp: 5820/549Kb lim: 4096 exec/s: 49821 rss: 706Mb L: 107/3754 MS: 1 EraseBytes-
#75919851	REDUCE cov: 3771 ft: 11977 corp: 5820/549Kb lim: 4096 exec/s: 49816 rss: 706Mb L: 204/3754 MS: 1 EraseBytes-
#75924757	REDUCE cov: 3771 ft: 11977 corp: 5820/549Kb lim: 4096 exec/s: 49819 rss: 706Mb L: 825/3754 MS: 1 EraseBytes-
#75939761	REDUCE cov: 3771 ft: 11977 corp: 5820/549Kb lim: 4096 exec/s: 49829 rss: 706Mb L: 1057/3754 MS: 4 ShuffleBytes-CopyPart-EraseBytes-CopyPart-
#75967909	REDUCE cov: 3771 ft: 11977 corp: 5820/549Kb lim: 4096 exec/s: 49815 rss: 706Mb L: 2002/3754 MS: 3 InsertRepeatedBytes-ChangeBit-EraseBytes-
#76013885	REDUCE cov: 3771 ft: 11977 corp: 5820/549Kb lim: 4096 exec/s: 49779 rss: 706Mb L: 1560/3754 MS: 1 EraseBytes-
#76021421	REDUCE cov: 3771 ft: 11977 corp: 5820/549Kb lim: 4096 exec/s: 49784 rss: 706Mb L: 247/3754 MS: 1 EraseBytes-
#76028948	REDUCE cov: 3771 ft: 11977 corp: 5820/549Kb lim: 4096 exec/s: 49789 rss: 706Mb L: 56/3754 MS: 2 ChangeByte-EraseBytes-
#76029669	REDUCE cov: 3771 ft: 11977 corp: 5820/549Kb lim: 4096 exec/s: 49790 rss: 706Mb L: 496/3754 MS: 1 EraseBytes-
#76048785	REDUCE cov: 3771 ft: 11977 corp: 5820/549Kb lim: 4096 exec/s: 49770 rss: 706Mb L: 128/3754 MS: 1 EraseBytes-
#76069196	REDUCE cov: 3771 ft: 11977 corp: 5820/549Kb lim: 4096 exec/s: 49783 rss: 706Mb L: 246/3754 MS: 1 EraseBytes-
#76071422	REDUCE cov: 3771 ft: 11977 corp: 5820/549Kb lim: 4096 exec/s: 49784 rss: 706Mb L: 2437/3754 MS: 1 EraseBytes-
#76074559	REDUCE cov: 3771 ft: 11977 corp: 5820/549Kb lim: 4096 exec/s: 49754 rss: 706Mb L: 3040/3754 MS: 2 InsertRepeatedBytes-EraseBytes-
#76087565	REDUCE cov: 3771 ft: 11977 corp: 5820/549Kb lim: 4096 exec/s: 49762 rss: 706Mb L: 202/3754 MS: 1 EraseBytes-
#76089796	REDUCE cov: 3771 ft: 11977 corp: 5820/549Kb lim: 4096 exec/s: 49764 rss: 706Mb L: 201/3754 MS: 1 EraseBytes-
#76143379	REDUCE cov: 3771 ft: 11977 corp: 5820/549Kb lim: 4096 exec/s: 49766 rss: 706Mb L: 42/3754 MS: 1 EraseBytes-
#76154060	REDUCE cov: 3771 ft: 11977 corp: 5820/549Kb lim: 4096 exec/s: 49773 rss: 706Mb L: 243/3754 MS: 1 EraseBytes-
#76162307	REDUCE cov: 3771 ft: 11977 corp: 5820/549Kb lim: 4096 exec/s: 49746 rss: 706Mb L: 199/3754 MS: 1 EraseBytes-
#76171693	REDUCE cov: 3771 ft: 11977 corp: 5820/549Kb lim: 4096 exec/s: 49752 rss: 706Mb L: 59/3754 MS: 1 EraseBytes-
#76185644	REDUCE cov: 3771 ft: 11977 corp: 5820/549Kb lim: 4096 exec/s: 49762 rss: 706Mb L: 86/3754 MS: 1 EraseBytes-
#76289745	REDUCE cov: 3771 ft: 11977 corp: 5820/549Kb lim: 4096 exec/s: 49765 rss: 706Mb L: 2471/3754 MS: 1 EraseBytes-
#76304396	REDUCE cov: 3771 ft: 11977 corp: 5820/549Kb lim: 4096 exec/s: 49742 rss: 706Mb L: 3309/3754 MS: 1 EraseBytes-
#76313517	REDUCE cov: 3771 ft: 11977 corp: 5820/549Kb lim: 4096 exec/s: 49748 rss: 706Mb L: 126/3754 MS: 1 EraseBytes-
#76322909	REDUCE cov: 3771 ft: 11977 corp: 5820/549Kb lim: 4096 exec/s: 49754 rss: 706Mb L: 84/3754 MS: 2 ShuffleBytes-EraseBytes-
#76350270	REDUCE cov: 3771 ft: 11977 corp: 5820/549Kb lim: 4096 exec/s: 49739 rss: 706Mb L: 805/3754 MS: 1 EraseBytes-
#76366416	REDUCE cov: 3771 ft: 11977 corp: 5820/549Kb lim: 4096 exec/s: 49750 rss: 706Mb L: 101/3754 MS: 1 EraseBytes-
#76367952	REDUCE cov: 3771 ft: 11977 corp: 5820/549Kb lim: 4096 exec/s: 49751 rss: 706Mb L: 2482/3754 MS: 1 EraseBytes-
#76379943	REDUCE cov: 3771 ft: 11977 corp: 5820/549Kb lim: 4096 exec/s: 49726 rss: 706Mb L: 841/3754 MS: 1 EraseBytes-
#76427914	REDUCE cov: 3771 ft: 11977 corp: 5820/549Kb lim: 4096 exec/s: 49725 rss: 706Mb L: 1177/3754 MS: 1 EraseBytes-
#76456160	REDUCE cov: 3771 ft: 11977 corp: 5820/549Kb lim: 4096 exec/s: 49711 rss: 706Mb L: 1088/3754 MS: 1 EraseBytes-
#76468571	REDUCE cov: 3771 ft: 11977 corp: 5820/549Kb lim: 4096 exec/s: 49719 rss: 706Mb L: 167/3754 MS: 1 EraseBytes-
#76469807	REDUCE cov: 3771 ft: 11977 corp: 5820/549Kb lim: 4096 exec/s: 49720 rss: 706Mb L: 1491/3754 MS: 1 EraseBytes-
#76505878	REDUCE cov: 3771 ft: 11977 corp: 5820/549Kb lim: 4096 exec/s: 49711 rss: 706Mb L: 80/3754 MS: 1 EraseBytes-
#76521519	REDUCE cov: 3771 ft: 11977 corp: 5820/549Kb lim: 4096 exec/s: 49721 rss: 706Mb L: 3373/3754 MS: 1 EraseBytes-
#76526050	REDUCE cov: 3771 ft: 11977 corp: 5820/549Kb lim: 4096 exec/s: 49724 rss: 706Mb L: 147/3754 MS: 1 EraseBytes-
#76527446	REDUCE cov: 3771 ft: 11977 corp: 5820/549Kb lim: 4096 exec/s: 49725 rss: 706Mb L: 64/3754 MS: 1 EraseBytes-
#76547947	REDUCE cov: 3771 ft: 11977 corp: 5820/549Kb lim: 4096 exec/s: 49706 rss: 706Mb L: 678/3754 MS: 1 EraseBytes-
#76552258	REDUCE cov: 3771 ft: 11977 corp: 5820/549Kb lim: 4096 exec/s: 49709 rss: 706Mb L: 113/3754 MS: 1 EraseBytes-
#76561065	REDUCE cov: 3771 ft: 11977 corp: 5820/549Kb lim: 4096 exec/s: 49714 rss: 706Mb L: 597/3754 MS: 2 ShuffleBytes-EraseBytes-
#76569636	REDUCE cov: 3771 ft: 11977 corp: 5820/549Kb lim: 4096 exec/s: 49688 rss: 706Mb L: 494/3754 MS: 1 EraseBytes-
#76582793	REDUCE cov: 3771 ft: 11977 corp: 5820/549Kb lim: 4096 exec/s: 49696 rss: 706Mb L: 176/3754 MS: 2 ShuffleBytes-EraseBytes-
#76598555	REDUCE cov: 3771 ft: 11977 corp: 5820/549Kb lim: 4096 exec/s: 49707 rss: 706Mb L: 668/3754 MS: 2 ChangeASCIIInt-EraseBytes-
#76602091	REDUCE cov: 3771 ft: 11977 corp: 5820/549Kb lim: 4096 exec/s: 49709 rss: 706Mb L: 665/3754 MS: 1 EraseBytes-
#76609902	REDUCE cov: 3771 ft: 11977 corp: 5820/549Kb lim: 4096 exec/s: 49682 rss: 706Mb L: 127/3754 MS: 1 EraseBytes-
#76609998	REDUCE cov: 3771 ft: 11977 corp: 5820/549Kb lim: 4096 exec/s: 49682 rss: 706Mb L: 90/3754 MS: 1 EraseBytes-
#76616294	REDUCE cov: 3771 ft: 11977 corp: 5820/549Kb lim: 4096 exec/s: 49686 rss: 706Mb L: 169/3754 MS: 1 EraseBytes-
#76629336	REDUCE cov: 3771 ft: 11977 corp: 5820/549Kb lim: 4096 exec/s: 49694 rss: 706Mb L: 183/3754 MS: 2 ShuffleBytes-EraseBytes-
#76655674	REDUCE cov: 3771 ft: 11977 corp: 5820/549Kb lim: 4096 exec/s: 49679 rss: 706Mb L: 466/3754 MS: 3 ChangeByte-ChangeASCIIInt-EraseBytes-
#76666025	REDUCE cov: 3771 ft: 11977 corp: 5820/549Kb lim: 4096 exec/s: 49686 rss: 706Mb L: 1664/3754 MS: 1 EraseBytes-
#76675656	REDUCE cov: 3771 ft: 11977 corp: 5820/549Kb lim: 4096 exec/s: 49692 rss: 706Mb L: 2534/3754 MS: 1 EraseBytes-
#76691377	REDUCE cov: 3771 ft: 11977 corp: 5820/549Kb lim: 4096 exec/s: 49702 rss: 706Mb L: 67/3754 MS: 1 EraseBytes-
#76712443	REDUCE cov: 3771 ft: 11977 corp: 5820/549Kb lim: 4096 exec/s: 49684 rss: 706Mb L: 241/3754 MS: 1 EraseBytes-
#76716649	REDUCE cov: 3771 ft: 11977 corp: 5820/549Kb lim: 4096 exec/s: 49686 rss: 706Mb L: 67/3754 MS: 1 EraseBytes-
#76789241	REDUCE cov: 3771 ft: 11977 corp: 5820/549Kb lim: 4096 exec/s: 49669 rss: 706Mb L: 134/3754 MS: 2 InsertByte-EraseBytes-
#76795818	REDUCE cov: 3771 ft: 11977 corp: 5820/549Kb lim: 4096 exec/s: 49673 rss: 706Mb L: 1275/3754 MS: 2 ChangeASCIIInt-EraseBytes-
#76804539	REDUCE cov: 3771 ft: 11977 corp: 5820/549Kb lim: 4096 exec/s: 49647 rss: 706Mb L: 1465/3754 MS: 1 EraseBytes-
#76817635	REDUCE cov: 3771 ft: 11977 corp: 5820/549Kb lim: 4096 exec/s: 49655 rss: 706Mb L: 2373/3754 MS: 1 EraseBytes-
#76863414	REDUCE cov: 3771 ft: 11977 corp: 5820/548Kb lim: 4096 exec/s: 49653 rss: 706Mb L: 2513/3754 MS: 4 InsertByte-ChangeASCIIInt-CopyPart-EraseBytes-
#76884950	REDUCE cov: 3771 ft: 11977 corp: 5820/548Kb lim: 4096 exec/s: 49635 rss: 706Mb L: 237/3754 MS: 1 EraseBytes-
#76888131	REDUCE cov: 3771 ft: 11977 corp: 5820/548Kb lim: 4096 exec/s: 49637 rss: 706Mb L: 57/3754 MS: 1 EraseBytes-
#76928382	REDUCE cov: 3771 ft: 11977 corp: 5820/548Kb lim: 4096 exec/s: 49631 rss: 706Mb L: 198/3754 MS: 1 EraseBytes-
#76971073	REDUCE cov: 3771 ft: 11977 corp: 5820/548Kb lim: 4096 exec/s: 49626 rss: 706Mb L: 44/3754 MS: 1 EraseBytes-
#76972814	REDUCE cov: 3771 ft: 11977 corp: 5820/548Kb lim: 4096 exec/s: 49627 rss: 706Mb L: 21/3754 MS: 1 EraseBytes-
#77010310	REDUCE cov: 3771 ft: 11977 corp: 5820/548Kb lim: 4096 exec/s: 49620 rss: 706Mb L: 404/3754 MS: 1 EraseBytes-
#77019491	REDUCE cov: 3771 ft: 11977 corp: 5820/548Kb lim: 4096 exec/s: 49625 rss: 706Mb L: 332/3754 MS: 1 EraseBytes-
#77025362	REDUCE cov: 3771 ft: 11977 corp: 5820/548Kb lim: 4096 exec/s: 49629 rss: 706Mb L: 307/3754 MS: 1 EraseBytes-
#77029448	REDUCE cov: 3771 ft: 11977 corp: 5820/548Kb lim: 4096 exec/s: 49632 rss: 706Mb L: 493/3754 MS: 1 EraseBytes-
#77053159	REDUCE cov: 3771 ft: 11977 corp: 5820/548Kb lim: 4096 exec/s: 49615 rss: 706Mb L: 1147/3754 MS: 1 EraseBytes-
#77068685	REDUCE cov: 3771 ft: 11977 corp: 5820/548Kb lim: 4096 exec/s: 49625 rss: 706Mb L: 109/3754 MS: 1 EraseBytes-
#77078352	REDUCE cov: 3771 ft: 11977 corp: 5820/548Kb lim: 4096 exec/s: 49631 rss: 706Mb L: 197/3754 MS: 2 ChangeBit-EraseBytes-
#77093275	REDUCE cov: 3771 ft: 11977 corp: 5820/548Kb lim: 4096 exec/s: 49609 rss: 706Mb L: 941/3754 MS: 3 EraseBytes-ChangeBinInt-CopyPart-
#77111519	REDUCE cov: 3771 ft: 11977 corp: 5820/548Kb lim: 4096 exec/s: 49621 rss: 706Mb L: 164/3754 MS: 4 ChangeBinInt-InsertRepeatedBytes-PersAutoDict-EraseBytes- DE: "4\000\000\000"-
#77127905	REDUCE cov: 3771 ft: 11977 corp: 5820/548Kb lim: 4096 exec/s: 49599 rss: 706Mb L: 1434/3754 MS: 1 EraseBytes-
#77162941	REDUCE cov: 3771 ft: 11977 corp: 5820/548Kb lim: 4096 exec/s: 49590 rss: 706Mb L: 195/3754 MS: 1 EraseBytes-
#77168913	REDUCE cov: 3771 ft: 11977 corp: 5820/548Kb lim: 4096 exec/s: 49594 rss: 706Mb L: 441/3754 MS: 2 InsertByte-EraseBytes-
#77217249	REDUCE cov: 3771 ft: 11977 corp: 5820/548Kb lim: 4096 exec/s: 49593 rss: 706Mb L: 146/3754 MS: 1 EraseBytes-
#77224175	REDUCE cov: 3771 ft: 11977 corp: 5820/548Kb lim: 4096 exec/s: 49566 rss: 706Mb L: 647/3754 MS: 1 EraseBytes-
#77251856	REDUCE cov: 3771 ft: 11977 corp: 5820/548Kb lim: 4096 exec/s: 49583 rss: 706Mb L: 83/3754 MS: 1 EraseBytes-
#77252517	REDUCE cov: 3771 ft: 11977 corp: 5820/548Kb lim: 4096 exec/s: 49584 rss: 706Mb L: 884/3754 MS: 1 EraseBytes-
#77256423	REDUCE cov: 3771 ft: 11977 corp: 5820/548Kb lim: 4096 exec/s: 49586 rss: 706Mb L: 2299/3754 MS: 1 EraseBytes-
#77283679	REDUCE cov: 3771 ft: 11977 corp: 5820/548Kb lim: 4096 exec/s: 49572 rss: 706Mb L: 159/3754 MS: 1 EraseBytes-
#77288295	REDUCE cov: 3771 ft: 11977 corp: 5820/548Kb lim: 4096 exec/s: 49575 rss: 706Mb L: 799/3754 MS: 1 EraseBytes-
#77300896	REDUCE cov: 3771 ft: 11977 corp: 5820/548Kb lim: 4096 exec/s: 49551 rss: 706Mb L: 2001/3754 MS: 1 EraseBytes-
#77315982	REDUCE cov: 3771 ft: 11977 corp: 5820/548Kb lim: 4096 exec/s: 49561 rss: 706Mb L: 323/3754 MS: 1 EraseBytes-
#77330553	REDUCE cov: 3771 ft: 11977 corp: 5820/548Kb lim: 4096 exec/s: 49570 rss: 706Mb L: 671/3754 MS: 1 EraseBytes-
#77331651	REDUCE cov: 3771 ft: 11977 corp: 5820/548Kb lim: 4096 exec/s: 49571 rss: 706Mb L: 65/3754 MS: 3 CopyPart-InsertByte-EraseBytes-
#77342872	REDUCE cov: 3771 ft: 11977 corp: 5820/548Kb lim: 4096 exec/s: 49547 rss: 706Mb L: 646/3754 MS: 1 EraseBytes-
#77344354	REDUCE cov: 3771 ft: 11977 corp: 5820/548Kb lim: 4096 exec/s: 49547 rss: 706Mb L: 292/3754 MS: 2 CopyPart-EraseBytes-
#77349641	REDUCE cov: 3771 ft: 11977 corp: 5820/548Kb lim: 4096 exec/s: 49551 rss: 706Mb L: 1997/3754 MS: 2 ChangeASCIIInt-EraseBytes-
#77351417	REDUCE cov: 3771 ft: 11977 corp: 5820/548Kb lim: 4096 exec/s: 49552 rss: 706Mb L: 1272/3754 MS: 1 EraseBytes-
#77361178	REDUCE cov: 3771 ft: 11977 corp: 5820/548Kb lim: 4096 exec/s: 49558 rss: 706Mb L: 461/3754 MS: 1 EraseBytes-
#77372839	REDUCE cov: 3771 ft: 11977 corp: 5820/548Kb lim: 4096 exec/s: 49566 rss: 706Mb L: 61/3754 MS: 1 EraseBytes-
#77386903	REDUCE cov: 3771 ft: 11977 corp: 5820/548Kb lim: 4096 exec/s: 49543 rss: 706Mb L: 703/3754 MS: 4 CopyPart-ChangeASCIIInt-InsertByte-EraseBytes-
#77394440	REDUCE cov: 3771 ft: 11977 corp: 5820/548Kb lim: 4096 exec/s: 49548 rss: 706Mb L: 263/3754 MS: 2 ChangeASCIIInt-EraseBytes-
#77416531	REDUCE cov: 3771 ft: 11977 corp: 5820/548Kb lim: 4096 exec/s: 49562 rss: 706Mb L: 1540/3754 MS: 1 EraseBytes-
#77422072	REDUCE cov: 3771 ft: 11977 corp: 5820/548Kb lim: 4096 exec/s: 49565 rss: 706Mb L: 2461/3754 MS: 1 EraseBytes-
#77432399	REDUCE cov: 3771 ft: 11977 corp: 5820/548Kb lim: 4096 exec/s: 49572 rss: 706Mb L: 91/3754 MS: 2 ChangeByte-EraseBytes-
#77467531	REDUCE cov: 3771 ft: 11977 corp: 5820/548Kb lim: 4096 exec/s: 49563 rss: 706Mb L: 74/3754 MS: 2 ShuffleBytes-EraseBytes-
#77469907	REDUCE cov: 3771 ft: 11977 corp: 5820/548Kb lim: 4096 exec/s: 49564 rss: 706Mb L: 133/3754 MS: 1 EraseBytes-
#77474923	REDUCE cov: 3771 ft: 11977 corp: 5820/548Kb lim: 4096 exec/s: 49568 rss: 706Mb L: 397/3754 MS: 1 EraseBytes-
#77480254	REDUCE cov: 3771 ft: 11977 corp: 5820/548Kb lim: 4096 exec/s: 49539 rss: 706Mb L: 469/3754 MS: 1 EraseBytes-
#77507850	REDUCE cov: 3771 ft: 11977 corp: 5820/548Kb lim: 4096 exec/s: 49557 rss: 706Mb L: 112/3754 MS: 1 EraseBytes-
#77517766	REDUCE cov: 3771 ft: 11977 corp: 5820/548Kb lim: 4096 exec/s: 49532 rss: 706Mb L: 2451/3754 MS: 1 EraseBytes-
#77521157	REDUCE cov: 3771 ft: 11977 corp: 5820/548Kb lim: 4096 exec/s: 49534 rss: 706Mb L: 98/3754 MS: 1 EraseBytes-
#77522923	REDUCE cov: 3771 ft: 11977 corp: 5820/548Kb lim: 4096 exec/s: 49535 rss: 706Mb L: 1099/3754 MS: 1 EraseBytes-
#77525099	REDUCE cov: 3771 ft: 11977 corp: 5820/548Kb lim: 4096 exec/s: 49536 rss: 706Mb L: 3356/3754 MS: 1 EraseBytes-
#77541790	REDUCE cov: 3771 ft: 11977 corp: 5820/548Kb lim: 4096 exec/s: 49547 rss: 706Mb L: 54/3754 MS: 1 EraseBytes-
#77562091	REDUCE cov: 3771 ft: 11977 corp: 5820/548Kb lim: 4096 exec/s: 49528 rss: 706Mb L: 261/3754 MS: 1 EraseBytes-
#77568793	REDUCE cov: 3771 ft: 11977 corp: 5820/548Kb lim: 4096 exec/s: 49533 rss: 706Mb L: 2433/3754 MS: 2 ShuffleBytes-EraseBytes-
#77573274	REDUCE cov: 3771 ft: 11977 corp: 5820/548Kb lim: 4096 exec/s: 49535 rss: 706Mb L: 72/3754 MS: 1 EraseBytes-
#77594875	REDUCE cov: 3771 ft: 11977 corp: 5820/548Kb lim: 4096 exec/s: 49549 rss: 706Mb L: 157/3754 MS: 1 EraseBytes-
#77609111	REDUCE cov: 3771 ft: 11977 corp: 5820/548Kb lim: 4096 exec/s: 49558 rss: 706Mb L: 2293/3754 MS: 1 EraseBytes-
#77615692	REDUCE cov: 3771 ft: 11977 corp: 5820/548Kb lim: 4096 exec/s: 49563 rss: 706Mb L: 1262/3754 MS: 1 EraseBytes-
#77628898	REDUCE cov: 3771 ft: 11977 corp: 5820/548Kb lim: 4096 exec/s: 49539 rss: 706Mb L: 194/3754 MS: 1 EraseBytes-
#77630779	REDUCE cov: 3771 ft: 11977 corp: 5820/548Kb lim: 4096 exec/s: 49541 rss: 706Mb L: 393/3754 MS: 1 EraseBytes-
#77634602	REDUCE cov: 3771 ft: 11977 corp: 5820/548Kb lim: 4096 exec/s: 49543 rss: 706Mb L: 375/3754 MS: 3 ChangeASCIIInt-ChangeASCIIInt-EraseBytes-
#77651848	REDUCE cov: 3771 ft: 11977 corp: 5820/548Kb lim: 4096 exec/s: 49554 rss: 706Mb L: 66/3754 MS: 1 EraseBytes-
#77657859	REDUCE cov: 3771 ft: 11977 corp: 5820/548Kb lim: 4096 exec/s: 49558 rss: 706Mb L: 593/3754 MS: 1 EraseBytes-
#77658010	REDUCE cov: 3771 ft: 11977 corp: 5820/548Kb lim: 4096 exec/s: 49558 rss: 706Mb L: 265/3754 MS: 1 EraseBytes-
#77719249	REDUCE cov: 3771 ft: 11977 corp: 5820/548Kb lim: 4096 exec/s: 49534 rss: 706Mb L: 141/3754 MS: 4 CopyPart-ChangeBit-ChangeASCIIInt-EraseBytes-
#77741035	REDUCE cov: 3771 ft: 11977 corp: 5820/548Kb lim: 4096 exec/s: 49548 rss: 706Mb L: 561/3754 MS: 1 EraseBytes-
#77744741	REDUCE cov: 3771 ft: 11977 corp: 5820/548Kb lim: 4096 exec/s: 49550 rss: 706Mb L: 2438/3754 MS: 1 EraseBytes-
#77746988	REDUCE cov: 3771 ft: 11977 corp: 5820/548Kb lim: 4096 exec/s: 49551 rss: 706Mb L: 221/3754 MS: 1 EraseBytes-
#77780924	REDUCE cov: 3771 ft: 11977 corp: 5820/548Kb lim: 4096 exec/s: 49541 rss: 706Mb L: 2272/3754 MS: 1 EraseBytes-
#77784675	REDUCE cov: 3771 ft: 11977 corp: 5820/548Kb lim: 4096 exec/s: 49544 rss: 706Mb L: 99/3754 MS: 1 EraseBytes-
#77798486	REDUCE cov: 3771 ft: 11977 corp: 5820/548Kb lim: 4096 exec/s: 49553 rss: 706Mb L: 1996/3754 MS: 1 EraseBytes-
#77850307	REDUCE cov: 3771 ft: 11977 corp: 5820/548Kb lim: 4096 exec/s: 49554 rss: 706Mb L: 2435/3754 MS: 1 EraseBytes-
#77882799	REDUCE cov: 3771 ft: 11977 corp: 5820/548Kb lim: 4096 exec/s: 49512 rss: 706Mb L: 862/3754 MS: 2 ChangeByte-EraseBytes-
#77884420	REDUCE cov: 3771 ft: 11977 corp: 5820/548Kb lim: 4096 exec/s: 49513 rss: 706Mb L: 419/3754 MS: 1 EraseBytes-
#77922401	REDUCE cov: 3771 ft: 11977 corp: 5820/548Kb lim: 4096 exec/s: 49505 rss: 706Mb L: 88/3754 MS: 1 EraseBytes-
#77929468	REDUCE cov: 3771 ft: 11977 corp: 5820/548Kb lim: 4096 exec/s: 49510 rss: 706Mb L: 374/3754 MS: 2 ShuffleBytes-EraseBytes-
#77938334	REDUCE cov: 3771 ft: 11977 corp: 5820/548Kb lim: 4096 exec/s: 49516 rss: 706Mb L: 490/3754 MS: 1 EraseBytes-
#77945875	REDUCE cov: 3771 ft: 11977 corp: 5820/548Kb lim: 4096 exec/s: 49520 rss: 706Mb L: 2427/3754 MS: 1 EraseBytes-
#77992031	REDUCE cov: 3771 ft: 11977 corp: 5820/548Kb lim: 4096 exec/s: 49487 rss: 706Mb L: 256/3754 MS: 1 EraseBytes-
#78017437	REDUCE cov: 3771 ft: 11977 corp: 5820/548Kb lim: 4096 exec/s: 49472 rss: 706Mb L: 58/3754 MS: 1 EraseBytes-
#78053683	REDUCE cov: 3771 ft: 11977 corp: 5820/548Kb lim: 4096 exec/s: 49463 rss: 706Mb L: 3352/3754 MS: 1 EraseBytes-
#78059769	REDUCE cov: 3771 ft: 11977 corp: 5820/548Kb lim: 4096 exec/s: 49436 rss: 706Mb L: 111/3754 MS: 1 EraseBytes-
#78064920	REDUCE cov: 3771 ft: 11977 corp: 5820/548Kb lim: 4096 exec/s: 49439 rss: 706Mb L: 168/3754 MS: 1 EraseBytes-
#78066286	REDUCE cov: 3771 ft: 11977 corp: 5820/548Kb lim: 4096 exec/s: 49440 rss: 706Mb L: 1958/3754 MS: 1 EraseBytes-
#78076032	REDUCE cov: 3771 ft: 11977 corp: 5820/548Kb lim: 4096 exec/s: 49446 rss: 706Mb L: 2532/3754 MS: 1 EraseBytes-
#78078944	REDUCE cov: 3771 ft: 11977 corp: 5820/548Kb lim: 4096 exec/s: 49448 rss: 706Mb L: 2498/3754 MS: 2 PersAutoDict-EraseBytes- DE: "\377\377\377\377"-
#78081965	REDUCE cov: 3771 ft: 11977 corp: 5820/548Kb lim: 4096 exec/s: 49450 rss: 706Mb L: 100/3754 MS: 1 EraseBytes-
#78093876	REDUCE cov: 3771 ft: 11977 corp: 5820/548Kb lim: 4096 exec/s: 49426 rss: 706Mb L: 233/3754 MS: 1 EraseBytes-
#78098067	REDUCE cov: 3771 ft: 11977 corp: 5820/548Kb lim: 4096 exec/s: 49429 rss: 706Mb L: 262/3754 MS: 1 EraseBytes-
#78103433	REDUCE cov: 3771 ft: 11977 corp: 5820/548Kb lim: 4096 exec/s: 49432 rss: 706Mb L: 90/3754 MS: 1 EraseBytes-
#78138154	REDUCE cov: 3771 ft: 11977 corp: 5820/548Kb lim: 4096 exec/s: 49454 rss: 706Mb L: 1093/3754 MS: 1 EraseBytes-
#78167791	REDUCE cov: 3771 ft: 11977 corp: 5820/548Kb lim: 4096 exec/s: 49441 rss: 706Mb L: 778/3754 MS: 2 ChangeASCIIInt-EraseBytes-
#78205223	REDUCE cov: 3771 ft: 11977 corp: 5820/548Kb lim: 4096 exec/s: 49434 rss: 706Mb L: 506/3754 MS: 2 ChangeASCIIInt-EraseBytes-
#78208994	REDUCE cov: 3771 ft: 11977 corp: 5820/548Kb lim: 4096 exec/s: 49436 rss: 706Mb L: 2432/3754 MS: 1 EraseBytes-
#78257073	REDUCE cov: 3771 ft: 11977 corp: 5820/548Kb lim: 4096 exec/s: 49435 rss: 706Mb L: 826/3754 MS: 4 ShuffleBytes-ChangeBinInt-CrossOver-EraseBytes-
#78260429	REDUCE cov: 3771 ft: 11977 corp: 5820/548Kb lim: 4096 exec/s: 49438 rss: 706Mb L: 79/3754 MS: 1 EraseBytes-
#78289426	REDUCE cov: 3771 ft: 11977 corp: 5820/548Kb lim: 4096 exec/s: 49425 rss: 706Mb L: 139/3754 MS: 2 CopyPart-EraseBytes-
#78302992	REDUCE cov: 3771 ft: 11977 corp: 5820/548Kb lim: 4096 exec/s: 49433 rss: 706Mb L: 116/3754 MS: 1 EraseBytes-
#78304318	REDUCE cov: 3771 ft: 11977 corp: 5820/548Kb lim: 4096 exec/s: 49434 rss: 706Mb L: 1932/3754 MS: 1 EraseBytes-
#78310769	REDUCE cov: 3771 ft: 11977 corp: 5820/547Kb lim: 4096 exec/s: 49407 rss: 706Mb L: 533/3754 MS: 1 EraseBytes-
#78357655	REDUCE cov: 3771 ft: 11977 corp: 5820/547Kb lim: 4096 exec/s: 49405 rss: 706Mb L: 177/3754 MS: 1 EraseBytes-
#78387731	REDUCE cov: 3771 ft: 11977 corp: 5820/547Kb lim: 4096 exec/s: 49393 rss: 706Mb L: 64/3754 MS: 1 EraseBytes-
#78426582	REDUCE cov: 3771 ft: 11977 corp: 5820/547Kb lim: 4096 exec/s: 49387 rss: 706Mb L: 1091/3754 MS: 1 EraseBytes-
#78452243	REDUCE cov: 3771 ft: 11977 corp: 5820/547Kb lim: 4096 exec/s: 49372 rss: 706Mb L: 1079/3754 MS: 1 EraseBytes-
#78458069	REDUCE cov: 3771 ft: 11977 corp: 5820/547Kb lim: 4096 exec/s: 49375 rss: 706Mb L: 3213/3754 MS: 1 EraseBytes-
#78504911	REDUCE cov: 3771 ft: 11977 corp: 5820/547Kb lim: 4096 exec/s: 49374 rss: 706Mb L: 83/3754 MS: 1 EraseBytes-
#78511802	REDUCE cov: 3771 ft: 11977 corp: 5820/547Kb lim: 4096 exec/s: 49378 rss: 706Mb L: 774/3754 MS: 1 EraseBytes-
#78569208	REDUCE cov: 3771 ft: 11977 corp: 5820/547Kb lim: 4096 exec/s: 49352 rss: 706Mb L: 257/3754 MS: 1 EraseBytes-
#78593634	REDUCE cov: 3771 ft: 11977 corp: 5820/547Kb lim: 4096 exec/s: 49367 rss: 706Mb L: 231/3754 MS: 1 EraseBytes-
#78607938	REDUCE cov: 3771 ft: 11977 corp: 5820/547Kb lim: 4096 exec/s: 49345 rss: 706Mb L: 153/3754 MS: 4 ShuffleBytes-ChangeASCIIInt-ChangeASCIIInt-EraseBytes-
#78626929	REDUCE cov: 3771 ft: 11977 corp: 5820/547Kb lim: 4096 exec/s: 49357 rss: 706Mb L: 304/3754 MS: 1 EraseBytes-
#78659270	REDUCE cov: 3771 ft: 11977 corp: 5820/547Kb lim: 4096 exec/s: 49347 rss: 706Mb L: 1061/3754 MS: 1 EraseBytes-
#78663001	REDUCE cov: 3771 ft: 11977 corp: 5820/547Kb lim: 4096 exec/s: 49349 rss: 706Mb L: 81/3754 MS: 1 EraseBytes-
#78667267	REDUCE cov: 3771 ft: 11977 corp: 5820/547Kb lim: 4096 exec/s: 49352 rss: 706Mb L: 259/3754 MS: 1 EraseBytes-
#78678773	REDUCE cov: 3771 ft: 11977 corp: 5820/547Kb lim: 4096 exec/s: 49359 rss: 706Mb L: 219/3754 MS: 1 EraseBytes-
#78680324	REDUCE cov: 3771 ft: 11977 corp: 5820/547Kb lim: 4096 exec/s: 49360 rss: 706Mb L: 144/3754 MS: 1 EraseBytes-
#78684950	REDUCE cov: 3771 ft: 11977 corp: 5820/547Kb lim: 4096 exec/s: 49332 rss: 706Mb L: 370/3754 MS: 1 EraseBytes-
#78689621	REDUCE cov: 3771 ft: 11977 corp: 5820/547Kb lim: 4096 exec/s: 49304 rss: 706Mb L: 303/3754 MS: 1 EraseBytes-
#78718852	REDUCE cov: 3771 ft: 11977 corp: 5820/547Kb lim: 4096 exec/s: 49322 rss: 706Mb L: 2055/3754 MS: 1 EraseBytes-
#78721504	REDUCE cov: 3771 ft: 11977 corp: 5820/547Kb lim: 4096 exec/s: 49324 rss: 706Mb L: 489/3754 MS: 2 ChangeASCIIInt-EraseBytes-
#78731390	REDUCE cov: 3771 ft: 11977 corp: 5820/547Kb lim: 4096 exec/s: 49299 rss: 706Mb L: 71/3754 MS: 1 EraseBytes-
#78733336	REDUCE cov: 3771 ft: 11977 corp: 5820/547Kb lim: 4096 exec/s: 49300 rss: 706Mb L: 2531/3754 MS: 1 EraseBytes-
#78753647	REDUCE cov: 3771 ft: 11977 corp: 5820/547Kb lim: 4096 exec/s: 49313 rss: 706Mb L: 531/3754 MS: 1 EraseBytes-
#78792988	REDUCE cov: 3771 ft: 11977 corp: 5820/547Kb lim: 4096 exec/s: 49307 rss: 706Mb L: 488/3754 MS: 1 EraseBytes-
#78849769	REDUCE cov: 3771 ft: 11977 corp: 5820/547Kb lim: 4096 exec/s: 49281 rss: 706Mb L: 365/3754 MS: 1 EraseBytes-
#78860100	REDUCE cov: 3771 ft: 11977 corp: 5820/547Kb lim: 4096 exec/s: 49287 rss: 706Mb L: 138/3754 MS: 1 EraseBytes-
#78875184	REDUCE cov: 3771 ft: 11977 corp: 5820/547Kb lim: 4096 exec/s: 49296 rss: 706Mb L: 487/3754 MS: 4 ChangeASCIIInt-ShuffleBytes-ChangeASCIIInt-EraseBytes-
#78901466	REDUCE cov: 3771 ft: 11977 corp: 5820/547Kb lim: 4096 exec/s: 49282 rss: 706Mb L: 460/3754 MS: 1 EraseBytes-
#78927642	REDUCE cov: 3771 ft: 11977 corp: 5820/547Kb lim: 4096 exec/s: 49268 rss: 706Mb L: 33/3754 MS: 1 EraseBytes-
#78928788	REDUCE cov: 3771 ft: 11977 corp: 5820/547Kb lim: 4096 exec/s: 49268 rss: 706Mb L: 63/3754 MS: 1 EraseBytes-
#78962169	REDUCE cov: 3771 ft: 11977 corp: 5820/547Kb lim: 4096 exec/s: 49258 rss: 706Mb L: 127/3754 MS: 1 EraseBytes-
#78989335	REDUCE cov: 3771 ft: 11977 corp: 5820/547Kb lim: 4096 exec/s: 49275 rss: 706Mb L: 441/3754 MS: 1 EraseBytes-
#79044451	REDUCE cov: 3771 ft: 11977 corp: 5820/547Kb lim: 4096 exec/s: 49279 rss: 706Mb L: 3347/3754 MS: 1 EraseBytes-
#79047168	REDUCE cov: 3771 ft: 11977 corp: 5820/547Kb lim: 4096 exec/s: 49281 rss: 706Mb L: 302/3754 MS: 2 ChangeASCIIInt-EraseBytes-
#79089109	REDUCE cov: 3771 ft: 11977 corp: 5820/547Kb lim: 4096 exec/s: 49246 rss: 706Mb L: 149/3754 MS: 1 EraseBytes-
#79089440	REDUCE cov: 3771 ft: 11977 corp: 5820/547Kb lim: 4096 exec/s: 49246 rss: 706Mb L: 148/3754 MS: 1 EraseBytes-
#79179027	REDUCE cov: 3771 ft: 11977 corp: 5820/547Kb lim: 4096 exec/s: 49210 rss: 706Mb L: 75/3754 MS: 1 EraseBytes-
#79206844	REDUCE cov: 3771 ft: 11977 corp: 5820/547Kb lim: 4096 exec/s: 49227 rss: 706Mb L: 590/3754 MS: 1 EraseBytes-
#79274555	REDUCE cov: 3771 ft: 11977 corp: 5820/547Kb lim: 4096 exec/s: 49208 rss: 706Mb L: 147/3754 MS: 1 EraseBytes-
#79292301	REDUCE cov: 3771 ft: 11977 corp: 5820/547Kb lim: 4096 exec/s: 49188 rss: 706Mb L: 228/3754 MS: 1 EraseBytes-
#79296758	REDUCE cov: 3771 ft: 11977 corp: 5820/547Kb lim: 4096 exec/s: 49191 rss: 706Mb L: 486/3754 MS: 2 ChangeASCIIInt-EraseBytes-
#79302570	REDUCE cov: 3771 ft: 11977 corp: 5820/547Kb lim: 4096 exec/s: 49195 rss: 706Mb L: 97/3754 MS: 2 ShuffleBytes-EraseBytes-
#79306381	REDUCE cov: 3771 ft: 11977 corp: 5820/547Kb lim: 4096 exec/s: 49197 rss: 706Mb L: 87/3754 MS: 1 EraseBytes-
#79319307	REDUCE cov: 3771 ft: 11977 corp: 5820/547Kb lim: 4096 exec/s: 49205 rss: 706Mb L: 96/3754 MS: 1 EraseBytes-
#79351468	REDUCE cov: 3771 ft: 11977 corp: 5820/547Kb lim: 4096 exec/s: 49194 rss: 706Mb L: 114/3754 MS: 1 EraseBytes-
#79357594	REDUCE cov: 3771 ft: 11977 corp: 5820/547Kb lim: 4096 exec/s: 49198 rss: 706Mb L: 131/3754 MS: 1 EraseBytes-
#79360320	REDUCE cov: 3771 ft: 11977 corp: 5820/547Kb lim: 4096 exec/s: 49169 rss: 706Mb L: 1049/3754 MS: 1 EraseBytes-
#79362926	REDUCE cov: 3771 ft: 11977 corp: 5820/547Kb lim: 4096 exec/s: 49171 rss: 706Mb L: 65/3754 MS: 1 EraseBytes-
#79424977	REDUCE cov: 3771 ft: 11977 corp: 5820/547Kb lim: 4096 exec/s: 49179 rss: 706Mb L: 3209/3754 MS: 1 EraseBytes-
#79430872	REDUCE cov: 3771 ft: 11977 corp: 5820/547Kb lim: 4096 exec/s: 49183 rss: 706Mb L: 49/3754 MS: 5 ChangeBinInt-PersAutoDict-ChangeBit-PersAutoDict-EraseBytes- DE: "parmnt"-"id"-
#79433903	REDUCE cov: 3771 ft: 11977 corp: 5820/547Kb lim: 4096 exec/s: 49185 rss: 706Mb L: 1930/3754 MS: 1 EraseBytes-
#79470885	REDUCE cov: 3771 ft: 11977 corp: 5820/547Kb lim: 4096 exec/s: 49177 rss: 706Mb L: 259/3754 MS: 2 ChangeASCIIInt-EraseBytes-
#79475106	REDUCE cov: 3771 ft: 11977 corp: 5820/547Kb lim: 4096 exec/s: 49180 rss: 706Mb L: 89/3754 MS: 1 EraseBytes-
#79481777	REDUCE cov: 3771 ft: 11977 corp: 5820/547Kb lim: 4096 exec/s: 49153 rss: 706Mb L: 3330/3754 MS: 1 EraseBytes-
#79490643	REDUCE cov: 3771 ft: 11977 corp: 5820/547Kb lim: 4096 exec/s: 49159 rss: 706Mb L: 773/3754 MS: 1 EraseBytes-
#79494184	REDUCE cov: 3771 ft: 11977 corp: 5820/547Kb lim: 4096 exec/s: 49161 rss: 706Mb L: 60/3754 MS: 1 EraseBytes-
#79500985	REDUCE cov: 3771 ft: 11977 corp: 5820/547Kb lim: 4096 exec/s: 49165 rss: 706Mb L: 214/3754 MS: 1 EraseBytes-
#79512276	REDUCE cov: 3771 ft: 11977 corp: 5820/547Kb lim: 4096 exec/s: 49142 rss: 706Mb L: 1377/3754 MS: 1 EraseBytes-
#79547817	REDUCE cov: 3771 ft: 11977 corp: 5820/547Kb lim: 4096 exec/s: 49164 rss: 706Mb L: 790/3754 MS: 1 EraseBytes-
#79549753	REDUCE cov: 3771 ft: 11977 corp: 5820/547Kb lim: 4096 exec/s: 49165 rss: 706Mb L: 172/3754 MS: 1 EraseBytes-
#79611354	REDUCE cov: 3771 ft: 11977 corp: 5820/547Kb lim: 4096 exec/s: 49142 rss: 706Mb L: 193/3754 MS: 1 EraseBytes-
#79625575	REDUCE cov: 3771 ft: 11977 corp: 5820/547Kb lim: 4096 exec/s: 49151 rss: 706Mb L: 176/3754 MS: 1 EraseBytes-
#79646366	REDUCE cov: 3771 ft: 11977 corp: 5820/547Kb lim: 4096 exec/s: 49134 rss: 706Mb L: 213/3754 MS: 1 EraseBytes-
#79678936	REDUCE cov: 3771 ft: 11977 corp: 5820/547Kb lim: 4096 exec/s: 49123 rss: 706Mb L: 2419/3754 MS: 5 ShuffleBytes-CopyPart-ChangeBinInt-ShuffleBytes-EraseBytes-
#79699997	REDUCE cov: 3771 ft: 11977 corp: 5820/547Kb lim: 4096 exec/s: 49136 rss: 706Mb L: 69/3754 MS: 1 EraseBytes-
#79721293	REDUCE cov: 3771 ft: 11977 corp: 5820/547Kb lim: 4096 exec/s: 49119 rss: 706Mb L: 65/3754 MS: 1 EraseBytes-
#79726134	REDUCE cov: 3771 ft: 11977 corp: 5820/547Kb lim: 4096 exec/s: 49122 rss: 706Mb L: 183/3754 MS: 1 EraseBytes-
#79730535	REDUCE cov: 3771 ft: 11977 corp: 5820/547Kb lim: 4096 exec/s: 49125 rss: 706Mb L: 2463/3754 MS: 1 EraseBytes-
#79743622	REDUCE cov: 3771 ft: 11977 corp: 5820/547Kb lim: 4096 exec/s: 49133 rss: 706Mb L: 1036/3754 MS: 2 ChangeASCIIInt-EraseBytes-
#79745858	REDUCE cov: 3771 ft: 11977 corp: 5820/547Kb lim: 4096 exec/s: 49134 rss: 706Mb L: 208/3754 MS: 1 EraseBytes-
#79746289	REDUCE cov: 3771 ft: 11977 corp: 5820/547Kb lim: 4096 exec/s: 49135 rss: 706Mb L: 104/3754 MS: 1 EraseBytes-
#79770196	REDUCE cov: 3771 ft: 11977 corp: 5820/547Kb lim: 4096 exec/s: 49119 rss: 706Mb L: 755/3754 MS: 2 ChangeASCIIInt-EraseBytes-
#79803696	REDUCE cov: 3771 ft: 11977 corp: 5820/547Kb lim: 4096 exec/s: 49109 rss: 706Mb L: 363/3754 MS: 5 CopyPart-InsertRepeatedBytes-CopyPart-EraseBytes-EraseBytes-
#79819237	REDUCE cov: 3771 ft: 11977 corp: 5820/547Kb lim: 4096 exec/s: 49119 rss: 706Mb L: 332/3754 MS: 1 EraseBytes-
#79830493	REDUCE cov: 3771 ft: 11977 corp: 5820/547Kb lim: 4096 exec/s: 49096 rss: 706Mb L: 483/3754 MS: 1 EraseBytes-
#79834045	REDUCE cov: 3771 ft: 11977 corp: 5820/547Kb lim: 4096 exec/s: 49098 rss: 706Mb L: 440/3754 MS: 2 ChangeByte-EraseBytes-
#79848932	REDUCE cov: 3771 ft: 11977 corp: 5820/547Kb lim: 4096 exec/s: 49107 rss: 706Mb L: 137/3754 MS: 2 ChangeASCIIInt-EraseBytes-
#79871510	REDUCE cov: 3771 ft: 11977 corp: 5820/547Kb lim: 4096 exec/s: 49121 rss: 706Mb L: 1035/3754 MS: 3 ChangeASCIIInt-ChangeASCIIInt-EraseBytes-
#79881888	REDUCE cov: 3771 ft: 11977 corp: 5820/547Kb lim: 4096 exec/s: 49097 rss: 706Mb L: 110/3754 MS: 3 ChangeASCIIInt-ChangeASCIIInt-EraseBytes-
#79886264	REDUCE cov: 3771 ft: 11977 corp: 5820/547Kb lim: 4096 exec/s: 49100 rss: 706Mb L: 223/3754 MS: 1 EraseBytes-
#79888820	REDUCE cov: 3771 ft: 11977 corp: 5820/547Kb lim: 4096 exec/s: 49101 rss: 706Mb L: 127/3754 MS: 1 EraseBytes-
#79928511	REDUCE cov: 3771 ft: 11977 corp: 5820/547Kb lim: 4096 exec/s: 49096 rss: 706Mb L: 1014/3754 MS: 1 EraseBytes-
#79950153	REDUCE cov: 3771 ft: 11977 corp: 5820/547Kb lim: 4096 exec/s: 49109 rss: 706Mb L: 87/3754 MS: 1 EraseBytes-
#79955489	REDUCE cov: 3771 ft: 11977 corp: 5820/547Kb lim: 4096 exec/s: 49112 rss: 706Mb L: 2462/3754 MS: 1 EraseBytes-
#79961310	REDUCE cov: 3771 ft: 11977 corp: 5820/547Kb lim: 4096 exec/s: 49116 rss: 706Mb L: 225/3754 MS: 1 EraseBytes-
#79966846	REDUCE cov: 3771 ft: 11977 corp: 5820/547Kb lim: 4096 exec/s: 49089 rss: 706Mb L: 109/3754 MS: 1 EraseBytes-
#79969462	REDUCE cov: 3771 ft: 11977 corp: 5820/547Kb lim: 4096 exec/s: 49091 rss: 706Mb L: 300/3754 MS: 1 EraseBytes-
#79987698	REDUCE cov: 3771 ft: 11977 corp: 5820/547Kb lim: 4096 exec/s: 49102 rss: 706Mb L: 116/3754 MS: 1 EraseBytes-
#80004646	REDUCE cov: 3771 ft: 11977 corp: 5820/547Kb lim: 4096 exec/s: 49082 rss: 706Mb L: 299/3754 MS: 2 ChangeASCIIInt-EraseBytes-
#80035253	REDUCE cov: 3771 ft: 11977 corp: 5820/547Kb lim: 4096 exec/s: 49101 rss: 706Mb L: 1514/3754 MS: 2 ChangeASCIIInt-EraseBytes-
#80044709	REDUCE cov: 3771 ft: 11977 corp: 5820/547Kb lim: 4096 exec/s: 49107 rss: 706Mb L: 74/3754 MS: 1 EraseBytes-
#80047861	REDUCE cov: 3771 ft: 11977 corp: 5820/547Kb lim: 4096 exec/s: 49079 rss: 706Mb L: 136/3754 MS: 1 EraseBytes-
#80128067	REDUCE cov: 3771 ft: 11977 corp: 5820/547Kb lim: 4096 exec/s: 49068 rss: 706Mb L: 3749/3749 MS: 1 EraseBytes-
#80136649	REDUCE cov: 3771 ft: 11977 corp: 5820/547Kb lim: 4096 exec/s: 49073 rss: 706Mb L: 293/3749 MS: 2 ChangeByte-EraseBytes-
#80174055	REDUCE cov: 3771 ft: 11977 corp: 5820/547Kb lim: 4096 exec/s: 49066 rss: 706Mb L: 1418/3749 MS: 1 EraseBytes-
#80184536	REDUCE cov: 3771 ft: 11977 corp: 5820/547Kb lim: 4096 exec/s: 49072 rss: 706Mb L: 507/3749 MS: 1 EraseBytes-
#80206917	REDUCE cov: 3771 ft: 11977 corp: 5820/547Kb lim: 4096 exec/s: 49086 rss: 706Mb L: 480/3749 MS: 1 EraseBytes-
#80207293	REDUCE cov: 3771 ft: 11977 corp: 5820/547Kb lim: 4096 exec/s: 49056 rss: 706Mb L: 2418/3749 MS: 1 EraseBytes-
#80215179	REDUCE cov: 3771 ft: 11977 corp: 5820/547Kb lim: 4096 exec/s: 49061 rss: 706Mb L: 1259/3749 MS: 1 EraseBytes-
#80233872	REDUCE cov: 3771 ft: 11977 corp: 5820/547Kb lim: 4096 exec/s: 49072 rss: 706Mb L: 81/3749 MS: 3 InsertByte-ChangeASCIIInt-EraseBytes-
#80233889	REDUCE cov: 3771 ft: 11977 corp: 5820/547Kb lim: 4096 exec/s: 49072 rss: 706Mb L: 776/3749 MS: 2 ChangeASCIIInt-EraseBytes-
#80261808	REDUCE cov: 3771 ft: 11977 corp: 5820/547Kb lim: 4096 exec/s: 49059 rss: 706Mb L: 1117/3749 MS: 4 ChangeBit-EraseBytes-ShuffleBytes-CrossOver-
#80267874	REDUCE cov: 3771 ft: 11977 corp: 5820/547Kb lim: 4096 exec/s: 49063 rss: 706Mb L: 934/3749 MS: 1 EraseBytes-
#80268255	REDUCE cov: 3771 ft: 11977 corp: 5820/547Kb lim: 4096 exec/s: 49063 rss: 706Mb L: 2413/3749 MS: 1 EraseBytes-
#80284781	REDUCE cov: 3771 ft: 11977 corp: 5820/547Kb lim: 4096 exec/s: 49043 rss: 706Mb L: 689/3749 MS: 1 EraseBytes-
#80300997	REDUCE cov: 3771 ft: 11977 corp: 5820/547Kb lim: 4096 exec/s: 49053 rss: 706Mb L: 1408/3749 MS: 1 EraseBytes-
#80301958	REDUCE cov: 3771 ft: 11977 corp: 5820/547Kb lim: 4096 exec/s: 49054 rss: 706Mb L: 44/3749 MS: 1 EraseBytes-
#80318594	REDUCE cov: 3771 ft: 11977 corp: 5820/547Kb lim: 4096 exec/s: 49034 rss: 706Mb L: 98/3749 MS: 1 EraseBytes-
#80372100	REDUCE cov: 3771 ft: 11977 corp: 5820/547Kb lim: 4096 exec/s: 49007 rss: 706Mb L: 88/3749 MS: 1 EraseBytes-
#80377501	REDUCE cov: 3771 ft: 11977 corp: 5820/547Kb lim: 4096 exec/s: 49010 rss: 706Mb L: 75/3749 MS: 1 EraseBytes-
#80399203	REDUCE cov: 3771 ft: 11977 corp: 5820/547Kb lim: 4096 exec/s: 49023 rss: 706Mb L: 2529/3749 MS: 2 ShuffleBytes-EraseBytes-
#80423839	REDUCE cov: 3771 ft: 11977 corp: 5820/547Kb lim: 4096 exec/s: 49009 rss: 706Mb L: 1925/3749 MS: 1 EraseBytes-
#80430015	REDUCE cov: 3771 ft: 11977 corp: 5820/547Kb lim: 4096 exec/s: 49012 rss: 706Mb L: 100/3749 MS: 1 EraseBytes-
#80430771	REDUCE cov: 3771 ft: 11977 corp: 5820/547Kb lim: 4096 exec/s: 49013 rss: 706Mb L: 92/3749 MS: 1 EraseBytes-
#80472397	REDUCE cov: 3771 ft: 11977 corp: 5820/547Kb lim: 4096 exec/s: 49008 rss: 706Mb L: 227/3749 MS: 1 EraseBytes-
#80474178	REDUCE cov: 3771 ft: 11977 corp: 5820/547Kb lim: 4096 exec/s: 49009 rss: 706Mb L: 1905/3749 MS: 1 EraseBytes-
#80483335	REDUCE cov: 3771 ft: 11977 corp: 5820/547Kb lim: 4096 exec/s: 49015 rss: 706Mb L: 67/3749 MS: 1 EraseBytes-
#80492906	REDUCE cov: 3771 ft: 11977 corp: 5820/547Kb lim: 4096 exec/s: 48991 rss: 706Mb L: 939/3749 MS: 1 EraseBytes-
#80496374	REDUCE cov: 3771 ft: 11977 corp: 5820/547Kb lim: 4096 exec/s: 48993 rss: 706Mb L: 256/3749 MS: 3 ChangeByte-ChangeASCIIInt-EraseBytes-
#80506935	REDUCE cov: 3771 ft: 11977 corp: 5820/547Kb lim: 4096 exec/s: 48999 rss: 706Mb L: 108/3749 MS: 1 EraseBytes-
#80514696	REDUCE cov: 3771 ft: 11977 corp: 5820/547Kb lim: 4096 exec/s: 49004 rss: 706Mb L: 292/3749 MS: 1 EraseBytes-
#80530042	REDUCE cov: 3771 ft: 11977 corp: 5820/547Kb lim: 4096 exec/s: 48984 rss: 706Mb L: 362/3749 MS: 1 EraseBytes-
#80530873	REDUCE cov: 3771 ft: 11977 corp: 5820/547Kb lim: 4096 exec/s: 48984 rss: 706Mb L: 250/3749 MS: 1 EraseBytes-
#80543944	REDUCE cov: 3771 ft: 11977 corp: 5820/547Kb lim: 4096 exec/s: 48992 rss: 706Mb L: 115/3749 MS: 1 EraseBytes-
#80555116	REDUCE cov: 3771 ft: 11977 corp: 5820/547Kb lim: 4096 exec/s: 48999 rss: 706Mb L: 747/3749 MS: 2 ChangeBinInt-EraseBytes-
#80602488	REDUCE cov: 3771 ft: 11977 corp: 5820/547Kb lim: 4096 exec/s: 48998 rss: 706Mb L: 360/3749 MS: 2 ChangeBit-EraseBytes-
#80607974	REDUCE cov: 3771 ft: 11977 corp: 5820/547Kb lim: 4096 exec/s: 48972 rss: 706Mb L: 1374/3749 MS: 1 EraseBytes-
#80701581	REDUCE cov: 3771 ft: 11977 corp: 5820/547Kb lim: 4096 exec/s: 48969 rss: 706Mb L: 86/3749 MS: 1 EraseBytes-
#80764767	REDUCE cov: 3771 ft: 11977 corp: 5820/547Kb lim: 4096 exec/s: 48978 rss: 706Mb L: 288/3749 MS: 1 EraseBytes-
#80774968	REDUCE cov: 3771 ft: 11977 corp: 5820/547Kb lim: 4096 exec/s: 48984 rss: 706Mb L: 737/3749 MS: 1 EraseBytes-
#80808330	REDUCE cov: 3771 ft: 11977 corp: 5820/547Kb lim: 4096 exec/s: 48974 rss: 706Mb L: 860/3749 MS: 2 ChangeBit-EraseBytes-
#80818331	REDUCE cov: 3771 ft: 11977 corp: 5820/547Kb lim: 4096 exec/s: 48980 rss: 706Mb L: 1184/3749 MS: 1 EraseBytes-
#80866347	REDUCE cov: 3771 ft: 11977 corp: 5820/547Kb lim: 4096 exec/s: 48980 rss: 706Mb L: 479/3749 MS: 1 EraseBytes-
#80870310	REDUCE cov: 3771 ft: 11977 corp: 5820/547Kb lim: 4096 exec/s: 48952 rss: 706Mb L: 358/3749 MS: 3 InsertRepeatedBytes-CopyPart-EraseBytes-
#80920147	REDUCE cov: 3771 ft: 11977 corp: 5820/547Kb lim: 4096 exec/s: 48953 rss: 706Mb L: 1503/3749 MS: 2 ChangeASCIIInt-EraseBytes-
#80937138	REDUCE cov: 3771 ft: 11977 corp: 5820/547Kb lim: 4096 exec/s: 48963 rss: 706Mb L: 586/3749 MS: 1 EraseBytes-
#80938355	REDUCE cov: 3771 ft: 11977 corp: 5820/547Kb lim: 4096 exec/s: 48964 rss: 706Mb L: 2641/3749 MS: 2 ChangeASCIIInt-EraseBytes-
#80959141	REDUCE cov: 3771 ft: 11977 corp: 5820/547Kb lim: 4096 exec/s: 48947 rss: 706Mb L: 357/3749 MS: 1 EraseBytes-
#80975302	REDUCE cov: 3771 ft: 11977 corp: 5820/547Kb lim: 4096 exec/s: 48957 rss: 706Mb L: 728/3749 MS: 1 EraseBytes-
#80975738	REDUCE cov: 3771 ft: 11977 corp: 5820/547Kb lim: 4096 exec/s: 48957 rss: 706Mb L: 86/3749 MS: 1 EraseBytes-
#80996081	REDUCE cov: 3771 ft: 11977 corp: 5820/547Kb lim: 4096 exec/s: 48940 rss: 706Mb L: 902/3749 MS: 2 ShuffleBytes-EraseBytes-
#81010542	REDUCE cov: 3771 ft: 11977 corp: 5820/547Kb lim: 4096 exec/s: 48948 rss: 706Mb L: 107/3749 MS: 1 EraseBytes-
#81053638	REDUCE cov: 3771 ft: 11977 corp: 5820/547Kb lim: 4096 exec/s: 48945 rss: 706Mb L: 670/3749 MS: 1 EraseBytes-
#81059739	REDUCE cov: 3771 ft: 11977 corp: 5820/547Kb lim: 4096 exec/s: 48949 rss: 706Mb L: 585/3749 MS: 1 EraseBytes-
#81091245	REDUCE cov: 3771 ft: 11977 corp: 5820/547Kb lim: 4096 exec/s: 48909 rss: 706Mb L: 311/3749 MS: 1 EraseBytes-
#81095642	REDUCE cov: 3771 ft: 11977 corp: 5820/547Kb lim: 4096 exec/s: 48911 rss: 706Mb L: 87/3749 MS: 2 ShuffleBytes-EraseBytes-
#81104039	REDUCE cov: 3771 ft: 11977 corp: 5820/547Kb lim: 4096 exec/s: 48916 rss: 706Mb L: 725/3749 MS: 2 CopyPart-EraseBytes-
#81134400	REDUCE cov: 3771 ft: 11977 corp: 5820/547Kb lim: 4096 exec/s: 48935 rss: 706Mb L: 584/3749 MS: 1 EraseBytes-
#81155417	REDUCE cov: 3771 ft: 11977 corp: 5820/547Kb lim: 4096 exec/s: 48918 rss: 706Mb L: 253/3749 MS: 1 EraseBytes-
#81166368	REDUCE cov: 3771 ft: 11977 corp: 5820/546Kb lim: 4096 exec/s: 48895 rss: 706Mb L: 1342/3749 MS: 1 EraseBytes-
#81201559	REDUCE cov: 3771 ft: 11977 corp: 5820/546Kb lim: 4096 exec/s: 48887 rss: 706Mb L: 40/3749 MS: 1 EraseBytes-
#81204510	REDUCE cov: 3771 ft: 11977 corp: 5820/546Kb lim: 4096 exec/s: 48888 rss: 706Mb L: 2430/3749 MS: 1 EraseBytes-
#81205766	REDUCE cov: 3771 ft: 11977 corp: 5820/546Kb lim: 4096 exec/s: 48889 rss: 706Mb L: 237/3749 MS: 1 EraseBytes-
#81243682	REDUCE cov: 3771 ft: 11977 corp: 5820/546Kb lim: 4096 exec/s: 48883 rss: 706Mb L: 225/3749 MS: 1 EraseBytes-
#81275763	REDUCE cov: 3771 ft: 11977 corp: 5820/546Kb lim: 4096 exec/s: 48872 rss: 706Mb L: 920/3749 MS: 1 EraseBytes-
#81306954	REDUCE cov: 3771 ft: 11977 corp: 5820/546Kb lim: 4096 exec/s: 48833 rss: 706Mb L: 478/3749 MS: 1 EraseBytes-
#81346190	REDUCE cov: 3771 ft: 11977 corp: 5820/546Kb lim: 4096 exec/s: 48827 rss: 706Mb L: 87/3749 MS: 1 EraseBytes-
#81377121	REDUCE cov: 3771 ft: 11977 corp: 5820/546Kb lim: 4096 exec/s: 48845 rss: 706Mb L: 3329/3749 MS: 1 EraseBytes-
#81482327	REDUCE cov: 3771 ft: 11977 corp: 5820/546Kb lim: 4096 exec/s: 48821 rss: 706Mb L: 61/3749 MS: 1 EraseBytes-
#81488778	REDUCE cov: 3771 ft: 11977 corp: 5820/546Kb lim: 4096 exec/s: 48824 rss: 706Mb L: 724/3749 MS: 1 EraseBytes-
#81493964	REDUCE cov: 3771 ft: 11977 corp: 5820/546Kb lim: 4096 exec/s: 48828 rss: 706Mb L: 355/3749 MS: 1 EraseBytes-
#81496625	REDUCE cov: 3771 ft: 11977 corp: 5820/546Kb lim: 4096 exec/s: 48829 rss: 706Mb L: 146/3749 MS: 1 EraseBytes-
#81504066	REDUCE cov: 3771 ft: 11977 corp: 5820/546Kb lim: 4096 exec/s: 48804 rss: 706Mb L: 1511/3749 MS: 1 EraseBytes-
#81506737	REDUCE cov: 3771 ft: 11977 corp: 5820/546Kb lim: 4096 exec/s: 48806 rss: 706Mb L: 582/3749 MS: 1 EraseBytes-
#81512213	REDUCE cov: 3771 ft: 11977 corp: 5820/546Kb lim: 4096 exec/s: 48809 rss: 706Mb L: 706/3749 MS: 1 EraseBytes-
#81534934	REDUCE cov: 3771 ft: 11977 corp: 5820/546Kb lim: 4096 exec/s: 48823 rss: 706Mb L: 66/3749 MS: 1 EraseBytes-
#81537530	REDUCE cov: 3771 ft: 11977 corp: 5820/546Kb lim: 4096 exec/s: 48824 rss: 706Mb L: 832/3749 MS: 1 EraseBytes-
#81596617	REDUCE cov: 3771 ft: 11977 corp: 5820/546Kb lim: 4096 exec/s: 48801 rss: 706Mb L: 87/3749 MS: 1 EraseBytes-
#81625399	REDUCE cov: 3771 ft: 11977 corp: 5820/546Kb lim: 4096 exec/s: 48819 rss: 706Mb L: 353/3749 MS: 2 ShuffleBytes-EraseBytes-
#81675132	REDUCE cov: 3771 ft: 11977 corp: 5820/546Kb lim: 4096 exec/s: 48819 rss: 706Mb L: 349/3749 MS: 3 ChangeASCIIInt-ShuffleBytes-EraseBytes-
#81675694	REDUCE cov: 3771 ft: 11977 corp: 5820/546Kb lim: 4096 exec/s: 48819 rss: 706Mb L: 65/3749 MS: 2 ShuffleBytes-EraseBytes-
#81675956	REDUCE cov: 3771 ft: 11977 corp: 5820/546Kb lim: 4096 exec/s: 48820 rss: 706Mb L: 178/3749 MS: 2 CMP-EraseBytes- DE: "\000\000"-
#81734807	REDUCE cov: 3771 ft: 11977 corp: 5820/546Kb lim: 4096 exec/s: 48796 rss: 706Mb L: 2468/3749 MS: 1 EraseBytes-
#81739429	REDUCE cov: 3771 ft: 11977 corp: 5820/546Kb lim: 4096 exec/s: 48799 rss: 706Mb L: 803/3749 MS: 2 ShuffleBytes-EraseBytes-
#81758475	REDUCE cov: 3771 ft: 11977 corp: 5820/546Kb lim: 4096 exec/s: 48811 rss: 706Mb L: 287/3749 MS: 1 EraseBytes-
#81791141	REDUCE cov: 3771 ft: 11977 corp: 5820/546Kb lim: 4096 exec/s: 48801 rss: 706Mb L: 192/3749 MS: 1 EraseBytes-
#81796637	REDUCE cov: 3771 ft: 11977 corp: 5820/546Kb lim: 4096 exec/s: 48804 rss: 706Mb L: 2477/3749 MS: 1 EraseBytes-
#81801398	REDUCE cov: 3771 ft: 11977 corp: 5820/546Kb lim: 4096 exec/s: 48807 rss: 706Mb L: 191/3749 MS: 1 EraseBytes-
#81801460	REDUCE cov: 3771 ft: 11977 corp: 5820/546Kb lim: 4096 exec/s: 48807 rss: 706Mb L: 352/3749 MS: 2 ChangeByte-EraseBytes-
#81808168	REDUCE cov: 3771 ft: 11977 corp: 5820/546Kb lim: 4096 exec/s: 48811 rss: 706Mb L: 60/3749 MS: 3 ChangeBit-ChangeASCIIInt-EraseBytes-
#81822010	REDUCE cov: 3771 ft: 11977 corp: 5820/546Kb lim: 4096 exec/s: 48790 rss: 706Mb L: 193/3749 MS: 1 EraseBytes-
#81834991	REDUCE cov: 3771 ft: 11977 corp: 5820/546Kb lim: 4096 exec/s: 48798 rss: 706Mb L: 1859/3749 MS: 1 EraseBytes-
#81845242	REDUCE cov: 3771 ft: 11977 corp: 5820/546Kb lim: 4096 exec/s: 48775 rss: 706Mb L: 2639/3749 MS: 1 EraseBytes-
#81847558	REDUCE cov: 3771 ft: 11977 corp: 5820/546Kb lim: 4096 exec/s: 48776 rss: 706Mb L: 3327/3749 MS: 1 EraseBytes-
#81849260	REDUCE cov: 3771 ft: 11977 corp: 5820/546Kb lim: 4096 exec/s: 48777 rss: 706Mb L: 368/3749 MS: 2 ShuffleBytes-EraseBytes-
#81920034	REDUCE cov: 3771 ft: 11977 corp: 5820/546Kb lim: 4096 exec/s: 48761 rss: 706Mb L: 667/3749 MS: 3 ChangeASCIIInt-ShuffleBytes-EraseBytes-
#81926175	REDUCE cov: 3771 ft: 11977 corp: 5820/546Kb lim: 4096 exec/s: 48765 rss: 706Mb L: 329/3749 MS: 1 EraseBytes-
#81927911	REDUCE cov: 3771 ft: 11977 corp: 5820/546Kb lim: 4096 exec/s: 48766 rss: 706Mb L: 850/3749 MS: 1 EraseBytes-
#81933857	REDUCE cov: 3771 ft: 11977 corp: 5820/546Kb lim: 4096 exec/s: 48770 rss: 706Mb L: 351/3749 MS: 1 EraseBytes-
#81934448	REDUCE cov: 3771 ft: 11977 corp: 5820/546Kb lim: 4096 exec/s: 48770 rss: 706Mb L: 177/3749 MS: 1 EraseBytes-
#81966649	REDUCE cov: 3771 ft: 11977 corp: 5820/546Kb lim: 4096 exec/s: 48789 rss: 706Mb L: 174/3749 MS: 1 EraseBytes-
#81994261	REDUCE cov: 3771 ft: 11977 corp: 5820/546Kb lim: 4096 exec/s: 48777 rss: 706Mb L: 249/3749 MS: 2 ChangeByte-EraseBytes-
#82041412	REDUCE cov: 3771 ft: 11977 corp: 5820/546Kb lim: 4096 exec/s: 48747 rss: 706Mb L: 56/3749 MS: 1 EraseBytes-
#82079003	REDUCE cov: 3771 ft: 11977 corp: 5820/546Kb lim: 4096 exec/s: 48740 rss: 706Mb L: 255/3749 MS: 1 EraseBytes-
#82097584	REDUCE cov: 3771 ft: 11977 corp: 5820/546Kb lim: 4096 exec/s: 48751 rss: 706Mb L: 315/3749 MS: 1 EraseBytes-
#82102360	REDUCE cov: 3771 ft: 11977 corp: 5820/546Kb lim: 4096 exec/s: 48754 rss: 706Mb L: 139/3749 MS: 1 EraseBytes-
#82111981	REDUCE cov: 3771 ft: 11977 corp: 5820/546Kb lim: 4096 exec/s: 48731 rss: 706Mb L: 477/3749 MS: 1 EraseBytes-
#82161652	REDUCE cov: 3771 ft: 11977 corp: 5820/546Kb lim: 4096 exec/s: 48731 rss: 706Mb L: 223/3749 MS: 1 EraseBytes-
#82177113	REDUCE cov: 3771 ft: 11977 corp: 5820/546Kb lim: 4096 exec/s: 48740 rss: 706Mb L: 190/3749 MS: 1 EraseBytes-
#82186574	REDUCE cov: 3771 ft: 11977 corp: 5820/546Kb lim: 4096 exec/s: 48746 rss: 706Mb L: 49/3749 MS: 1 EraseBytes-
#82194801	REDUCE cov: 3771 ft: 11977 corp: 5820/546Kb lim: 4096 exec/s: 48722 rss: 706Mb L: 2525/3749 MS: 2 ShuffleBytes-EraseBytes-
#82200802	REDUCE cov: 3771 ft: 11977 corp: 5820/546Kb lim: 4096 exec/s: 48726 rss: 706Mb L: 121/3749 MS: 1 EraseBytes-
#82217670	REDUCE cov: 3771 ft: 11977 corp: 5820/546Kb lim: 4096 exec/s: 48736 rss: 706Mb L: 1238/3749 MS: 3 ShuffleBytes-ChangeASCIIInt-EraseBytes-
#82229996	REDUCE cov: 3771 ft: 11977 corp: 5820/546Kb lim: 4096 exec/s: 48714 rss: 706Mb L: 221/3749 MS: 1 EraseBytes-
#82248524	REDUCE cov: 3771 ft: 11977 corp: 5820/546Kb lim: 4096 exec/s: 48725 rss: 706Mb L: 705/3749 MS: 2 ShuffleBytes-EraseBytes-
#82262735	REDUCE cov: 3771 ft: 11977 corp: 5820/546Kb lim: 4096 exec/s: 48704 rss: 706Mb L: 684/3749 MS: 1 EraseBytes-
#82279306	REDUCE cov: 3771 ft: 11977 corp: 5820/546Kb lim: 4096 exec/s: 48714 rss: 706Mb L: 578/3749 MS: 1 EraseBytes-
#82281063	REDUCE cov: 3771 ft: 11977 corp: 5820/546Kb lim: 4096 exec/s: 48715 rss: 706Mb L: 114/3749 MS: 2 ShuffleBytes-EraseBytes-
#82285014	REDUCE cov: 3771 ft: 11977 corp: 5820/546Kb lim: 4096 exec/s: 48718 rss: 706Mb L: 285/3749 MS: 1 EraseBytes-
#82286585	REDUCE cov: 3771 ft: 11977 corp: 5820/546Kb lim: 4096 exec/s: 48719 rss: 706Mb L: 828/3749 MS: 1 EraseBytes-
#82312192	REDUCE cov: 3771 ft: 11977 corp: 5820/546Kb lim: 4096 exec/s: 48705 rss: 706Mb L: 422/3749 MS: 1 EraseBytes-
#82319568	REDUCE cov: 3771 ft: 11977 corp: 5820/546Kb lim: 4096 exec/s: 48709 rss: 706Mb L: 70/3749 MS: 1 EraseBytes-
#82325374	REDUCE cov: 3771 ft: 11977 corp: 5820/546Kb lim: 4096 exec/s: 48713 rss: 706Mb L: 61/3749 MS: 1 EraseBytes-
#82329525	REDUCE cov: 3771 ft: 11977 corp: 5820/546Kb lim: 4096 exec/s: 48715 rss: 706Mb L: 90/3749 MS: 1 EraseBytes-
#82350776	REDUCE cov: 3771 ft: 11977 corp: 5820/546Kb lim: 4096 exec/s: 48699 rss: 706Mb L: 137/3749 MS: 1 EraseBytes-
#82352248	REDUCE cov: 3771 ft: 11977 corp: 5820/546Kb lim: 4096 exec/s: 48700 rss: 706Mb L: 113/3749 MS: 2 ChangeByte-EraseBytes-
#82357804	REDUCE cov: 3771 ft: 11977 corp: 5820/546Kb lim: 4096 exec/s: 48703 rss: 706Mb L: 84/3749 MS: 1 EraseBytes-
#82368290	REDUCE cov: 3771 ft: 11977 corp: 5820/546Kb lim: 4096 exec/s: 48709 rss: 706Mb L: 106/3749 MS: 1 EraseBytes-
#82368366	REDUCE cov: 3771 ft: 11977 corp: 5820/546Kb lim: 4096 exec/s: 48709 rss: 706Mb L: 644/3749 MS: 1 EraseBytes-
#82373197	REDUCE cov: 3771 ft: 11977 corp: 5820/546Kb lim: 4096 exec/s: 48712 rss: 706Mb L: 246/3749 MS: 1 EraseBytes-
#82436848	REDUCE cov: 3771 ft: 11977 corp: 5820/546Kb lim: 4096 exec/s: 48692 rss: 706Mb L: 69/3749 MS: 1 EraseBytes-
#82442104	REDUCE cov: 3771 ft: 11977 corp: 5820/546Kb lim: 4096 exec/s: 48695 rss: 706Mb L: 46/3749 MS: 1 EraseBytes-
#82465880	REDUCE cov: 3771 ft: 11977 corp: 5820/546Kb lim: 4096 exec/s: 48709 rss: 706Mb L: 447/3749 MS: 1 EraseBytes-
#82483246	REDUCE cov: 3771 ft: 11977 corp: 5820/546Kb lim: 4096 exec/s: 48691 rss: 706Mb L: 143/3749 MS: 1 EraseBytes-
#82509832	REDUCE cov: 3771 ft: 11977 corp: 5820/546Kb lim: 4096 exec/s: 48707 rss: 706Mb L: 1451/3749 MS: 1 EraseBytes-
#82509993	REDUCE cov: 3771 ft: 11977 corp: 5820/546Kb lim: 4096 exec/s: 48707 rss: 706Mb L: 666/3749 MS: 1 EraseBytes-
#82515910	REDUCE cov: 3771 ft: 11977 corp: 5820/546Kb lim: 4096 exec/s: 48681 rss: 706Mb L: 217/3749 MS: 2 ChangeASCIIInt-EraseBytes-
#82518982	REDUCE cov: 3771 ft: 11977 corp: 5820/546Kb lim: 4096 exec/s: 48683 rss: 706Mb L: 350/3749 MS: 2 ChangeASCIIInt-EraseBytes-
#82521968	REDUCE cov: 3771 ft: 11977 corp: 5820/546Kb lim: 4096 exec/s: 48685 rss: 706Mb L: 897/3749 MS: 1 EraseBytes-
#82527840	REDUCE cov: 3771 ft: 11977 corp: 5820/546Kb lim: 4096 exec/s: 48688 rss: 706Mb L: 112/3749 MS: 2 ChangeASCIIInt-EraseBytes-
#82545618	REDUCE cov: 3771 ft: 11977 corp: 5820/546Kb lim: 4096 exec/s: 48670 rss: 706Mb L: 207/3749 MS: 3 ChangeASCIIInt-ChangeASCIIInt-EraseBytes-
#82549889	REDUCE cov: 3771 ft: 11977 corp: 5820/546Kb lim: 4096 exec/s: 48673 rss: 706Mb L: 138/3749 MS: 1 EraseBytes-
#82553665	REDUCE cov: 3771 ft: 11977 corp: 5820/546Kb lim: 4096 exec/s: 48675 rss: 706Mb L: 280/3749 MS: 1 EraseBytes-
#82607001	REDUCE cov: 3771 ft: 11977 corp: 5820/546Kb lim: 4096 exec/s: 48678 rss: 706Mb L: 840/3749 MS: 1 EraseBytes-
#82619432	REDUCE cov: 3771 ft: 11977 corp: 5820/546Kb lim: 4096 exec/s: 48656 rss: 706Mb L: 1338/3749 MS: 1 EraseBytes-
#82630443	REDUCE cov: 3771 ft: 11977 corp: 5820/546Kb lim: 4096 exec/s: 48663 rss: 706Mb L: 142/3749 MS: 1 EraseBytes-
#82650684	REDUCE cov: 3771 ft: 11977 corp: 5820/546Kb lim: 4096 exec/s: 48646 rss: 706Mb L: 51/3749 MS: 1 EraseBytes-
#82675755	REDUCE cov: 3771 ft: 11977 corp: 5820/546Kb lim: 4096 exec/s: 48661 rss: 706Mb L: 108/3749 MS: 1 EraseBytes-
#82676286	REDUCE cov: 3771 ft: 11977 corp: 5820/546Kb lim: 4096 exec/s: 48661 rss: 706Mb L: 418/3749 MS: 1 EraseBytes-
#82694412	REDUCE cov: 3771 ft: 11977 corp: 5820/546Kb lim: 4096 exec/s: 48643 rss: 706Mb L: 643/3749 MS: 1 EraseBytes-
#82708749	REDUCE cov: 3771 ft: 11977 corp: 5820/546Kb lim: 4096 exec/s: 48652 rss: 706Mb L: 666/3749 MS: 2 ShuffleBytes-EraseBytes-
#82713585	REDUCE cov: 3771 ft: 11977 corp: 5820/546Kb lim: 4096 exec/s: 48655 rss: 706Mb L: 558/3749 MS: 1 EraseBytes-
#82719311	REDUCE cov: 3771 ft: 11977 corp: 5820/546Kb lim: 4096 exec/s: 48658 rss: 706Mb L: 254/3749 MS: 1 EraseBytes-
#82747542	REDUCE cov: 3771 ft: 11977 corp: 5820/546Kb lim: 4096 exec/s: 48646 rss: 706Mb L: 128/3749 MS: 1 EraseBytes-
#82752134	REDUCE cov: 3771 ft: 11977 corp: 5820/546Kb lim: 4096 exec/s: 48649 rss: 706Mb L: 423/3749 MS: 2 CopyPart-EraseBytes-
#82772310	REDUCE cov: 3771 ft: 11977 corp: 5820/546Kb lim: 4096 exec/s: 48632 rss: 706Mb L: 41/3749 MS: 1 EraseBytes-
#82795292	REDUCE cov: 3771 ft: 11977 corp: 5820/546Kb lim: 4096 exec/s: 48645 rss: 706Mb L: 284/3749 MS: 2 ChangeASCIIInt-EraseBytes-
#82814848	REDUCE cov: 3771 ft: 11977 corp: 5820/546Kb lim: 4096 exec/s: 48628 rss: 706Mb L: 2475/3749 MS: 1 EraseBytes-
#82825915	REDUCE cov: 3771 ft: 11977 corp: 5820/546Kb lim: 4096 exec/s: 48635 rss: 706Mb L: 42/3749 MS: 2 PersAutoDict-EraseBytes- DE: "an%hored"-
#82849861	REDUCE cov: 3771 ft: 11977 corp: 5820/546Kb lim: 4096 exec/s: 48620 rss: 706Mb L: 476/3749 MS: 1 EraseBytes-
#82861332	REDUCE cov: 3771 ft: 11977 corp: 5820/546Kb lim: 4096 exec/s: 48627 rss: 706Mb L: 474/3749 MS: 1 EraseBytes-
#82867093	REDUCE cov: 3771 ft: 11977 corp: 5820/546Kb lim: 4096 exec/s: 48602 rss: 706Mb L: 16/3749 MS: 1 EraseBytes-
#82878534	REDUCE cov: 3771 ft: 11977 corp: 5820/546Kb lim: 4096 exec/s: 48609 rss: 706Mb L: 67/3749 MS: 1 EraseBytes-
#82878605	REDUCE cov: 3771 ft: 11977 corp: 5820/546Kb lim: 4096 exec/s: 48609 rss: 706Mb L: 124/3749 MS: 1 EraseBytes-
#82879472	REDUCE cov: 3771 ft: 11977 corp: 5820/546Kb lim: 4096 exec/s: 48609 rss: 706Mb L: 209/3749 MS: 2 ShuffleBytes-EraseBytes-
#82891873	REDUCE cov: 3771 ft: 11977 corp: 5820/546Kb lim: 4096 exec/s: 48616 rss: 706Mb L: 577/3749 MS: 1 EraseBytes-
#82907955	REDUCE cov: 3771 ft: 11977 corp: 5820/546Kb lim: 4096 exec/s: 48597 rss: 706Mb L: 672/3749 MS: 1 EraseBytes-
#82919022	REDUCE cov: 3771 ft: 11977 corp: 5820/546Kb lim: 4096 exec/s: 48604 rss: 706Mb L: 2268/3749 MS: 2 ChangeASCIIInt-EraseBytes-
#82942888	REDUCE cov: 3771 ft: 11977 corp: 5820/546Kb lim: 4096 exec/s: 48589 rss: 706Mb L: 244/3749 MS: 1 EraseBytes-
#82944944	REDUCE cov: 3771 ft: 11977 corp: 5820/546Kb lim: 4096 exec/s: 48591 rss: 706Mb L: 663/3749 MS: 1 EraseBytes-
#82945465	REDUCE cov: 3771 ft: 11977 corp: 5820/546Kb lim: 4096 exec/s: 48591 rss: 706Mb L: 416/3749 MS: 1 EraseBytes-
#82988606	REDUCE cov: 3771 ft: 11977 corp: 5820/546Kb lim: 4096 exec/s: 48588 rss: 706Mb L: 239/3749 MS: 1 EraseBytes-
#83001687	REDUCE cov: 3771 ft: 11977 corp: 5820/546Kb lim: 4096 exec/s: 48567 rss: 706Mb L: 105/3749 MS: 1 EraseBytes-
#83001719	REDUCE cov: 3771 ft: 11977 corp: 5820/546Kb lim: 4096 exec/s: 48567 rss: 706Mb L: 1309/3749 MS: 2 ChangeBit-EraseBytes-
#83039805	REDUCE cov: 3771 ft: 11977 corp: 5820/546Kb lim: 4096 exec/s: 48589 rss: 706Mb L: 1448/3749 MS: 1 EraseBytes-
#83043801	REDUCE cov: 3771 ft: 11977 corp: 5820/546Kb lim: 4096 exec/s: 48592 rss: 706Mb L: 246/3749 MS: 1 EraseBytes-
#83051063	REDUCE cov: 3771 ft: 11977 corp: 5820/546Kb lim: 4096 exec/s: 48596 rss: 706Mb L: 420/3749 MS: 2 PersAutoDict-EraseBytes- DE: "\377\377\377\377"-
#83069394	REDUCE cov: 3771 ft: 11977 corp: 5820/546Kb lim: 4096 exec/s: 48578 rss: 706Mb L: 72/3749 MS: 1 EraseBytes-
#83086540	REDUCE cov: 3771 ft: 11977 corp: 5820/546Kb lim: 4096 exec/s: 48560 rss: 706Mb L: 100/3749 MS: 1 EraseBytes-
#83111772	REDUCE cov: 3771 ft: 11977 corp: 5820/546Kb lim: 4096 exec/s: 48574 rss: 706Mb L: 62/3749 MS: 2 ShuffleBytes-EraseBytes-
#83146503	REDUCE cov: 3771 ft: 11977 corp: 5820/546Kb lim: 4096 exec/s: 48566 rss: 706Mb L: 148/3749 MS: 1 EraseBytes-
#83148754	REDUCE cov: 3771 ft: 11977 corp: 5820/546Kb lim: 4096 exec/s: 48568 rss: 706Mb L: 92/3749 MS: 1 EraseBytes-
#83154290	REDUCE cov: 3771 ft: 11977 corp: 5820/546Kb lim: 4096 exec/s: 48571 rss: 706Mb L: 1321/3749 MS: 1 EraseBytes-
#83223137	REDUCE cov: 3771 ft: 11977 corp: 5820/546Kb lim: 4096 exec/s: 48554 rss: 706Mb L: 2412/3749 MS: 2 ChangeByte-EraseBytes-
#83225443	REDUCE cov: 3771 ft: 11977 corp: 5820/546Kb lim: 4096 exec/s: 48556 rss: 706Mb L: 208/3749 MS: 1 EraseBytes-
#83256326	REDUCE cov: 3771 ft: 11977 corp: 5820/546Kb lim: 4096 exec/s: 48545 rss: 706Mb L: 230/3749 MS: 3 ChangeASCIIInt-ShuffleBytes-EraseBytes-
#83301164	REDUCE cov: 3771 ft: 11977 corp: 5820/546Kb lim: 4096 exec/s: 48572 rss: 706Mb L: 506/3749 MS: 3 ShuffleBytes-ChangeASCIIInt-EraseBytes-
#83351590	REDUCE cov: 3771 ft: 11977 corp: 5820/546Kb lim: 4096 exec/s: 48544 rss: 706Mb L: 349/3749 MS: 1 EraseBytes-
#83496512	REDUCE cov: 3771 ft: 11977 corp: 5820/546Kb lim: 4096 exec/s: 48516 rss: 706Mb L: 196/3749 MS: 2 CrossOver-EraseBytes-
#83497338	REDUCE cov: 3771 ft: 11977 corp: 5820/546Kb lim: 4096 exec/s: 48516 rss: 706Mb L: 976/3749 MS: 1 EraseBytes-
#83510864	REDUCE cov: 3771 ft: 11977 corp: 5820/546Kb lim: 4096 exec/s: 48524 rss: 706Mb L: 235/3749 MS: 1 EraseBytes-
#83523115	REDUCE cov: 3771 ft: 11977 corp: 5820/546Kb lim: 4096 exec/s: 48503 rss: 706Mb L: 181/3749 MS: 1 EraseBytes-
#83528886	REDUCE cov: 3771 ft: 11977 corp: 5820/546Kb lim: 4096 exec/s: 48506 rss: 706Mb L: 65/3749 MS: 1 EraseBytes-
#83579942	REDUCE cov: 3771 ft: 11977 corp: 5820/546Kb lim: 4096 exec/s: 48508 rss: 706Mb L: 343/3749 MS: 1 EraseBytes-
#83596968	REDUCE cov: 3771 ft: 11977 corp: 5820/546Kb lim: 4096 exec/s: 48518 rss: 706Mb L: 205/3749 MS: 1 EraseBytes-
#83694554	REDUCE cov: 3771 ft: 11977 corp: 5820/546Kb lim: 4096 exec/s: 48490 rss: 706Mb L: 2406/3749 MS: 1 EraseBytes-
#83707410	REDUCE cov: 3771 ft: 11977 corp: 5820/546Kb lim: 4096 exec/s: 48497 rss: 706Mb L: 234/3749 MS: 1 EraseBytes-
#83718892	REDUCE cov: 3771 ft: 11977 corp: 5820/546Kb lim: 4096 exec/s: 48504 rss: 706Mb L: 205/3749 MS: 2 ChangeASCIIInt-EraseBytes-
#83778468	REDUCE cov: 3771 ft: 11977 corp: 5820/546Kb lim: 4096 exec/s: 48510 rss: 706Mb L: 410/3749 MS: 1 EraseBytes-
#83787334	REDUCE cov: 3771 ft: 11977 corp: 5820/546Kb lim: 4096 exec/s: 48488 rss: 706Mb L: 2396/3749 MS: 1 EraseBytes-
#83804340	REDUCE cov: 3771 ft: 11977 corp: 5820/546Kb lim: 4096 exec/s: 48497 rss: 706Mb L: 576/3749 MS: 1 EraseBytes-
#83815227	REDUCE cov: 3771 ft: 11977 corp: 5820/546Kb lim: 4096 exec/s: 48476 rss: 706Mb L: 669/3749 MS: 2 ShuffleBytes-EraseBytes-
#83830648	REDUCE cov: 3771 ft: 11977 corp: 5820/546Kb lim: 4096 exec/s: 48485 rss: 706Mb L: 183/3749 MS: 1 EraseBytes-
#83860244	REDUCE cov: 3771 ft: 11977 corp: 5820/546Kb lim: 4096 exec/s: 48474 rss: 706Mb L: 839/3749 MS: 1 EraseBytes-
#83861215	REDUCE cov: 3771 ft: 11977 corp: 5820/546Kb lim: 4096 exec/s: 48474 rss: 706Mb L: 57/3749 MS: 1 EraseBytes-
#83862696	REDUCE cov: 3771 ft: 11977 corp: 5820/546Kb lim: 4096 exec/s: 48475 rss: 706Mb L: 360/3749 MS: 1 EraseBytes-
#83922137	REDUCE cov: 3771 ft: 11977 corp: 5820/546Kb lim: 4096 exec/s: 48481 rss: 706Mb L: 1299/3749 MS: 1 EraseBytes-
#83935393	REDUCE cov: 3771 ft: 11977 corp: 5820/546Kb lim: 4096 exec/s: 48461 rss: 706Mb L: 203/3749 MS: 1 EraseBytes-
#83971904	REDUCE cov: 3771 ft: 11977 corp: 5820/546Kb lim: 4096 exec/s: 48482 rss: 706Mb L: 48/3749 MS: 1 EraseBytes-
#83979490	REDUCE cov: 3771 ft: 11977 corp: 5820/546Kb lim: 4096 exec/s: 48459 rss: 706Mb L: 656/3749 MS: 1 EraseBytes-
#83987456	REDUCE cov: 3771 ft: 11977 corp: 5820/546Kb lim: 4096 exec/s: 48463 rss: 706Mb L: 99/3749 MS: 1 EraseBytes-
#84016027	REDUCE cov: 3771 ft: 11977 corp: 5820/546Kb lim: 4096 exec/s: 48480 rss: 706Mb L: 149/3749 MS: 1 EraseBytes-
#84048063	REDUCE cov: 3771 ft: 11977 corp: 5820/546Kb lim: 4096 exec/s: 48470 rss: 706Mb L: 1262/3749 MS: 1 EraseBytes-
#84067614	REDUCE cov: 3771 ft: 11977 corp: 5820/546Kb lim: 4096 exec/s: 48453 rss: 706Mb L: 187/3749 MS: 1 EraseBytes-
#84079515	REDUCE cov: 3771 ft: 11977 corp: 5820/546Kb lim: 4096 exec/s: 48460 rss: 706Mb L: 458/3749 MS: 1 EraseBytes-
#84085996	REDUCE cov: 3771 ft: 11977 corp: 5820/546Kb lim: 4096 exec/s: 48436 rss: 706Mb L: 667/3749 MS: 1 EraseBytes-
#84105022	REDUCE cov: 3771 ft: 11977 corp: 5820/546Kb lim: 4096 exec/s: 48447 rss: 706Mb L: 202/3749 MS: 1 EraseBytes-
#84168474	REDUCE cov: 3771 ft: 11977 corp: 5820/546Kb lim: 4096 exec/s: 48456 rss: 706Mb L: 314/3749 MS: 2 ChangeBit-EraseBytes-
#84201965	REDUCE cov: 3771 ft: 11977 corp: 5820/546Kb lim: 4096 exec/s: 48447 rss: 706Mb L: 457/3749 MS: 1 EraseBytes-
#84204152	REDUCE cov: 3771 ft: 11977 corp: 5820/546Kb lim: 4096 exec/s: 48448 rss: 706Mb L: 650/3749 MS: 2 ChangeByte-EraseBytes-
#84245328	REDUCE cov: 3771 ft: 11977 corp: 5820/546Kb lim: 4096 exec/s: 48444 rss: 706Mb L: 90/3749 MS: 1 EraseBytes-
#84247134	REDUCE cov: 3771 ft: 11977 corp: 5820/546Kb lim: 4096 exec/s: 48445 rss: 706Mb L: 1832/3749 MS: 1 EraseBytes-
#84250265	REDUCE cov: 3771 ft: 11977 corp: 5820/546Kb lim: 4096 exec/s: 48447 rss: 706Mb L: 312/3749 MS: 1 EraseBytes-
#84266582	REDUCE cov: 3771 ft: 11977 corp: 5820/546Kb lim: 4096 exec/s: 48429 rss: 706Mb L: 2473/3749 MS: 1 EraseBytes-
#84274713	REDUCE cov: 3771 ft: 11977 corp: 5820/546Kb lim: 4096 exec/s: 48433 rss: 706Mb L: 186/3749 MS: 1 EraseBytes-
#84319651	REDUCE cov: 3771 ft: 11977 corp: 5820/546Kb lim: 4096 exec/s: 48431 rss: 706Mb L: 1254/3749 MS: 3 CopyPart-ChangeBit-EraseBytes-
#84320192	REDUCE cov: 3771 ft: 11977 corp: 5820/546Kb lim: 4096 exec/s: 48432 rss: 706Mb L: 201/3749 MS: 1 EraseBytes-
#84320453	REDUCE cov: 3771 ft: 11977 corp: 5820/546Kb lim: 4096 exec/s: 48432 rss: 706Mb L: 184/3749 MS: 1 EraseBytes-
#84320944	REDUCE cov: 3771 ft: 11977 corp: 5820/546Kb lim: 4096 exec/s: 48432 rss: 706Mb L: 471/3749 MS: 1 EraseBytes-
#84364450	REDUCE cov: 3771 ft: 11977 corp: 5820/546Kb lim: 4096 exec/s: 48429 rss: 706Mb L: 453/3749 MS: 1 EraseBytes-
#84376756	REDUCE cov: 3771 ft: 11977 corp: 5820/546Kb lim: 4096 exec/s: 48436 rss: 706Mb L: 245/3749 MS: 1 EraseBytes-
#84390608	REDUCE cov: 3771 ft: 11977 corp: 5820/546Kb lim: 4096 exec/s: 48416 rss: 706Mb L: 60/3749 MS: 2 CrossOver-EraseBytes-
#84391319	REDUCE cov: 3771 ft: 11977 corp: 5820/545Kb lim: 4096 exec/s: 48417 rss: 706Mb L: 798/3749 MS: 1 EraseBytes-
#84453395	REDUCE cov: 3771 ft: 11977 corp: 5820/545Kb lim: 4096 exec/s: 48425 rss: 706Mb L: 281/3749 MS: 1 EraseBytes-
#84457361	REDUCE cov: 3771 ft: 11977 corp: 5820/545Kb lim: 4096 exec/s: 48427 rss: 706Mb L: 41/3749 MS: 1 EraseBytes-
#84457542	REDUCE cov: 3771 ft: 11977 corp: 5820/545Kb lim: 4096 exec/s: 48427 rss: 706Mb L: 311/3749 MS: 1 EraseBytes-
#84460283	REDUCE cov: 3771 ft: 11977 corp: 5820/545Kb lim: 4096 exec/s: 48429 rss: 706Mb L: 204/3749 MS: 1 EraseBytes-
#84497409	REDUCE cov: 3771 ft: 11977 corp: 5820/545Kb lim: 4096 exec/s: 48422 rss: 706Mb L: 182/3749 MS: 1 EraseBytes-
#84535955	REDUCE cov: 3771 ft: 11977 corp: 5820/545Kb lim: 4096 exec/s: 48416 rss: 706Mb L: 337/3749 MS: 1 EraseBytes-
#84553296	REDUCE cov: 3771 ft: 11977 corp: 5820/545Kb lim: 4096 exec/s: 48426 rss: 706Mb L: 331/3749 MS: 1 EraseBytes-
#84562428	REDUCE cov: 3771 ft: 11977 corp: 5820/545Kb lim: 4096 exec/s: 48404 rss: 706Mb L: 466/3749 MS: 1 EraseBytes-
#84575204	REDUCE cov: 3771 ft: 11977 corp: 5820/545Kb lim: 4096 exec/s: 48411 rss: 706Mb L: 3206/3749 MS: 1 EraseBytes-
#84597796	REDUCE cov: 3771 ft: 11977 corp: 5820/545Kb lim: 4096 exec/s: 48424 rss: 706Mb L: 203/3749 MS: 2 ChangeASCIIInt-EraseBytes-
#84603282	REDUCE cov: 3771 ft: 11977 corp: 5820/545Kb lim: 4096 exec/s: 48427 rss: 706Mb L: 439/3749 MS: 1 EraseBytes-
#84636625	REDUCE cov: 3771 ft: 11977 corp: 5820/545Kb lim: 4096 exec/s: 48419 rss: 706Mb L: 1814/3749 MS: 2 PersAutoDict-EraseBytes- DE: "add-relation"-
#84712537	REDUCE cov: 3771 ft: 11977 corp: 5820/545Kb lim: 4096 exec/s: 48407 rss: 706Mb L: 43/3749 MS: 2 InsertByte-EraseBytes-
#84749013	REDUCE cov: 3771 ft: 11977 corp: 5820/545Kb lim: 4096 exec/s: 48400 rss: 706Mb L: 422/3749 MS: 1 EraseBytes-
#84749555	REDUCE cov: 3771 ft: 11977 corp: 5820/545Kb lim: 4096 exec/s: 48400 rss: 706Mb L: 1418/3749 MS: 2 ChangeBinInt-EraseBytes-
#84751826	REDUCE cov: 3771 ft: 11977 corp: 5820/545Kb lim: 4096 exec/s: 48401 rss: 706Mb L: 182/3749 MS: 1 EraseBytes-
#84777267	REDUCE cov: 3771 ft: 11977 corp: 5820/545Kb lim: 4096 exec/s: 48416 rss: 706Mb L: 83/3749 MS: 1 EraseBytes-
#84790418	REDUCE cov: 3771 ft: 11977 corp: 5820/545Kb lim: 4096 exec/s: 48396 rss: 706Mb L: 200/3749 MS: 1 EraseBytes-
#84807324	REDUCE cov: 3771 ft: 11977 corp: 5820/545Kb lim: 4096 exec/s: 48406 rss: 706Mb L: 135/3749 MS: 1 EraseBytes-
#84809335	REDUCE cov: 3771 ft: 11977 corp: 5820/545Kb lim: 4096 exec/s: 48407 rss: 706Mb L: 50/3749 MS: 1 EraseBytes-
#84849446	REDUCE cov: 3771 ft: 11977 corp: 5820/545Kb lim: 4096 exec/s: 48402 rss: 706Mb L: 3309/3749 MS: 1 EraseBytes-
#84861597	REDUCE cov: 3771 ft: 11977 corp: 5820/545Kb lim: 4096 exec/s: 48381 rss: 706Mb L: 330/3749 MS: 1 EraseBytes-
#84952168	REDUCE cov: 3771 ft: 11977 corp: 5820/545Kb lim: 4096 exec/s: 48378 rss: 706Mb L: 568/3749 MS: 1 EraseBytes-
#84989909	REDUCE cov: 3771 ft: 11977 corp: 5820/545Kb lim: 4096 exec/s: 48372 rss: 706Mb L: 896/3749 MS: 1 EraseBytes-
#84994777	REDUCE cov: 3771 ft: 11977 corp: 5820/545Kb lim: 4096 exec/s: 48374 rss: 706Mb L: 1500/3749 MS: 3 ShuffleBytes-ChangeASCIIInt-EraseBytes-
#85016918	REDUCE cov: 3771 ft: 11977 corp: 5820/545Kb lim: 4096 exec/s: 48387 rss: 706Mb L: 181/3749 MS: 1 EraseBytes-
#85028299	REDUCE cov: 3771 ft: 11977 corp: 5820/545Kb lim: 4096 exec/s: 48366 rss: 706Mb L: 402/3749 MS: 1 EraseBytes-
#85039500	REDUCE cov: 3771 ft: 11977 corp: 5820/545Kb lim: 4096 exec/s: 48372 rss: 706Mb L: 125/3749 MS: 1 EraseBytes-
#85068913	REDUCE cov: 3771 ft: 11977 corp: 5820/545Kb lim: 4096 exec/s: 48362 rss: 706Mb L: 661/3749 MS: 3 ShuffleBytes-ChangeASCIIInt-EraseBytes-
#85083745	REDUCE cov: 3771 ft: 11977 corp: 5820/545Kb lim: 4096 exec/s: 48370 rss: 706Mb L: 1033/3749 MS: 2 EraseBytes-ChangeBinInt-
#85085251	REDUCE cov: 3771 ft: 11977 corp: 5820/545Kb lim: 4096 exec/s: 48371 rss: 706Mb L: 58/3749 MS: 1 EraseBytes-
#85099182	REDUCE cov: 3771 ft: 11977 corp: 5820/545Kb lim: 4096 exec/s: 48351 rss: 706Mb L: 134/3749 MS: 1 EraseBytes-
#85110013	REDUCE cov: 3771 ft: 11977 corp: 5820/545Kb lim: 4096 exec/s: 48357 rss: 706Mb L: 1187/3749 MS: 1 EraseBytes-
#85129474	REDUCE cov: 3771 ft: 11977 corp: 5820/545Kb lim: 4096 exec/s: 48369 rss: 706Mb L: 328/3749 MS: 1 EraseBytes-
#85138093	REDUCE cov: 3771 ft: 11977 corp: 5820/545Kb lim: 4096 exec/s: 48373 rss: 706Mb L: 2391/3749 MS: 4 ChangeASCIIInt-ChangeBit-ChangeBit-EraseBytes-
#85139604	REDUCE cov: 3771 ft: 11977 corp: 5820/545Kb lim: 4096 exec/s: 48374 rss: 706Mb L: 639/3749 MS: 1 EraseBytes-
#85145238	REDUCE cov: 3771 ft: 11977 corp: 5820/545Kb lim: 4096 exec/s: 48377 rss: 706Mb L: 836/3749 MS: 4 ChangeASCIIInt-ShuffleBytes-ChangeBinInt-EraseBytes-
#85158934	REDUCE cov: 3771 ft: 11977 corp: 5820/545Kb lim: 4096 exec/s: 48358 rss: 706Mb L: 179/3749 MS: 1 EraseBytes-
#85191575	REDUCE cov: 3771 ft: 11977 corp: 5820/545Kb lim: 4096 exec/s: 48376 rss: 706Mb L: 797/3749 MS: 1 EraseBytes-
#85200836	REDUCE cov: 3771 ft: 11977 corp: 5820/545Kb lim: 4096 exec/s: 48354 rss: 706Mb L: 2388/3749 MS: 1 EraseBytes-
#85206357	REDUCE cov: 3771 ft: 11977 corp: 5820/545Kb lim: 4096 exec/s: 48357 rss: 706Mb L: 64/3749 MS: 1 EraseBytes-
#85244289	REDUCE cov: 3771 ft: 11977 corp: 5820/545Kb lim: 4096 exec/s: 48351 rss: 706Mb L: 243/3749 MS: 1 EraseBytes-
#85250625	REDUCE cov: 3771 ft: 11977 corp: 5820/545Kb lim: 4096 exec/s: 48355 rss: 706Mb L: 1009/3749 MS: 1 EraseBytes-
#85273081	REDUCE cov: 3771 ft: 11977 corp: 5820/545Kb lim: 4096 exec/s: 48368 rss: 706Mb L: 325/3749 MS: 1 EraseBytes-
#85289062	REDUCE cov: 3771 ft: 11977 corp: 5820/545Kb lim: 4096 exec/s: 48349 rss: 706Mb L: 2406/3749 MS: 1 EraseBytes-
#85301433	REDUCE cov: 3771 ft: 11977 corp: 5820/545Kb lim: 4096 exec/s: 48356 rss: 706Mb L: 328/3749 MS: 1 EraseBytes-
#85324704	REDUCE cov: 3771 ft: 11977 corp: 5820/545Kb lim: 4096 exec/s: 48370 rss: 706Mb L: 1411/3749 MS: 1 EraseBytes-
#85328615	REDUCE cov: 3771 ft: 11977 corp: 5820/545Kb lim: 4096 exec/s: 48372 rss: 706Mb L: 199/3749 MS: 1 EraseBytes-
#85368906	REDUCE cov: 3771 ft: 11977 corp: 5820/545Kb lim: 4096 exec/s: 48367 rss: 706Mb L: 162/3749 MS: 1 EraseBytes-
#85378817	REDUCE cov: 3771 ft: 11977 corp: 5820/545Kb lim: 4096 exec/s: 48345 rss: 706Mb L: 44/3749 MS: 1 EraseBytes-
#85379980	REDUCE cov: 3771 ft: 11977 corp: 5820/545Kb lim: 4096 exec/s: 48346 rss: 706Mb L: 1792/3749 MS: 3 ChangeASCIIInt-ChangeBit-EraseBytes-
#85387076	REDUCE cov: 3771 ft: 11977 corp: 5820/545Kb lim: 4096 exec/s: 48350 rss: 706Mb L: 251/3749 MS: 1 EraseBytes-
#85390922	REDUCE cov: 3771 ft: 11977 corp: 5820/545Kb lim: 4096 exec/s: 48352 rss: 706Mb L: 647/3749 MS: 1 EraseBytes-
#85392873	REDUCE cov: 3771 ft: 11977 corp: 5820/545Kb lim: 4096 exec/s: 48353 rss: 706Mb L: 464/3749 MS: 1 EraseBytes-
#85411004	REDUCE cov: 3771 ft: 11977 corp: 5820/545Kb lim: 4096 exec/s: 48336 rss: 706Mb L: 463/3749 MS: 1 EraseBytes-
#85431441	REDUCE cov: 3771 ft: 11977 corp: 5820/545Kb lim: 4096 exec/s: 48348 rss: 706Mb L: 461/3749 MS: 2 ShuffleBytes-EraseBytes-
#85434777	REDUCE cov: 3771 ft: 11977 corp: 5820/545Kb lim: 4096 exec/s: 48350 rss: 706Mb L: 655/3749 MS: 1 EraseBytes-
#85477490	REDUCE cov: 3771 ft: 11977 corp: 5820/545Kb lim: 4096 exec/s: 48346 rss: 706Mb L: 2382/3749 MS: 1 EraseBytes-
#85477506	REDUCE cov: 3771 ft: 11977 corp: 5820/545Kb lim: 4096 exec/s: 48347 rss: 706Mb L: 280/3749 MS: 1 EraseBytes-
#85482483	REDUCE cov: 3771 ft: 11977 corp: 5820/545Kb lim: 4096 exec/s: 48349 rss: 706Mb L: 570/3749 MS: 2 ChangeBinInt-EraseBytes-
#85483369	REDUCE cov: 3771 ft: 11977 corp: 5820/545Kb lim: 4096 exec/s: 48350 rss: 706Mb L: 198/3749 MS: 1 EraseBytes-
#85494170	REDUCE cov: 3771 ft: 11977 corp: 5820/545Kb lim: 4096 exec/s: 48329 rss: 706Mb L: 2522/3749 MS: 1 EraseBytes-
#85530652	REDUCE cov: 3771 ft: 11977 corp: 5820/545Kb lim: 4096 exec/s: 48322 rss: 706Mb L: 1396/3749 MS: 1 EraseBytes-
#85536043	REDUCE cov: 3771 ft: 11977 corp: 5820/545Kb lim: 4096 exec/s: 48325 rss: 706Mb L: 252/3749 MS: 1 EraseBytes-
#85577995	REDUCE cov: 3771 ft: 11977 corp: 5820/545Kb lim: 4096 exec/s: 48321 rss: 706Mb L: 164/3749 MS: 2 ChangeByte-EraseBytes-
#85580041	REDUCE cov: 3771 ft: 11977 corp: 5820/545Kb lim: 4096 exec/s: 48323 rss: 706Mb L: 276/3749 MS: 1 EraseBytes-
#85609103	REDUCE cov: 3771 ft: 11977 corp: 5820/545Kb lim: 4096 exec/s: 48339 rss: 706Mb L: 25/3749 MS: 2 ShuffleBytes-EraseBytes-
#85667464	REDUCE cov: 3771 ft: 11977 corp: 5820/545Kb lim: 4096 exec/s: 48317 rss: 706Mb L: 2266/3749 MS: 1 EraseBytes-
#85695355	REDUCE cov: 3771 ft: 11977 corp: 5820/545Kb lim: 4096 exec/s: 48306 rss: 706Mb L: 481/3749 MS: 1 EraseBytes-
#85719716	REDUCE cov: 3771 ft: 11977 corp: 5820/545Kb lim: 4096 exec/s: 48320 rss: 706Mb L: 612/3749 MS: 1 EraseBytes-
#85737272	REDUCE cov: 3771 ft: 11977 corp: 5820/545Kb lim: 4096 exec/s: 48302 rss: 706Mb L: 62/3749 MS: 1 EraseBytes-
#85777248	REDUCE cov: 3771 ft: 11977 corp: 5820/545Kb lim: 4096 exec/s: 48298 rss: 706Mb L: 82/3749 MS: 1 EraseBytes-
#85788179	REDUCE cov: 3771 ft: 11977 corp: 5820/545Kb lim: 4096 exec/s: 48304 rss: 706Mb L: 202/3749 MS: 1 EraseBytes-
#85792225	REDUCE cov: 3771 ft: 11977 corp: 5820/545Kb lim: 4096 exec/s: 48306 rss: 706Mb L: 749/3749 MS: 1 EraseBytes-
#85798766	REDUCE cov: 3771 ft: 11977 corp: 5820/545Kb lim: 4096 exec/s: 48310 rss: 706Mb L: 2515/3749 MS: 1 EraseBytes-
#85819618	REDUCE cov: 3771 ft: 11977 corp: 5820/545Kb lim: 4096 exec/s: 48294 rss: 706Mb L: 196/3749 MS: 2 ShuffleBytes-EraseBytes-
#85838904	REDUCE cov: 3771 ft: 11977 corp: 5820/545Kb lim: 4096 exec/s: 48305 rss: 706Mb L: 938/3749 MS: 1 EraseBytes-
#85863290	REDUCE cov: 3771 ft: 11977 corp: 5820/545Kb lim: 4096 exec/s: 48292 rss: 706Mb L: 459/3749 MS: 1 EraseBytes-
#85872017	REDUCE cov: 3771 ft: 11977 corp: 5820/545Kb lim: 4096 exec/s: 48296 rss: 706Mb L: 1252/3749 MS: 2 ShuffleBytes-EraseBytes-
#85894328	REDUCE cov: 3771 ft: 11977 corp: 5820/545Kb lim: 4096 exec/s: 48282 rss: 706Mb L: 166/3749 MS: 1 EraseBytes-
#85895579	REDUCE cov: 3771 ft: 11977 corp: 5820/545Kb lim: 4096 exec/s: 48283 rss: 706Mb L: 565/3749 MS: 1 EraseBytes-
#85896905	REDUCE cov: 3771 ft: 11977 corp: 5820/545Kb lim: 4096 exec/s: 48283 rss: 706Mb L: 74/3749 MS: 1 EraseBytes-
#85909238	REDUCE cov: 3771 ft: 11977 corp: 5820/545Kb lim: 4096 exec/s: 48290 rss: 706Mb L: 796/3749 MS: 3 ChangeBinInt-ChangeASCIIInt-EraseBytes-
#85971404	REDUCE cov: 3771 ft: 11977 corp: 5820/545Kb lim: 4096 exec/s: 48271 rss: 706Mb L: 272/3749 MS: 1 EraseBytes-
#85993175	REDUCE cov: 3771 ft: 11977 corp: 5820/545Kb lim: 4096 exec/s: 48283 rss: 706Mb L: 178/3749 MS: 1 EraseBytes-
#86003892	REDUCE cov: 3771 ft: 11977 corp: 5820/545Kb lim: 4096 exec/s: 48262 rss: 706Mb L: 327/3749 MS: 2 InsertByte-EraseBytes-
#86012173	REDUCE cov: 3771 ft: 11977 corp: 5820/545Kb lim: 4096 exec/s: 48267 rss: 706Mb L: 1376/3749 MS: 1 EraseBytes-
#86024189	REDUCE cov: 3771 ft: 11977 corp: 5820/545Kb lim: 4096 exec/s: 48273 rss: 706Mb L: 194/3749 MS: 1 EraseBytes-
#86026620	REDUCE cov: 3771 ft: 11977 corp: 5820/545Kb lim: 4096 exec/s: 48275 rss: 706Mb L: 185/3749 MS: 1 EraseBytes-
#86028572	REDUCE cov: 3771 ft: 11977 corp: 5820/545Kb lim: 4096 exec/s: 48276 rss: 706Mb L: 61/3749 MS: 2 ChangeBinInt-EraseBytes-
#86030188	REDUCE cov: 3771 ft: 11977 corp: 5820/545Kb lim: 4096 exec/s: 48277 rss: 706Mb L: 801/3749 MS: 1 EraseBytes-
#86057599	REDUCE cov: 3771 ft: 11977 corp: 5820/545Kb lim: 4096 exec/s: 48292 rss: 706Mb L: 2403/3749 MS: 1 EraseBytes-
#86089795	REDUCE cov: 3771 ft: 11977 corp: 5820/545Kb lim: 4096 exec/s: 48283 rss: 706Mb L: 654/3749 MS: 1 EraseBytes-
#86143041	REDUCE cov: 3771 ft: 11977 corp: 5820/545Kb lim: 4096 exec/s: 48286 rss: 706Mb L: 564/3749 MS: 1 EraseBytes-
#86143282	REDUCE cov: 3771 ft: 11977 corp: 5820/545Kb lim: 4096 exec/s: 48286 rss: 706Mb L: 326/3749 MS: 1 EraseBytes-
#86159638	REDUCE cov: 3771 ft: 11977 corp: 5820/545Kb lim: 4096 exec/s: 48268 rss: 706Mb L: 270/3749 MS: 1 EraseBytes-
#86209170	REDUCE cov: 3771 ft: 11977 corp: 5820/545Kb lim: 4096 exec/s: 48269 rss: 706Mb L: 984/3749 MS: 2 ChangeBit-EraseBytes-
#86228259	REDUCE cov: 3771 ft: 11977 corp: 5820/545Kb lim: 4096 exec/s: 48280 rss: 706Mb L: 1222/3749 MS: 4 ChangeBinInt-ChangeASCIIInt-CopyPart-EraseBytes-
#86240701	REDUCE cov: 3771 ft: 11977 corp: 5820/545Kb lim: 4096 exec/s: 48287 rss: 706Mb L: 251/3749 MS: 2 ChangeASCIIInt-EraseBytes-
#86260662	REDUCE cov: 3771 ft: 11977 corp: 5820/545Kb lim: 4096 exec/s: 48271 rss: 706Mb L: 325/3749 MS: 1 EraseBytes-
#86328764	REDUCE cov: 3771 ft: 11977 corp: 5820/545Kb lim: 4096 exec/s: 48255 rss: 706Mb L: 1150/3749 MS: 2 ChangeASCIIInt-EraseBytes-
#86343715	REDUCE cov: 3771 ft: 11977 corp: 5820/545Kb lim: 4096 exec/s: 48263 rss: 706Mb L: 193/3749 MS: 1 EraseBytes-
#86344346	REDUCE cov: 3771 ft: 11977 corp: 5820/545Kb lim: 4096 exec/s: 48264 rss: 706Mb L: 241/3749 MS: 1 EraseBytes-
#86349632	REDUCE cov: 3771 ft: 11977 corp: 5820/545Kb lim: 4096 exec/s: 48266 rss: 706Mb L: 123/3749 MS: 1 EraseBytes-
#86375518	REDUCE cov: 3771 ft: 11977 corp: 5820/545Kb lim: 4096 exec/s: 48254 rss: 706Mb L: 64/3749 MS: 1 EraseBytes-
#86382844	REDUCE cov: 3771 ft: 11977 corp: 5820/545Kb lim: 4096 exec/s: 48258 rss: 706Mb L: 176/3749 MS: 1 EraseBytes-
#86401255	REDUCE cov: 3771 ft: 11977 corp: 5820/545Kb lim: 4096 exec/s: 48268 rss: 706Mb L: 1255/3749 MS: 1 EraseBytes-
#86492276	REDUCE cov: 3771 ft: 11977 corp: 5820/545Kb lim: 4096 exec/s: 48265 rss: 706Mb L: 250/3749 MS: 1 EraseBytes-
#86494702	REDUCE cov: 3771 ft: 11977 corp: 5820/545Kb lim: 4096 exec/s: 48267 rss: 706Mb L: 174/3749 MS: 1 EraseBytes-
#86526358	REDUCE cov: 3771 ft: 11977 corp: 5820/545Kb lim: 4096 exec/s: 48257 rss: 706Mb L: 147/3749 MS: 1 EraseBytes-
#86553348	REDUCE cov: 3771 ft: 11977 corp: 5820/545Kb lim: 4096 exec/s: 48272 rss: 706Mb L: 2638/3749 MS: 4 ChangeByte-ChangeASCIIInt-ChangeASCIIInt-EraseBytes-
#86555259	REDUCE cov: 3771 ft: 11977 corp: 5820/545Kb lim: 4096 exec/s: 48273 rss: 706Mb L: 123/3749 MS: 1 EraseBytes-
#86587306	REDUCE cov: 3771 ft: 11977 corp: 5820/545Kb lim: 4096 exec/s: 48264 rss: 706Mb L: 162/3749 MS: 2 ShuffleBytes-EraseBytes-
#86593108	REDUCE cov: 3771 ft: 11977 corp: 5820/545Kb lim: 4096 exec/s: 48268 rss: 706Mb L: 268/3749 MS: 2 ChangeASCIIInt-EraseBytes-
#86623157	REDUCE cov: 3771 ft: 11977 corp: 5820/545Kb lim: 4096 exec/s: 48258 rss: 706Mb L: 984/3749 MS: 4 CMP-PersAutoDict-ChangeASCIIInt-EraseBytes- DE: "zC"-"node"-
#86770599	REDUCE cov: 3771 ft: 11977 corp: 5820/545Kb lim: 4096 exec/s: 48259 rss: 706Mb L: 2379/3749 MS: 2 ShuffleBytes-EraseBytes-
#86771400	REDUCE cov: 3771 ft: 11977 corp: 5820/545Kb lim: 4096 exec/s: 48259 rss: 706Mb L: 772/3749 MS: 1 EraseBytes-
#86773576	REDUCE cov: 3771 ft: 11977 corp: 5820/545Kb lim: 4096 exec/s: 48261 rss: 706Mb L: 324/3749 MS: 1 EraseBytes-
#86780707	REDUCE cov: 3771 ft: 11977 corp: 5820/545Kb lim: 4096 exec/s: 48265 rss: 706Mb L: 191/3749 MS: 1 EraseBytes-
#86786123	REDUCE cov: 3771 ft: 11977 corp: 5820/545Kb lim: 4096 exec/s: 48268 rss: 706Mb L: 2399/3749 MS: 1 EraseBytes-
#86799074	REDUCE cov: 3771 ft: 11977 corp: 5820/545Kb lim: 4096 exec/s: 48248 rss: 706Mb L: 322/3749 MS: 1 EraseBytes-
#86827636	REDUCE cov: 3771 ft: 11977 corp: 5820/545Kb lim: 4096 exec/s: 48237 rss: 706Mb L: 660/3749 MS: 1 EraseBytes-
#86843802	REDUCE cov: 3771 ft: 11977 corp: 5820/545Kb lim: 4096 exec/s: 48246 rss: 706Mb L: 640/3749 MS: 1 EraseBytes-
#86878702	DONE   cov: 3771 ft: 11977 corp: 5820/545Kb lim: 4096 exec/s: 48239 rss: 706Mb
###### Recommended dictionary. ######
"\001\000\000\000\000\000\000\327" # Uses: 406462
"\001\000\000\000\000\000\0006" # Uses: 395609
"parmnt" # Uses: 379608
"paps" # Uses: 376142
"ops" # Uses: 377861
"an%hored" # Uses: 360259
"plugin" # Uses: 360895
"4\000\000\000" # Uses: 349890
"&:" # Uses: 326405
"\375\377\377\377\377\377\377\377" # Uses: 313557
"\000\000\000\000" # Uses: 298681
"origin" # Uses: 294117
"id" # Uses: 284199
"node" # Uses: 226989
"create-nod&::[{" # Uses: 216783
"\376\377\377\311" # Uses: 222664
"\013\000\000\000" # Uses: 214911
"\376\377\377\371" # Uses: 188776
"\377\377\377\377" # Uses: 182143
"move-chlid" # Uses: 156904
"\000\000\021\000" # Uses: 157370
"\377\377" # Uses: 133966
"'////" # Uses: 125334
"inverse" # Uses: 122821
"\017\000\000\000\000\000\000\000" # Uses: 119232
"add-relatdon" # Uses: 115065
"\010\000\000\000" # Uses: 117316
"kind" # Uses: 97750
"\007\000\000\000" # Uses: 91373
"\001\000\000\000\000\000\000i" # Uses: 81056
"anchored" # Uses: 74278
"e\000\000\000" # Uses: 73858
"\376\377\377\377\377\377\377\377" # Uses: 50690
"anchor" # Uses: 50767
"\002\000\000\000\000\000\000\000" # Uses: 50126
"\377\377\020\000" # Uses: 50233
"\005\000\000\000\000\000\000\000" # Uses: 46571
"\366\377\377\377" # Uses: 46195
"\376\377\377\377" # Uses: 38796
"parent" # Uses: 37630
"\366\001\000\000\000\000\000\000" # Uses: 32771
"add-relation" # Uses: 30802
"\000\000" # Uses: 10601
"zC" # Uses: 495
###### End of recommended dictionary. ######
Done 86878702 runs in 1801 second(s)
stat::number_of_executed_units: 86878702
stat::average_exec_per_sec:     48239
stat::new_units_added:          4880
stat::slowest_unit_time_sec:    0
stat::peak_rss_mb:              706
