252066 openat(AT_FDCWD, "/etc/ld.so.cache", O_RDONLY|O_CLOEXEC) = 3
252066 openat(AT_FDCWD, "/usr/lib/liblzma.so.5", O_RDONLY|O_CLOEXEC) = 3
252066 openat(AT_FDCWD, "/usr/lib/libzstd.so.1", O_RDONLY|O_CLOEXEC) = 3
252066 openat(AT_FDCWD, "/usr/lib/libgcc_s.so.1", O_RDONLY|O_CLOEXEC) = 3
252066 openat(AT_FDCWD, "/usr/lib/libm.so.6", O_RDONLY|O_CLOEXEC) = 3
252066 openat(AT_FDCWD, "/usr/lib/libc.so.6", O_RDONLY|O_CLOEXEC) = 3
252066 openat(AT_FDCWD, "/proc/self/maps", O_RDONLY|O_CLOEXEC) = 3
252066 openat(AT_FDCWD, "/proc/self/cgroup", O_RDONLY|O_CLOEXEC) = 3
252066 openat(AT_FDCWD, "/sys/fs/cgroup/user.slice/user-1000.slice/user@1000.service/app.slice/app-codex-desktop-30945.scope/cpu.max", O_RDONLY|O_CLOEXEC) = 3
252066 openat(AT_FDCWD, "/sys/fs/cgroup/user.slice/user-1000.slice/user@1000.service/app.slice/cpu.max", O_RDONLY|O_CLOEXEC) = 3
252066 openat(AT_FDCWD, "/sys/fs/cgroup/user.slice/user-1000.slice/user@1000.service/cpu.max", O_RDONLY|O_CLOEXEC) = 3
252066 openat(AT_FDCWD, "/sys/fs/cgroup/user.slice/user-1000.slice/cpu.max", O_RDONLY|O_CLOEXEC) = 3
252066 openat(AT_FDCWD, "/sys/fs/cgroup/user.slice/cpu.max", O_RDONLY|O_CLOEXEC) = 3
252066 openat(AT_FDCWD, "/sys/fs/cgroup/cpu.max", O_RDONLY|O_CLOEXEC) = -1 ENOENT (No such file or directory)
252066 openat(AT_FDCWD, "/home/brianklam/.rustup/settings.toml", O_RDONLY|O_CLOEXEC) = 6
252066 openat(AT_FDCWD, "/etc/rustup/settings.toml", O_RDONLY|O_CLOEXEC) = -1 ENOENT (No such file or directory)
252091 openat(AT_FDCWD, "/sys/devices/system/cpu/online", O_RDONLY|O_CLOEXEC) = 6
252066 openat(AT_FDCWD, "/home/brianklam/.rustup/toolchains", O_RDONLY|O_CLOEXEC) = 6
252066 openat(6, "nightly-x86_64-unknown-linux-gnu", O_RDONLY|O_NOCTTY|O_CLOEXEC) = 7
252092 +++ exited with 0 +++
252093 +++ exited with 0 +++
252090 +++ exited with 0 +++
252087 +++ exited with 0 +++
252089 +++ exited with 0 +++
252088 +++ exited with 0 +++
252091 +++ exited with 0 +++
252094 +++ exited with 0 +++
252066 openat(AT_FDCWD, "/etc/ld.so.cache", O_RDONLY|O_CLOEXEC) = 3
252066 openat(AT_FDCWD, "/home/brianklam/.rustup/toolchains/nightly-x86_64-unknown-linux-gnu/lib/glibc-hwcaps/x86-64-v3/libdl.so.2", O_RDONLY|O_CLOEXEC) = -1 ENOENT (No such file or directory)
252066 openat(AT_FDCWD, "/home/brianklam/.rustup/toolchains/nightly-x86_64-unknown-linux-gnu/lib/glibc-hwcaps/x86-64-v2/libdl.so.2", O_RDONLY|O_CLOEXEC) = -1 ENOENT (No such file or directory)
252066 openat(AT_FDCWD, "/home/brianklam/.rustup/toolchains/nightly-x86_64-unknown-linux-gnu/lib/libdl.so.2", O_RDONLY|O_CLOEXEC) = -1 ENOENT (No such file or directory)
252066 openat(AT_FDCWD, "/home/brianklam/.rustup/toolchains/nightly-x86_64-unknown-linux-gnu/bin/../lib/glibc-hwcaps/x86-64-v3/libdl.so.2", O_RDONLY|O_CLOEXEC) = -1 ENOENT (No such file or directory)
252066 openat(AT_FDCWD, "/home/brianklam/.rustup/toolchains/nightly-x86_64-unknown-linux-gnu/bin/../lib/glibc-hwcaps/x86-64-v2/libdl.so.2", O_RDONLY|O_CLOEXEC) = -1 ENOENT (No such file or directory)
252066 openat(AT_FDCWD, "/home/brianklam/.rustup/toolchains/nightly-x86_64-unknown-linux-gnu/bin/../lib/libdl.so.2", O_RDONLY|O_CLOEXEC) = -1 ENOENT (No such file or directory)
252066 openat(AT_FDCWD, "/usr/lib/libdl.so.2", O_RDONLY|O_CLOEXEC) = 3
252066 openat(AT_FDCWD, "/home/brianklam/.rustup/toolchains/nightly-x86_64-unknown-linux-gnu/lib/libgcc_s.so.1", O_RDONLY|O_CLOEXEC) = -1 ENOENT (No such file or directory)
252066 openat(AT_FDCWD, "/home/brianklam/.rustup/toolchains/nightly-x86_64-unknown-linux-gnu/bin/../lib/libgcc_s.so.1", O_RDONLY|O_CLOEXEC) = -1 ENOENT (No such file or directory)
252066 openat(AT_FDCWD, "/usr/lib/libgcc_s.so.1", O_RDONLY|O_CLOEXEC) = 3
252066 openat(AT_FDCWD, "/home/brianklam/.rustup/toolchains/nightly-x86_64-unknown-linux-gnu/lib/librt.so.1", O_RDONLY|O_CLOEXEC) = -1 ENOENT (No such file or directory)
252066 openat(AT_FDCWD, "/home/brianklam/.rustup/toolchains/nightly-x86_64-unknown-linux-gnu/bin/../lib/librt.so.1", O_RDONLY|O_CLOEXEC) = -1 ENOENT (No such file or directory)
252066 openat(AT_FDCWD, "/usr/lib/librt.so.1", O_RDONLY|O_CLOEXEC) = 3
252066 openat(AT_FDCWD, "/home/brianklam/.rustup/toolchains/nightly-x86_64-unknown-linux-gnu/lib/libpthread.so.0", O_RDONLY|O_CLOEXEC) = -1 ENOENT (No such file or directory)
252066 openat(AT_FDCWD, "/home/brianklam/.rustup/toolchains/nightly-x86_64-unknown-linux-gnu/bin/../lib/libpthread.so.0", O_RDONLY|O_CLOEXEC) = -1 ENOENT (No such file or directory)
252066 openat(AT_FDCWD, "/usr/lib/libpthread.so.0", O_RDONLY|O_CLOEXEC) = 3
252066 openat(AT_FDCWD, "/home/brianklam/.rustup/toolchains/nightly-x86_64-unknown-linux-gnu/lib/libm.so.6", O_RDONLY|O_CLOEXEC) = -1 ENOENT (No such file or directory)
252066 openat(AT_FDCWD, "/home/brianklam/.rustup/toolchains/nightly-x86_64-unknown-linux-gnu/bin/../lib/libm.so.6", O_RDONLY|O_CLOEXEC) = -1 ENOENT (No such file or directory)
252066 openat(AT_FDCWD, "/usr/lib/libm.so.6", O_RDONLY|O_CLOEXEC) = 3
252066 openat(AT_FDCWD, "/home/brianklam/.rustup/toolchains/nightly-x86_64-unknown-linux-gnu/lib/libc.so.6", O_RDONLY|O_CLOEXEC) = -1 ENOENT (No such file or directory)
252066 openat(AT_FDCWD, "/home/brianklam/.rustup/toolchains/nightly-x86_64-unknown-linux-gnu/bin/../lib/libc.so.6", O_RDONLY|O_CLOEXEC) = -1 ENOENT (No such file or directory)
252066 openat(AT_FDCWD, "/usr/lib/libc.so.6", O_RDONLY|O_CLOEXEC) = 3
252066 openat(AT_FDCWD, "/usr/local/ssl/openssl.cnf", O_RDONLY) = -1 ENOENT (No such file or directory)
252066 openat(AT_FDCWD, "/proc/self/maps", O_RDONLY|O_CLOEXEC) = 3
252066 openat(AT_FDCWD, "/home/brianklam/Desktop/liminal/.cargo/config", O_RDONLY|O_CLOEXEC) = -1 ENOENT (No such file or directory)
252066 openat(AT_FDCWD, "/home/brianklam/Desktop/.cargo/config", O_RDONLY|O_CLOEXEC) = -1 ENOENT (No such file or directory)
252066 openat(AT_FDCWD, "/home/brianklam/.cargo/config", O_RDONLY|O_CLOEXEC) = -1 ENOENT (No such file or directory)
252066 openat(AT_FDCWD, "/home/.cargo/config", O_RDONLY|O_CLOEXEC) = -1 ENOENT (No such file or directory)
252066 openat(AT_FDCWD, "/.cargo/config", O_RDONLY|O_CLOEXEC) = -1 ENOENT (No such file or directory)
252066 openat(AT_FDCWD, "/dev/urandom", O_RDONLY) = 3
252066 openat(AT_FDCWD, "/etc/ssl/cert.pem", O_RDONLY) = 3
252066 openat(AT_FDCWD, "/home/brianklam/.gitconfig", O_RDONLY|O_CLOEXEC) = 3
252066 openat(AT_FDCWD, "/home/brianklam/.gitconfig", O_RDONLY|O_CLOEXEC) = 3
252066 openat(AT_FDCWD, "/etc/ld.so.cache", O_RDONLY|O_CLOEXEC) = 3
252066 openat(AT_FDCWD, "/home/brianklam/.rustup/toolchains/nightly-x86_64-unknown-linux-gnu/lib/glibc-hwcaps/x86-64-v3/libgcc_s.so.1", O_RDONLY|O_CLOEXEC) = -1 ENOENT (No such file or directory)
252066 openat(AT_FDCWD, "/home/brianklam/.rustup/toolchains/nightly-x86_64-unknown-linux-gnu/lib/glibc-hwcaps/x86-64-v2/libgcc_s.so.1", O_RDONLY|O_CLOEXEC) = -1 ENOENT (No such file or directory)
252066 openat(AT_FDCWD, "/home/brianklam/.rustup/toolchains/nightly-x86_64-unknown-linux-gnu/lib/libgcc_s.so.1", O_RDONLY|O_CLOEXEC) = -1 ENOENT (No such file or directory)
252066 openat(AT_FDCWD, "/usr/lib/libgcc_s.so.1", O_RDONLY|O_CLOEXEC) = 3
252066 openat(AT_FDCWD, "/home/brianklam/.rustup/toolchains/nightly-x86_64-unknown-linux-gnu/lib/libc.so.6", O_RDONLY|O_CLOEXEC) = -1 ENOENT (No such file or directory)
252066 openat(AT_FDCWD, "/usr/lib/libc.so.6", O_RDONLY|O_CLOEXEC) = 3
252066 openat(AT_FDCWD, "/proc/self/maps", O_RDONLY|O_CLOEXEC) = 3
252066 openat(AT_FDCWD, "/proc/self/cgroup", O_RDONLY|O_CLOEXEC) = 3
252066 openat(AT_FDCWD, "/proc/self/mountinfo", O_RDONLY|O_CLOEXEC) = 3
252066 openat(AT_FDCWD, "/sys/fs/cgroup/user.slice/user-1000.slice/user@1000.service/app.slice/app-codex-desktop-30945.scope/cpu.max", O_RDONLY|O_CLOEXEC) = 3
252066 openat(AT_FDCWD, "/home/brianklam/Desktop/liminal/Cargo.toml", O_RDONLY|O_CLOEXEC) = 3
252066 openat(AT_FDCWD, "/home/brianklam/Desktop/liminal/fuzz/Cargo.toml", O_RDONLY|O_CLOEXEC) = 3
252066 openat(AT_FDCWD, "/dev/null", O_RDONLY|O_CLOEXEC) = 3
252170 openat(AT_FDCWD, "/etc/ld.so.cache", O_RDONLY|O_CLOEXEC) = 3
252170 openat(AT_FDCWD, "/home/brianklam/.rustup/toolchains/nightly-x86_64-unknown-linux-gnu/lib/glibc-hwcaps/x86-64-v3/liblzma.so.5", O_RDONLY|O_CLOEXEC) = -1 ENOENT (No such file or directory)
252170 openat(AT_FDCWD, "/home/brianklam/.rustup/toolchains/nightly-x86_64-unknown-linux-gnu/lib/glibc-hwcaps/x86-64-v2/liblzma.so.5", O_RDONLY|O_CLOEXEC) = -1 ENOENT (No such file or directory)
252170 openat(AT_FDCWD, "/home/brianklam/.rustup/toolchains/nightly-x86_64-unknown-linux-gnu/lib/liblzma.so.5", O_RDONLY|O_CLOEXEC) = -1 ENOENT (No such file or directory)
252170 openat(AT_FDCWD, "/usr/lib/liblzma.so.5", O_RDONLY|O_CLOEXEC) = 3
252170 openat(AT_FDCWD, "/home/brianklam/.rustup/toolchains/nightly-x86_64-unknown-linux-gnu/lib/libzstd.so.1", O_RDONLY|O_CLOEXEC) = -1 ENOENT (No such file or directory)
252170 openat(AT_FDCWD, "/usr/lib/libzstd.so.1", O_RDONLY|O_CLOEXEC) = 3
252170 openat(AT_FDCWD, "/home/brianklam/.rustup/toolchains/nightly-x86_64-unknown-linux-gnu/lib/libgcc_s.so.1", O_RDONLY|O_CLOEXEC) = -1 ENOENT (No such file or directory)
252170 openat(AT_FDCWD, "/usr/lib/libgcc_s.so.1", O_RDONLY|O_CLOEXEC) = 3
252170 openat(AT_FDCWD, "/home/brianklam/.rustup/toolchains/nightly-x86_64-unknown-linux-gnu/lib/libm.so.6", O_RDONLY|O_CLOEXEC) = -1 ENOENT (No such file or directory)
252170 openat(AT_FDCWD, "/usr/lib/libm.so.6", O_RDONLY|O_CLOEXEC) = 3
252170 openat(AT_FDCWD, "/home/brianklam/.rustup/toolchains/nightly-x86_64-unknown-linux-gnu/lib/libc.so.6", O_RDONLY|O_CLOEXEC) = -1 ENOENT (No such file or directory)
252170 openat(AT_FDCWD, "/usr/lib/libc.so.6", O_RDONLY|O_CLOEXEC) = 3
252170 openat(AT_FDCWD, "/proc/self/maps", O_RDONLY|O_CLOEXEC) = 3
252170 openat(AT_FDCWD, "/proc/self/cgroup", O_RDONLY|O_CLOEXEC) = 3
252170 openat(AT_FDCWD, "/sys/fs/cgroup/user.slice/user-1000.slice/user@1000.service/app.slice/app-codex-desktop-30945.scope/cpu.max", O_RDONLY|O_CLOEXEC) = 3
252170 openat(AT_FDCWD, "/sys/fs/cgroup/user.slice/user-1000.slice/user@1000.service/app.slice/cpu.max", O_RDONLY|O_CLOEXEC) = 3
252170 openat(AT_FDCWD, "/sys/fs/cgroup/user.slice/user-1000.slice/user@1000.service/cpu.max", O_RDONLY|O_CLOEXEC) = 3
252170 openat(AT_FDCWD, "/sys/fs/cgroup/user.slice/user-1000.slice/cpu.max", O_RDONLY|O_CLOEXEC) = 3
252170 openat(AT_FDCWD, "/sys/fs/cgroup/user.slice/cpu.max", O_RDONLY|O_CLOEXEC) = 3
252170 openat(AT_FDCWD, "/sys/fs/cgroup/cpu.max", O_RDONLY|O_CLOEXEC) = -1 ENOENT (No such file or directory)
252175 openat(AT_FDCWD, "/sys/devices/system/cpu/online", O_RDONLY|O_CLOEXEC) = 6
252170 openat(AT_FDCWD, "/home/brianklam/.rustup/settings.toml", O_RDONLY|O_CLOEXEC) = 6
252170 openat(AT_FDCWD, "/etc/rustup/settings.toml", O_RDONLY|O_CLOEXEC) = -1 ENOENT (No such file or directory)
252170 openat(AT_FDCWD, "/home/brianklam/.rustup/toolchains", O_RDONLY|O_CLOEXEC) = 6
252170 openat(6, "nightly-x86_64-unknown-linux-gnu", O_RDONLY|O_NOCTTY|O_CLOEXEC) = 7
252170 openat(AT_FDCWD, "/home/brianklam/.rustup/toolchains", O_RDONLY|O_CLOEXEC) = 6
252170 openat(6, "nightly-x86_64-unknown-linux-gnu", O_RDONLY|O_NOCTTY|O_CLOEXEC) = 7
252180 +++ exited with 0 +++
252176 +++ exited with 0 +++
252175 +++ exited with 0 +++
252178 +++ exited with 0 +++
252181 +++ exited with 0 +++
252179 +++ exited with 0 +++
252177 +++ exited with 0 +++
252174 +++ exited with 0 +++
252170 openat(AT_FDCWD, "/etc/ld.so.cache", O_RDONLY|O_CLOEXEC) = 3
252170 openat(AT_FDCWD, "/home/brianklam/.rustup/toolchains/nightly-x86_64-unknown-linux-gnu/lib/glibc-hwcaps/x86-64-v3/librustc_driver-e61e75993036bf19.so", O_RDONLY|O_CLOEXEC) = -1 ENOENT (No such file or directory)
252170 openat(AT_FDCWD, "/home/brianklam/.rustup/toolchains/nightly-x86_64-unknown-linux-gnu/lib/glibc-hwcaps/x86-64-v2/librustc_driver-e61e75993036bf19.so", O_RDONLY|O_CLOEXEC) = -1 ENOENT (No such file or directory)
252170 openat(AT_FDCWD, "/home/brianklam/.rustup/toolchains/nightly-x86_64-unknown-linux-gnu/lib/librustc_driver-e61e75993036bf19.so", O_RDONLY|O_CLOEXEC) = 3
252170 openat(AT_FDCWD, "/home/brianklam/.rustup/toolchains/nightly-x86_64-unknown-linux-gnu/lib/libdl.so.2", O_RDONLY|O_CLOEXEC) = -1 ENOENT (No such file or directory)
252170 openat(AT_FDCWD, "/home/brianklam/.rustup/toolchains/nightly-x86_64-unknown-linux-gnu/bin/../lib/glibc-hwcaps/x86-64-v3/libdl.so.2", O_RDONLY|O_CLOEXEC) = -1 ENOENT (No such file or directory)
252170 openat(AT_FDCWD, "/home/brianklam/.rustup/toolchains/nightly-x86_64-unknown-linux-gnu/bin/../lib/glibc-hwcaps/x86-64-v2/libdl.so.2", O_RDONLY|O_CLOEXEC) = -1 ENOENT (No such file or directory)
252170 openat(AT_FDCWD, "/home/brianklam/.rustup/toolchains/nightly-x86_64-unknown-linux-gnu/bin/../lib/libdl.so.2", O_RDONLY|O_CLOEXEC) = -1 ENOENT (No such file or directory)
252170 openat(AT_FDCWD, "/usr/lib/libdl.so.2", O_RDONLY|O_CLOEXEC) = 3
252170 openat(AT_FDCWD, "/home/brianklam/.rustup/toolchains/nightly-x86_64-unknown-linux-gnu/lib/librt.so.1", O_RDONLY|O_CLOEXEC) = -1 ENOENT (No such file or directory)
252170 openat(AT_FDCWD, "/home/brianklam/.rustup/toolchains/nightly-x86_64-unknown-linux-gnu/bin/../lib/librt.so.1", O_RDONLY|O_CLOEXEC) = -1 ENOENT (No such file or directory)
252170 openat(AT_FDCWD, "/usr/lib/librt.so.1", O_RDONLY|O_CLOEXEC) = 3
252170 openat(AT_FDCWD, "/home/brianklam/.rustup/toolchains/nightly-x86_64-unknown-linux-gnu/lib/libpthread.so.0", O_RDONLY|O_CLOEXEC) = -1 ENOENT (No such file or directory)
252170 openat(AT_FDCWD, "/home/brianklam/.rustup/toolchains/nightly-x86_64-unknown-linux-gnu/bin/../lib/libpthread.so.0", O_RDONLY|O_CLOEXEC) = -1 ENOENT (No such file or directory)
252170 openat(AT_FDCWD, "/usr/lib/libpthread.so.0", O_RDONLY|O_CLOEXEC) = 3
252170 openat(AT_FDCWD, "/home/brianklam/.rustup/toolchains/nightly-x86_64-unknown-linux-gnu/lib/libc.so.6", O_RDONLY|O_CLOEXEC) = -1 ENOENT (No such file or directory)
252170 openat(AT_FDCWD, "/home/brianklam/.rustup/toolchains/nightly-x86_64-unknown-linux-gnu/bin/../lib/libc.so.6", O_RDONLY|O_CLOEXEC) = -1 ENOENT (No such file or directory)
252170 openat(AT_FDCWD, "/usr/lib/libc.so.6", O_RDONLY|O_CLOEXEC) = 3
252170 openat(AT_FDCWD, "/home/brianklam/.rustup/toolchains/nightly-x86_64-unknown-linux-gnu/lib/libLLVM.so.22.1-rust-1.98.0-nightly", O_RDONLY|O_CLOEXEC) = 3
252170 openat(AT_FDCWD, "/home/brianklam/.rustup/toolchains/nightly-x86_64-unknown-linux-gnu/lib/libgcc_s.so.1", O_RDONLY|O_CLOEXEC) = -1 ENOENT (No such file or directory)
252170 openat(AT_FDCWD, "/home/brianklam/.rustup/toolchains/nightly-x86_64-unknown-linux-gnu/lib/../lib/glibc-hwcaps/x86-64-v3/libgcc_s.so.1", O_RDONLY|O_CLOEXEC) = -1 ENOENT (No such file or directory)
252170 openat(AT_FDCWD, "/home/brianklam/.rustup/toolchains/nightly-x86_64-unknown-linux-gnu/lib/../lib/glibc-hwcaps/x86-64-v2/libgcc_s.so.1", O_RDONLY|O_CLOEXEC) = -1 ENOENT (No such file or directory)
252170 openat(AT_FDCWD, "/home/brianklam/.rustup/toolchains/nightly-x86_64-unknown-linux-gnu/lib/../lib/libgcc_s.so.1", O_RDONLY|O_CLOEXEC) = -1 ENOENT (No such file or directory)
252170 openat(AT_FDCWD, "/usr/lib/libgcc_s.so.1", O_RDONLY|O_CLOEXEC) = 3
252170 openat(AT_FDCWD, "/home/brianklam/.rustup/toolchains/nightly-x86_64-unknown-linux-gnu/lib/libm.so.6", O_RDONLY|O_CLOEXEC) = -1 ENOENT (No such file or directory)
252170 openat(AT_FDCWD, "/home/brianklam/.rustup/toolchains/nightly-x86_64-unknown-linux-gnu/lib/../lib/libm.so.6", O_RDONLY|O_CLOEXEC) = -1 ENOENT (No such file or directory)
252170 openat(AT_FDCWD, "/usr/lib/libm.so.6", O_RDONLY|O_CLOEXEC) = 3
252170 openat(AT_FDCWD, "/home/brianklam/.rustup/toolchains/nightly-x86_64-unknown-linux-gnu/lib/libz.so.1", O_RDONLY|O_CLOEXEC) = -1 ENOENT (No such file or directory)
252170 openat(AT_FDCWD, "/home/brianklam/.rustup/toolchains/nightly-x86_64-unknown-linux-gnu/lib/../lib/libz.so.1", O_RDONLY|O_CLOEXEC) = -1 ENOENT (No such file or directory)
252170 openat(AT_FDCWD, "/usr/lib/libz.so.1", O_RDONLY|O_CLOEXEC) = 3
252170 openat(AT_FDCWD, "/proc/self/maps", O_RDONLY|O_CLOEXEC) = 3
252170 openat(AT_FDCWD, "/proc/self/statm", O_RDONLY|O_CLOEXEC) = 3
252219 +++ exited with 0 +++
252170 +++ exited with 0 +++
252066 --- SIGCHLD {si_signo=SIGCHLD, si_code=CLD_EXITED, si_pid=252170, si_uid=1000, si_status=0, si_utime=0, si_stime=1 /* 0.01 s */} ---
252232 openat(AT_FDCWD, "/etc/ld.so.cache", O_RDONLY|O_CLOEXEC) = 3
252232 openat(AT_FDCWD, "/home/brianklam/.rustup/toolchains/nightly-x86_64-unknown-linux-gnu/lib/glibc-hwcaps/x86-64-v3/liblzma.so.5", O_RDONLY|O_CLOEXEC) = -1 ENOENT (No such file or directory)
252232 openat(AT_FDCWD, "/home/brianklam/.rustup/toolchains/nightly-x86_64-unknown-linux-gnu/lib/glibc-hwcaps/x86-64-v2/liblzma.so.5", O_RDONLY|O_CLOEXEC) = -1 ENOENT (No such file or directory)
252232 openat(AT_FDCWD, "/home/brianklam/.rustup/toolchains/nightly-x86_64-unknown-linux-gnu/lib/liblzma.so.5", O_RDONLY|O_CLOEXEC) = -1 ENOENT (No such file or directory)
252232 openat(AT_FDCWD, "/usr/lib/liblzma.so.5", O_RDONLY|O_CLOEXEC) = 3
252232 openat(AT_FDCWD, "/home/brianklam/.rustup/toolchains/nightly-x86_64-unknown-linux-gnu/lib/libzstd.so.1", O_RDONLY|O_CLOEXEC) = -1 ENOENT (No such file or directory)
252232 openat(AT_FDCWD, "/usr/lib/libzstd.so.1", O_RDONLY|O_CLOEXEC) = 3
252232 openat(AT_FDCWD, "/home/brianklam/.rustup/toolchains/nightly-x86_64-unknown-linux-gnu/lib/libgcc_s.so.1", O_RDONLY|O_CLOEXEC) = -1 ENOENT (No such file or directory)
252232 openat(AT_FDCWD, "/usr/lib/libgcc_s.so.1", O_RDONLY|O_CLOEXEC) = 3
252232 openat(AT_FDCWD, "/home/brianklam/.rustup/toolchains/nightly-x86_64-unknown-linux-gnu/lib/libm.so.6", O_RDONLY|O_CLOEXEC) = -1 ENOENT (No such file or directory)
252232 openat(AT_FDCWD, "/usr/lib/libm.so.6", O_RDONLY|O_CLOEXEC) = 3
252232 openat(AT_FDCWD, "/home/brianklam/.rustup/toolchains/nightly-x86_64-unknown-linux-gnu/lib/libc.so.6", O_RDONLY|O_CLOEXEC) = -1 ENOENT (No such file or directory)
252232 openat(AT_FDCWD, "/usr/lib/libc.so.6", O_RDONLY|O_CLOEXEC) = 3
252232 openat(AT_FDCWD, "/proc/self/maps", O_RDONLY|O_CLOEXEC) = 3
252232 openat(AT_FDCWD, "/proc/self/cgroup", O_RDONLY|O_CLOEXEC) = 3
252232 openat(AT_FDCWD, "/sys/fs/cgroup/user.slice/user-1000.slice/user@1000.service/app.slice/app-codex-desktop-30945.scope/cpu.max", O_RDONLY|O_CLOEXEC) = 3
252232 openat(AT_FDCWD, "/sys/fs/cgroup/user.slice/user-1000.slice/user@1000.service/app.slice/cpu.max", O_RDONLY|O_CLOEXEC) = 3
252232 openat(AT_FDCWD, "/sys/fs/cgroup/user.slice/user-1000.slice/user@1000.service/cpu.max", O_RDONLY|O_CLOEXEC) = 3
252232 openat(AT_FDCWD, "/sys/fs/cgroup/user.slice/user-1000.slice/cpu.max", O_RDONLY|O_CLOEXEC) = 3
252232 openat(AT_FDCWD, "/sys/fs/cgroup/user.slice/cpu.max", O_RDONLY|O_CLOEXEC) = 3
252232 openat(AT_FDCWD, "/sys/fs/cgroup/cpu.max", O_RDONLY|O_CLOEXEC) = -1 ENOENT (No such file or directory)
252232 openat(AT_FDCWD, "/home/brianklam/.rustup/settings.toml", O_RDONLY|O_CLOEXEC) = 6
252232 openat(AT_FDCWD, "/etc/rustup/settings.toml", O_RDONLY|O_CLOEXEC) = -1 ENOENT (No such file or directory)
252248 openat(AT_FDCWD, "/sys/devices/system/cpu/online", O_RDONLY|O_CLOEXEC) = 6
252232 openat(AT_FDCWD, "/home/brianklam/.rustup/toolchains", O_RDONLY|O_CLOEXEC) = 6
252232 openat(6, "nightly-x86_64-unknown-linux-gnu", O_RDONLY|O_NOCTTY|O_CLOEXEC) = 7
252232 openat(AT_FDCWD, "/home/brianklam/.rustup/toolchains", O_RDONLY|O_CLOEXEC) = 6
252232 openat(6, "nightly-x86_64-unknown-linux-gnu", O_RDONLY|O_NOCTTY|O_CLOEXEC) = 7
252248 +++ exited with 0 +++
252247 +++ exited with 0 +++
252246 +++ exited with 0 +++
252245 +++ exited with 0 +++
252244 +++ exited with 0 +++
252243 +++ exited with 0 +++
252242 +++ exited with 0 +++
252241 +++ exited with 0 +++
252232 openat(AT_FDCWD, "/etc/ld.so.cache", O_RDONLY|O_CLOEXEC) = 3
252232 openat(AT_FDCWD, "/home/brianklam/.rustup/toolchains/nightly-x86_64-unknown-linux-gnu/lib/glibc-hwcaps/x86-64-v3/libdl.so.2", O_RDONLY|O_CLOEXEC) = -1 ENOENT (No such file or directory)
252232 openat(AT_FDCWD, "/home/brianklam/.rustup/toolchains/nightly-x86_64-unknown-linux-gnu/lib/glibc-hwcaps/x86-64-v2/libdl.so.2", O_RDONLY|O_CLOEXEC) = -1 ENOENT (No such file or directory)
252232 openat(AT_FDCWD, "/home/brianklam/.rustup/toolchains/nightly-x86_64-unknown-linux-gnu/lib/libdl.so.2", O_RDONLY|O_CLOEXEC) = -1 ENOENT (No such file or directory)
252232 openat(AT_FDCWD, "/home/brianklam/.rustup/toolchains/nightly-x86_64-unknown-linux-gnu/bin/../lib/glibc-hwcaps/x86-64-v3/libdl.so.2", O_RDONLY|O_CLOEXEC) = -1 ENOENT (No such file or directory)
252232 openat(AT_FDCWD, "/home/brianklam/.rustup/toolchains/nightly-x86_64-unknown-linux-gnu/bin/../lib/glibc-hwcaps/x86-64-v2/libdl.so.2", O_RDONLY|O_CLOEXEC) = -1 ENOENT (No such file or directory)
252232 openat(AT_FDCWD, "/home/brianklam/.rustup/toolchains/nightly-x86_64-unknown-linux-gnu/bin/../lib/libdl.so.2", O_RDONLY|O_CLOEXEC) = -1 ENOENT (No such file or directory)
252232 openat(AT_FDCWD, "/usr/lib/libdl.so.2", O_RDONLY|O_CLOEXEC) = 3
252232 openat(AT_FDCWD, "/home/brianklam/.rustup/toolchains/nightly-x86_64-unknown-linux-gnu/lib/libgcc_s.so.1", O_RDONLY|O_CLOEXEC) = -1 ENOENT (No such file or directory)
252232 openat(AT_FDCWD, "/home/brianklam/.rustup/toolchains/nightly-x86_64-unknown-linux-gnu/bin/../lib/libgcc_s.so.1", O_RDONLY|O_CLOEXEC) = -1 ENOENT (No such file or directory)
252232 openat(AT_FDCWD, "/usr/lib/libgcc_s.so.1", O_RDONLY|O_CLOEXEC) = 3
252232 openat(AT_FDCWD, "/home/brianklam/.rustup/toolchains/nightly-x86_64-unknown-linux-gnu/lib/librt.so.1", O_RDONLY|O_CLOEXEC) = -1 ENOENT (No such file or directory)
252232 openat(AT_FDCWD, "/home/brianklam/.rustup/toolchains/nightly-x86_64-unknown-linux-gnu/bin/../lib/librt.so.1", O_RDONLY|O_CLOEXEC) = -1 ENOENT (No such file or directory)
252232 openat(AT_FDCWD, "/usr/lib/librt.so.1", O_RDONLY|O_CLOEXEC) = 3
252232 openat(AT_FDCWD, "/home/brianklam/.rustup/toolchains/nightly-x86_64-unknown-linux-gnu/lib/libpthread.so.0", O_RDONLY|O_CLOEXEC) = -1 ENOENT (No such file or directory)
252232 openat(AT_FDCWD, "/home/brianklam/.rustup/toolchains/nightly-x86_64-unknown-linux-gnu/bin/../lib/libpthread.so.0", O_RDONLY|O_CLOEXEC) = -1 ENOENT (No such file or directory)
252232 openat(AT_FDCWD, "/usr/lib/libpthread.so.0", O_RDONLY|O_CLOEXEC) = 3
252232 openat(AT_FDCWD, "/home/brianklam/.rustup/toolchains/nightly-x86_64-unknown-linux-gnu/lib/libm.so.6", O_RDONLY|O_CLOEXEC) = -1 ENOENT (No such file or directory)
252232 openat(AT_FDCWD, "/home/brianklam/.rustup/toolchains/nightly-x86_64-unknown-linux-gnu/bin/../lib/libm.so.6", O_RDONLY|O_CLOEXEC) = -1 ENOENT (No such file or directory)
252232 openat(AT_FDCWD, "/usr/lib/libm.so.6", O_RDONLY|O_CLOEXEC) = 3
252232 openat(AT_FDCWD, "/home/brianklam/.rustup/toolchains/nightly-x86_64-unknown-linux-gnu/lib/libc.so.6", O_RDONLY|O_CLOEXEC) = -1 ENOENT (No such file or directory)
252232 openat(AT_FDCWD, "/home/brianklam/.rustup/toolchains/nightly-x86_64-unknown-linux-gnu/bin/../lib/libc.so.6", O_RDONLY|O_CLOEXEC) = -1 ENOENT (No such file or directory)
252232 openat(AT_FDCWD, "/usr/lib/libc.so.6", O_RDONLY|O_CLOEXEC) = 3
252232 openat(AT_FDCWD, "/usr/local/ssl/openssl.cnf", O_RDONLY) = -1 ENOENT (No such file or directory)
252232 openat(AT_FDCWD, "/proc/self/maps", O_RDONLY|O_CLOEXEC) = 3
252232 openat(AT_FDCWD, "/home/brianklam/Desktop/liminal/.cargo/config", O_RDONLY|O_CLOEXEC) = -1 ENOENT (No such file or directory)
252232 openat(AT_FDCWD, "/home/brianklam/Desktop/.cargo/config", O_RDONLY|O_CLOEXEC) = -1 ENOENT (No such file or directory)
252232 openat(AT_FDCWD, "/home/brianklam/.cargo/config", O_RDONLY|O_CLOEXEC) = -1 ENOENT (No such file or directory)
252232 openat(AT_FDCWD, "/home/.cargo/config", O_RDONLY|O_CLOEXEC) = -1 ENOENT (No such file or directory)
252232 openat(AT_FDCWD, "/.cargo/config", O_RDONLY|O_CLOEXEC) = -1 ENOENT (No such file or directory)
252232 openat(AT_FDCWD, "/dev/urandom", O_RDONLY) = 3
252232 openat(AT_FDCWD, "/etc/ssl/cert.pem", O_RDONLY) = 3
252232 openat(AT_FDCWD, "/home/brianklam/.gitconfig", O_RDONLY|O_CLOEXEC) = 3
252232 openat(AT_FDCWD, "/home/brianklam/.gitconfig", O_RDONLY|O_CLOEXEC) = 3
252232 openat(AT_FDCWD, "/home/brianklam/Desktop/liminal/fuzz/Cargo.toml", O_RDONLY|O_CLOEXEC) = 3
252232 openat(AT_FDCWD, "/home/brianklam/Desktop/liminal/fuzz/src/bin", O_RDONLY|O_NONBLOCK|O_CLOEXEC|O_DIRECTORY) = -1 ENOENT (No such file or directory)
252232 openat(AT_FDCWD, "/home/brianklam/Desktop/liminal/fuzz/examples", O_RDONLY|O_NONBLOCK|O_CLOEXEC|O_DIRECTORY) = -1 ENOENT (No such file or directory)
252232 openat(AT_FDCWD, "/home/brianklam/Desktop/liminal/fuzz/tests", O_RDONLY|O_NONBLOCK|O_CLOEXEC|O_DIRECTORY) = -1 ENOENT (No such file or directory)
252232 openat(AT_FDCWD, "/home/brianklam/Desktop/liminal/fuzz/benches", O_RDONLY|O_NONBLOCK|O_CLOEXEC|O_DIRECTORY) = -1 ENOENT (No such file or directory)
252232 openat(AT_FDCWD, "/home/brianklam/Desktop/liminal/crates/liminal-cst/Cargo.toml", O_RDONLY|O_CLOEXEC) = 3
252232 openat(AT_FDCWD, "/home/brianklam/Desktop/liminal/Cargo.toml", O_RDONLY|O_CLOEXEC) = 3
252232 openat(AT_FDCWD, "/home/brianklam/Desktop/liminal/crates/liminal-cst/src/bin", O_RDONLY|O_NONBLOCK|O_CLOEXEC|O_DIRECTORY) = -1 ENOENT (No such file or directory)
252232 openat(AT_FDCWD, "/home/brianklam/Desktop/liminal/crates/liminal-cst/examples", O_RDONLY|O_NONBLOCK|O_CLOEXEC|O_DIRECTORY) = -1 ENOENT (No such file or directory)
252232 openat(AT_FDCWD, "/home/brianklam/Desktop/liminal/crates/liminal-cst/tests", O_RDONLY|O_NONBLOCK|O_CLOEXEC|O_DIRECTORY) = -1 ENOENT (No such file or directory)
252232 openat(AT_FDCWD, "/home/brianklam/Desktop/liminal/crates/liminal-cst/benches", O_RDONLY|O_NONBLOCK|O_CLOEXEC|O_DIRECTORY) = -1 ENOENT (No such file or directory)
252232 openat(AT_FDCWD, "/home/brianklam/Desktop/liminal/crates/liminal-format/Cargo.toml", O_RDONLY|O_CLOEXEC) = 3
252232 openat(AT_FDCWD, "/home/brianklam/Desktop/liminal/crates/liminal-format/src/bin", O_RDONLY|O_NONBLOCK|O_CLOEXEC|O_DIRECTORY) = -1 ENOENT (No such file or directory)
252232 openat(AT_FDCWD, "/home/brianklam/Desktop/liminal/crates/liminal-format/examples", O_RDONLY|O_NONBLOCK|O_CLOEXEC|O_DIRECTORY) = -1 ENOENT (No such file or directory)
252232 openat(AT_FDCWD, "/home/brianklam/Desktop/liminal/crates/liminal-format/tests", O_RDONLY|O_NONBLOCK|O_CLOEXEC|O_DIRECTORY) = -1 ENOENT (No such file or directory)
252232 openat(AT_FDCWD, "/home/brianklam/Desktop/liminal/crates/liminal-format/benches", O_RDONLY|O_NONBLOCK|O_CLOEXEC|O_DIRECTORY) = -1 ENOENT (No such file or directory)
252232 openat(AT_FDCWD, "/home/brianklam/Desktop/liminal/crates/liminal-graph/Cargo.toml", O_RDONLY|O_CLOEXEC) = 3
252232 openat(AT_FDCWD, "/home/brianklam/Desktop/liminal/crates/liminal-graph/src/bin", O_RDONLY|O_NONBLOCK|O_CLOEXEC|O_DIRECTORY) = -1 ENOENT (No such file or directory)
252232 openat(AT_FDCWD, "/home/brianklam/Desktop/liminal/crates/liminal-graph/examples", O_RDONLY|O_NONBLOCK|O_CLOEXEC|O_DIRECTORY) = -1 ENOENT (No such file or directory)
252232 openat(AT_FDCWD, "/home/brianklam/Desktop/liminal/crates/liminal-graph/tests", O_RDONLY|O_NONBLOCK|O_CLOEXEC|O_DIRECTORY) = 3
252232 openat(AT_FDCWD, "/home/brianklam/Desktop/liminal/crates/liminal-graph/benches", O_RDONLY|O_NONBLOCK|O_CLOEXEC|O_DIRECTORY) = -1 ENOENT (No such file or directory)
252232 openat(AT_FDCWD, "/home/brianklam/Desktop/liminal/crates/liminal-id/Cargo.toml", O_RDONLY|O_CLOEXEC) = 3
252232 openat(AT_FDCWD, "/home/brianklam/Desktop/liminal/crates/liminal-id/src/bin", O_RDONLY|O_NONBLOCK|O_CLOEXEC|O_DIRECTORY) = -1 ENOENT (No such file or directory)
252232 openat(AT_FDCWD, "/home/brianklam/Desktop/liminal/crates/liminal-id/examples", O_RDONLY|O_NONBLOCK|O_CLOEXEC|O_DIRECTORY) = -1 ENOENT (No such file or directory)
252232 openat(AT_FDCWD, "/home/brianklam/Desktop/liminal/crates/liminal-id/tests", O_RDONLY|O_NONBLOCK|O_CLOEXEC|O_DIRECTORY) = -1 ENOENT (No such file or directory)
252232 openat(AT_FDCWD, "/home/brianklam/Desktop/liminal/crates/liminal-id/benches", O_RDONLY|O_NONBLOCK|O_CLOEXEC|O_DIRECTORY) = -1 ENOENT (No such file or directory)
252232 openat(AT_FDCWD, "/home/brianklam/Desktop/liminal/crates/liminal-jurisdiction/Cargo.toml", O_RDONLY|O_CLOEXEC) = 3
252232 openat(AT_FDCWD, "/home/brianklam/Desktop/liminal/crates/liminal-jurisdiction/src/bin", O_RDONLY|O_NONBLOCK|O_CLOEXEC|O_DIRECTORY) = -1 ENOENT (No such file or directory)
252232 openat(AT_FDCWD, "/home/brianklam/Desktop/liminal/crates/liminal-jurisdiction/examples", O_RDONLY|O_NONBLOCK|O_CLOEXEC|O_DIRECTORY) = -1 ENOENT (No such file or directory)
252232 openat(AT_FDCWD, "/home/brianklam/Desktop/liminal/crates/liminal-jurisdiction/tests", O_RDONLY|O_NONBLOCK|O_CLOEXEC|O_DIRECTORY) = 3
252232 openat(AT_FDCWD, "/home/brianklam/Desktop/liminal/crates/liminal-jurisdiction/benches", O_RDONLY|O_NONBLOCK|O_CLOEXEC|O_DIRECTORY) = -1 ENOENT (No such file or directory)
252232 openat(AT_FDCWD, "/home/brianklam/Desktop/liminal/crates/liminal-query/Cargo.toml", O_RDONLY|O_CLOEXEC) = 3
252232 openat(AT_FDCWD, "/home/brianklam/Desktop/liminal/crates/liminal-query/src/bin", O_RDONLY|O_NONBLOCK|O_CLOEXEC|O_DIRECTORY) = -1 ENOENT (No such file or directory)
252232 openat(AT_FDCWD, "/home/brianklam/Desktop/liminal/crates/liminal-query/examples", O_RDONLY|O_NONBLOCK|O_CLOEXEC|O_DIRECTORY) = -1 ENOENT (No such file or directory)
252232 openat(AT_FDCWD, "/home/brianklam/Desktop/liminal/crates/liminal-query/tests", O_RDONLY|O_NONBLOCK|O_CLOEXEC|O_DIRECTORY) = -1 ENOENT (No such file or directory)
252232 openat(AT_FDCWD, "/home/brianklam/Desktop/liminal/crates/liminal-query/benches", O_RDONLY|O_NONBLOCK|O_CLOEXEC|O_DIRECTORY) = -1 ENOENT (No such file or directory)
252232 openat(AT_FDCWD, "/home/brianklam/Desktop/liminal/crates/liminal-revision/Cargo.toml", O_RDONLY|O_CLOEXEC) = 3
252232 openat(AT_FDCWD, "/home/brianklam/Desktop/liminal/crates/liminal-revision/src/bin", O_RDONLY|O_NONBLOCK|O_CLOEXEC|O_DIRECTORY) = -1 ENOENT (No such file or directory)
252232 openat(AT_FDCWD, "/home/brianklam/Desktop/liminal/crates/liminal-revision/examples", O_RDONLY|O_NONBLOCK|O_CLOEXEC|O_DIRECTORY) = -1 ENOENT (No such file or directory)
252232 openat(AT_FDCWD, "/home/brianklam/Desktop/liminal/crates/liminal-revision/tests", O_RDONLY|O_NONBLOCK|O_CLOEXEC|O_DIRECTORY) = -1 ENOENT (No such file or directory)
252232 openat(AT_FDCWD, "/home/brianklam/Desktop/liminal/crates/liminal-revision/benches", O_RDONLY|O_NONBLOCK|O_CLOEXEC|O_DIRECTORY) = -1 ENOENT (No such file or directory)
252232 openat(AT_FDCWD, "/home/brianklam/Desktop/liminal/crates/liminal-source/Cargo.toml", O_RDONLY|O_CLOEXEC) = 3
252232 openat(AT_FDCWD, "/home/brianklam/Desktop/liminal/crates/liminal-source/src/bin", O_RDONLY|O_NONBLOCK|O_CLOEXEC|O_DIRECTORY) = -1 ENOENT (No such file or directory)
252232 openat(AT_FDCWD, "/home/brianklam/Desktop/liminal/crates/liminal-source/examples", O_RDONLY|O_NONBLOCK|O_CLOEXEC|O_DIRECTORY) = -1 ENOENT (No such file or directory)
252232 openat(AT_FDCWD, "/home/brianklam/Desktop/liminal/crates/liminal-source/tests", O_RDONLY|O_NONBLOCK|O_CLOEXEC|O_DIRECTORY) = -1 ENOENT (No such file or directory)
252232 openat(AT_FDCWD, "/home/brianklam/Desktop/liminal/crates/liminal-source/benches", O_RDONLY|O_NONBLOCK|O_CLOEXEC|O_DIRECTORY) = -1 ENOENT (No such file or directory)
252232 openat(AT_FDCWD, "/proc/self/cgroup", O_RDONLY|O_CLOEXEC) = 3
252232 openat(AT_FDCWD, "/sys/fs/cgroup/user.slice/user-1000.slice/user@1000.service/app.slice/app-codex-desktop-30945.scope/cpu.max", O_RDONLY|O_CLOEXEC) = 3
252232 openat(AT_FDCWD, "/sys/fs/cgroup/user.slice/user-1000.slice/user@1000.service/app.slice/cpu.max", O_RDONLY|O_CLOEXEC) = 3
252232 openat(AT_FDCWD, "/sys/fs/cgroup/user.slice/user-1000.slice/user@1000.service/cpu.max", O_RDONLY|O_CLOEXEC) = 3
252232 openat(AT_FDCWD, "/sys/fs/cgroup/user.slice/user-1000.slice/cpu.max", O_RDONLY|O_CLOEXEC) = 3
252232 openat(AT_FDCWD, "/sys/fs/cgroup/user.slice/cpu.max", O_RDONLY|O_CLOEXEC) = 3
252232 openat(AT_FDCWD, "/sys/fs/cgroup/cpu.max", O_RDONLY|O_CLOEXEC) = -1 ENOENT (No such file or directory)
252232 openat(AT_FDCWD, "/home/brianklam/Desktop/liminal/fuzz/target/.rustc_info.json", O_RDONLY|O_CLOEXEC) = 3
252232 openat(AT_FDCWD, "/home/brianklam/Desktop/liminal/fuzz/Cargo.lock", O_RDONLY|O_CLOEXEC) = 3
252232 openat(AT_FDCWD, "/home/brianklam/Desktop/liminal/crates/liminal-scratch/Cargo.toml", O_RDONLY|O_CLOEXEC) = 4
252232 openat(AT_FDCWD, "/home/brianklam/Desktop/liminal/crates/liminal-scratch/src/bin", O_RDONLY|O_NONBLOCK|O_CLOEXEC|O_DIRECTORY) = -1 ENOENT (No such file or directory)
252232 openat(AT_FDCWD, "/home/brianklam/Desktop/liminal/crates/liminal-scratch/examples", O_RDONLY|O_NONBLOCK|O_CLOEXEC|O_DIRECTORY) = -1 ENOENT (No such file or directory)
252232 openat(AT_FDCWD, "/home/brianklam/Desktop/liminal/crates/liminal-scratch/tests", O_RDONLY|O_NONBLOCK|O_CLOEXEC|O_DIRECTORY) = -1 ENOENT (No such file or directory)
252232 openat(AT_FDCWD, "/home/brianklam/Desktop/liminal/crates/liminal-scratch/benches", O_RDONLY|O_NONBLOCK|O_CLOEXEC|O_DIRECTORY) = -1 ENOENT (No such file or directory)
252232 openat(AT_FDCWD, "/home/brianklam/Desktop/liminal/crates/liminal-cir/Cargo.toml", O_RDONLY|O_CLOEXEC) = 4
252232 openat(AT_FDCWD, "/home/brianklam/Desktop/liminal/crates/liminal-cir/src/bin", O_RDONLY|O_NONBLOCK|O_CLOEXEC|O_DIRECTORY) = -1 ENOENT (No such file or directory)
252232 openat(AT_FDCWD, "/home/brianklam/Desktop/liminal/crates/liminal-cir/examples", O_RDONLY|O_NONBLOCK|O_CLOEXEC|O_DIRECTORY) = -1 ENOENT (No such file or directory)
252232 openat(AT_FDCWD, "/home/brianklam/Desktop/liminal/crates/liminal-cir/tests", O_RDONLY|O_NONBLOCK|O_CLOEXEC|O_DIRECTORY) = -1 ENOENT (No such file or directory)
252232 openat(AT_FDCWD, "/home/brianklam/Desktop/liminal/crates/liminal-cir/benches", O_RDONLY|O_NONBLOCK|O_CLOEXEC|O_DIRECTORY) = -1 ENOENT (No such file or directory)
252232 openat(AT_FDCWD, "/home/brianklam/Desktop/liminal/crates/liminal-hir/Cargo.toml", O_RDONLY|O_CLOEXEC) = 4
252232 openat(AT_FDCWD, "/home/brianklam/Desktop/liminal/crates/liminal-hir/src/bin", O_RDONLY|O_NONBLOCK|O_CLOEXEC|O_DIRECTORY) = -1 ENOENT (No such file or directory)
252232 openat(AT_FDCWD, "/home/brianklam/Desktop/liminal/crates/liminal-hir/examples", O_RDONLY|O_NONBLOCK|O_CLOEXEC|O_DIRECTORY) = -1 ENOENT (No such file or directory)
252232 openat(AT_FDCWD, "/home/brianklam/Desktop/liminal/crates/liminal-hir/tests", O_RDONLY|O_NONBLOCK|O_CLOEXEC|O_DIRECTORY) = -1 ENOENT (No such file or directory)
252232 openat(AT_FDCWD, "/home/brianklam/Desktop/liminal/crates/liminal-hir/benches", O_RDONLY|O_NONBLOCK|O_CLOEXEC|O_DIRECTORY) = -1 ENOENT (No such file or directory)
252232 openat(AT_FDCWD, "/home/brianklam/.cargo/.package-cache", O_RDWR|O_CREAT|O_CLOEXEC, 0666) = 3
252232 openat(AT_FDCWD, "/home/brianklam/Desktop/liminal/fuzz/target/.rustc_info.json", O_RDONLY|O_CLOEXEC) = 4
252232 openat(AT_FDCWD, "/home/brianklam/.cargo/registry/index/index.crates.io-1949cf8c6b5b557f/.cache/li/bf/libfuzzer-sys", O_RDONLY|O_CLOEXEC) = 4
252232 openat(AT_FDCWD, "/home/brianklam/.cargo/registry/index/index.crates.io-1949cf8c6b5b557f/config.json", O_RDONLY|O_CLOEXEC) = 4
252232 openat(AT_FDCWD, "/home/brianklam/.cargo/registry/index/index.crates.io-1949cf8c6b5b557f/.cache/se/rd/serde_json", O_RDONLY|O_CLOEXEC) = 4
252232 openat(AT_FDCWD, "/home/brianklam/.cargo/registry/index/index.crates.io-1949cf8c6b5b557f/.cache/ar/bi/arbitrary", O_RDONLY|O_CLOEXEC) = 4
252232 openat(AT_FDCWD, "/home/brianklam/.cargo/registry/index/index.crates.io-1949cf8c6b5b557f/.cache/2/cc", O_RDONLY|O_CLOEXEC) = 4
252232 openat(AT_FDCWD, "/home/brianklam/.cargo/registry/index/index.crates.io-1949cf8c6b5b557f/.cache/ro/wa/rowan", O_RDONLY|O_CLOEXEC) = 4
252232 openat(AT_FDCWD, "/home/brianklam/.cargo/registry/index/index.crates.io-1949cf8c6b5b557f/.cache/se/rd/serde", O_RDONLY|O_CLOEXEC) = 4
252232 openat(AT_FDCWD, "/home/brianklam/Desktop/liminal/crates/liminal-cir/Cargo.toml", O_RDONLY|O_CLOEXEC) = 4
252232 openat(AT_FDCWD, "/home/brianklam/Desktop/liminal/crates/liminal-cir/src/bin", O_RDONLY|O_NONBLOCK|O_CLOEXEC|O_DIRECTORY) = -1 ENOENT (No such file or directory)
252232 openat(AT_FDCWD, "/home/brianklam/Desktop/liminal/crates/liminal-cir/examples", O_RDONLY|O_NONBLOCK|O_CLOEXEC|O_DIRECTORY) = -1 ENOENT (No such file or directory)
252232 openat(AT_FDCWD, "/home/brianklam/Desktop/liminal/crates/liminal-cir/tests", O_RDONLY|O_NONBLOCK|O_CLOEXEC|O_DIRECTORY) = -1 ENOENT (No such file or directory)
252232 openat(AT_FDCWD, "/home/brianklam/Desktop/liminal/crates/liminal-cir/benches", O_RDONLY|O_NONBLOCK|O_CLOEXEC|O_DIRECTORY) = -1 ENOENT (No such file or directory)
252232 openat(AT_FDCWD, "/home/brianklam/Desktop/liminal/crates/liminal-hir/Cargo.toml", O_RDONLY|O_CLOEXEC) = 4
252232 openat(AT_FDCWD, "/home/brianklam/Desktop/liminal/crates/liminal-hir/src/bin", O_RDONLY|O_NONBLOCK|O_CLOEXEC|O_DIRECTORY) = -1 ENOENT (No such file or directory)
252232 openat(AT_FDCWD, "/home/brianklam/Desktop/liminal/crates/liminal-hir/examples", O_RDONLY|O_NONBLOCK|O_CLOEXEC|O_DIRECTORY) = -1 ENOENT (No such file or directory)
252232 openat(AT_FDCWD, "/home/brianklam/Desktop/liminal/crates/liminal-hir/tests", O_RDONLY|O_NONBLOCK|O_CLOEXEC|O_DIRECTORY) = -1 ENOENT (No such file or directory)
252232 openat(AT_FDCWD, "/home/brianklam/Desktop/liminal/crates/liminal-hir/benches", O_RDONLY|O_NONBLOCK|O_CLOEXEC|O_DIRECTORY) = -1 ENOENT (No such file or directory)
252232 openat(AT_FDCWD, "/home/brianklam/.cargo/registry/index/index.crates.io-1949cf8c6b5b557f/.cache/th/is/thiserror", O_RDONLY|O_CLOEXEC) = 4
252232 openat(AT_FDCWD, "/home/brianklam/.cargo/registry/index/index.crates.io-1949cf8c6b5b557f/.cache/uu/id/uuid", O_RDONLY|O_CLOEXEC) = 4
252232 openat(AT_FDCWD, "/home/brianklam/.cargo/registry/index/index.crates.io-1949cf8c6b5b557f/.cache/ca/mi/camino", O_RDONLY|O_CLOEXEC) = 4
252232 openat(AT_FDCWD, "/home/brianklam/.cargo/registry/index/index.crates.io-1949cf8c6b5b557f/.cache/cr/c3/crc32fast", O_RDONLY|O_CLOEXEC) = 4
252232 openat(AT_FDCWD, "/home/brianklam/.cargo/registry/index/index.crates.io-1949cf8c6b5b557f/.cache/3/f/fs4", O_RDONLY|O_CLOEXEC) = 4
252232 openat(AT_FDCWD, "/home/brianklam/Desktop/liminal/crates/liminal-scratch/Cargo.toml", O_RDONLY|O_CLOEXEC) = 4
252232 openat(AT_FDCWD, "/home/brianklam/Desktop/liminal/crates/liminal-scratch/src/bin", O_RDONLY|O_NONBLOCK|O_CLOEXEC|O_DIRECTORY) = -1 ENOENT (No such file or directory)
252232 openat(AT_FDCWD, "/home/brianklam/Desktop/liminal/crates/liminal-scratch/examples", O_RDONLY|O_NONBLOCK|O_CLOEXEC|O_DIRECTORY) = -1 ENOENT (No such file or directory)
252232 openat(AT_FDCWD, "/home/brianklam/Desktop/liminal/crates/liminal-scratch/tests", O_RDONLY|O_NONBLOCK|O_CLOEXEC|O_DIRECTORY) = -1 ENOENT (No such file or directory)
252232 openat(AT_FDCWD, "/home/brianklam/Desktop/liminal/crates/liminal-scratch/benches", O_RDONLY|O_NONBLOCK|O_CLOEXEC|O_DIRECTORY) = -1 ENOENT (No such file or directory)
252232 openat(AT_FDCWD, "/home/brianklam/.cargo/registry/index/index.crates.io-1949cf8c6b5b557f/.cache/bl/ak/blake3", O_RDONLY|O_CLOEXEC) = 4
252232 openat(AT_FDCWD, "/home/brianklam/.cargo/registry/index/index.crates.io-1949cf8c6b5b557f/.cache/ro/pe/ropey", O_RDONLY|O_CLOEXEC) = 4
252232 openat(AT_FDCWD, "/home/brianklam/.cargo/registry/index/index.crates.io-1949cf8c6b5b557f/.cache/it/oa/itoa", O_RDONLY|O_CLOEXEC) = 4
252232 openat(AT_FDCWD, "/home/brianklam/.cargo/registry/index/index.crates.io-1949cf8c6b5b557f/.cache/me/mc/memchr", O_RDONLY|O_CLOEXEC) = 4
252232 openat(AT_FDCWD, "/home/brianklam/.cargo/registry/index/index.crates.io-1949cf8c6b5b557f/.cache/se/rd/serde_core", O_RDONLY|O_CLOEXEC) = 4
252232 openat(AT_FDCWD, "/home/brianklam/.cargo/registry/index/index.crates.io-1949cf8c6b5b557f/.cache/zm/ij/zmij", O_RDONLY|O_CLOEXEC) = 4
252232 openat(AT_FDCWD, "/home/brianklam/.cargo/registry/index/index.crates.io-1949cf8c6b5b557f/.cache/fi/nd/find-msvc-tools", O_RDONLY|O_CLOEXEC) = 4
252232 openat(AT_FDCWD, "/home/brianklam/.cargo/registry/index/index.crates.io-1949cf8c6b5b557f/.cache/jo/bs/jobserver", O_RDONLY|O_CLOEXEC) = 4
252232 openat(AT_FDCWD, "/home/brianklam/.cargo/registry/index/index.crates.io-1949cf8c6b5b557f/.cache/li/bc/libc", O_RDONLY|O_CLOEXEC) = 4
252232 openat(AT_FDCWD, "/home/brianklam/.cargo/registry/index/index.crates.io-1949cf8c6b5b557f/.cache/sh/le/shlex", O_RDONLY|O_CLOEXEC) = 4
252232 openat(AT_FDCWD, "/home/brianklam/.cargo/registry/index/index.crates.io-1949cf8c6b5b557f/.cache/co/un/countme", O_RDONLY|O_CLOEXEC) = 4
252232 openat(AT_FDCWD, "/home/brianklam/.cargo/registry/index/index.crates.io-1949cf8c6b5b557f/.cache/ha/sh/hashbrown", O_RDONLY|O_CLOEXEC) = 4
252232 openat(AT_FDCWD, "/home/brianklam/.cargo/registry/index/index.crates.io-1949cf8c6b5b557f/.cache/ru/st/rustc-hash", O_RDONLY|O_CLOEXEC) = 4
252232 openat(AT_FDCWD, "/home/brianklam/.cargo/registry/index/index.crates.io-1949cf8c6b5b557f/.cache/te/xt/text-size", O_RDONLY|O_CLOEXEC) = 4
252232 openat(AT_FDCWD, "/home/brianklam/.cargo/registry/index/index.crates.io-1949cf8c6b5b557f/.cache/se/rd/serde_derive", O_RDONLY|O_CLOEXEC) = 4
252232 openat(AT_FDCWD, "/home/brianklam/.cargo/registry/index/index.crates.io-1949cf8c6b5b557f/.cache/th/is/thiserror-impl", O_RDONLY|O_CLOEXEC) = 4
252232 openat(AT_FDCWD, "/home/brianklam/.cargo/registry/index/index.crates.io-1949cf8c6b5b557f/.cache/ge/tr/getrandom", O_RDONLY|O_CLOEXEC) = 4
252232 openat(AT_FDCWD, "/home/brianklam/.cargo/registry/index/index.crates.io-1949cf8c6b5b557f/.cache/js/-s/js-sys", O_RDONLY|O_CLOEXEC) = 4
252232 openat(AT_FDCWD, "/home/brianklam/.cargo/registry/index/index.crates.io-1949cf8c6b5b557f/.cache/sh/a1/sha1_smol", O_RDONLY|O_CLOEXEC) = 4
252232 openat(AT_FDCWD, "/home/brianklam/.cargo/registry/index/index.crates.io-1949cf8c6b5b557f/.cache/wa/sm/wasm-bindgen", O_RDONLY|O_CLOEXEC) = 4
252232 openat(AT_FDCWD, "/home/brianklam/.cargo/registry/index/index.crates.io-1949cf8c6b5b557f/.cache/cf/g-/cfg-if", O_RDONLY|O_CLOEXEC) = 4
252232 openat(AT_FDCWD, "/home/brianklam/.cargo/registry/index/index.crates.io-1949cf8c6b5b557f/.cache/ru/st/rustix", O_RDONLY|O_CLOEXEC) = 4
252232 openat(AT_FDCWD, "/home/brianklam/.cargo/registry/index/index.crates.io-1949cf8c6b5b557f/.cache/wi/nd/windows-sys", O_RDONLY|O_CLOEXEC) = 4
252232 openat(AT_FDCWD, "/home/brianklam/.cargo/registry/index/index.crates.io-1949cf8c6b5b557f/.cache/ar/ra/arrayref", O_RDONLY|O_CLOEXEC) = 4
252232 openat(AT_FDCWD, "/home/brianklam/.cargo/registry/index/index.crates.io-1949cf8c6b5b557f/.cache/ar/ra/arrayvec", O_RDONLY|O_CLOEXEC) = 4
252232 openat(AT_FDCWD, "/home/brianklam/.cargo/registry/index/index.crates.io-1949cf8c6b5b557f/.cache/co/ns/constant_time_eq", O_RDONLY|O_CLOEXEC) = 4
252232 openat(AT_FDCWD, "/home/brianklam/.cargo/registry/index/index.crates.io-1949cf8c6b5b557f/.cache/cp/uf/cpufeatures", O_RDONLY|O_CLOEXEC) = 4
252232 openat(AT_FDCWD, "/home/brianklam/.cargo/registry/index/index.crates.io-1949cf8c6b5b557f/.cache/sm/al/smallvec", O_RDONLY|O_CLOEXEC) = 4
252232 openat(AT_FDCWD, "/home/brianklam/.cargo/registry/index/index.crates.io-1949cf8c6b5b557f/.cache/st/r_/str_indices", O_RDONLY|O_CLOEXEC) = 4
252232 openat(AT_FDCWD, "/home/brianklam/.cargo/registry/index/index.crates.io-1949cf8c6b5b557f/.cache/pr/oc/proc-macro2", O_RDONLY|O_CLOEXEC) = 4
252232 openat(AT_FDCWD, "/home/brianklam/.cargo/registry/index/index.crates.io-1949cf8c6b5b557f/.cache/qu/ot/quote", O_RDONLY|O_CLOEXEC) = 4
252232 openat(AT_FDCWD, "/home/brianklam/.cargo/registry/index/index.crates.io-1949cf8c6b5b557f/.cache/3/s/syn", O_RDONLY|O_CLOEXEC) = 4
252232 openat(AT_FDCWD, "/home/brianklam/.cargo/registry/index/index.crates.io-1949cf8c6b5b557f/.cache/r-/ef/r-efi", O_RDONLY|O_CLOEXEC) = 4
252232 openat(AT_FDCWD, "/home/brianklam/.cargo/registry/index/index.crates.io-1949cf8c6b5b557f/.cache/fu/tu/futures-util", O_RDONLY|O_CLOEXEC) = 4
252232 openat(AT_FDCWD, "/home/brianklam/.cargo/registry/index/index.crates.io-1949cf8c6b5b557f/.cache/on/ce/once_cell", O_RDONLY|O_CLOEXEC) = 4
252232 openat(AT_FDCWD, "/home/brianklam/.cargo/registry/index/index.crates.io-1949cf8c6b5b557f/.cache/ru/st/rustversion", O_RDONLY|O_CLOEXEC) = 4
252232 openat(AT_FDCWD, "/home/brianklam/.cargo/registry/index/index.crates.io-1949cf8c6b5b557f/.cache/wa/sm/wasm-bindgen-macro", O_RDONLY|O_CLOEXEC) = 4
252232 openat(AT_FDCWD, "/home/brianklam/.cargo/registry/index/index.crates.io-1949cf8c6b5b557f/.cache/wa/sm/wasm-bindgen-shared", O_RDONLY|O_CLOEXEC) = 4
252232 openat(AT_FDCWD, "/home/brianklam/.cargo/registry/index/index.crates.io-1949cf8c6b5b557f/.cache/bi/tf/bitflags", O_RDONLY|O_CLOEXEC) = 4
252232 openat(AT_FDCWD, "/home/brianklam/.cargo/registry/index/index.crates.io-1949cf8c6b5b557f/.cache/er/rn/errno", O_RDONLY|O_CLOEXEC) = 4
252232 openat(AT_FDCWD, "/home/brianklam/.cargo/registry/index/index.crates.io-1949cf8c6b5b557f/.cache/li/nu/linux-raw-sys", O_RDONLY|O_CLOEXEC) = 4
252232 openat(AT_FDCWD, "/home/brianklam/.cargo/registry/index/index.crates.io-1949cf8c6b5b557f/.cache/wi/nd/windows-targets", O_RDONLY|O_CLOEXEC) = 4
252232 openat(AT_FDCWD, "/home/brianklam/.cargo/registry/index/index.crates.io-1949cf8c6b5b557f/.cache/un/ic/unicode-ident", O_RDONLY|O_CLOEXEC) = 4
252232 openat(AT_FDCWD, "/home/brianklam/.cargo/registry/index/index.crates.io-1949cf8c6b5b557f/.cache/fu/tu/futures-core", O_RDONLY|O_CLOEXEC) = 4
252232 openat(AT_FDCWD, "/home/brianklam/.cargo/registry/index/index.crates.io-1949cf8c6b5b557f/.cache/fu/tu/futures-task", O_RDONLY|O_CLOEXEC) = 4
252232 openat(AT_FDCWD, "/home/brianklam/.cargo/registry/index/index.crates.io-1949cf8c6b5b557f/.cache/pi/n-/pin-project-lite", O_RDONLY|O_CLOEXEC) = 4
252232 openat(AT_FDCWD, "/home/brianklam/.cargo/registry/index/index.crates.io-1949cf8c6b5b557f/.cache/sl/ab/slab", O_RDONLY|O_CLOEXEC) = 4
252232 openat(AT_FDCWD, "/home/brianklam/.cargo/registry/index/index.crates.io-1949cf8c6b5b557f/.cache/wa/sm/wasm-bindgen-macro-support", O_RDONLY|O_CLOEXEC) = 4
252232 openat(AT_FDCWD, "/home/brianklam/.cargo/registry/index/index.crates.io-1949cf8c6b5b557f/.cache/wi/nd/windows-link", O_RDONLY|O_CLOEXEC) = 4
252232 openat(AT_FDCWD, "/home/brianklam/.cargo/registry/index/index.crates.io-1949cf8c6b5b557f/.cache/wi/nd/windows_aarch64_gnullvm", O_RDONLY|O_CLOEXEC) = 4
252232 openat(AT_FDCWD, "/home/brianklam/.cargo/registry/index/index.crates.io-1949cf8c6b5b557f/.cache/wi/nd/windows_aarch64_msvc", O_RDONLY|O_CLOEXEC) = 4
252232 openat(AT_FDCWD, "/home/brianklam/.cargo/registry/index/index.crates.io-1949cf8c6b5b557f/.cache/wi/nd/windows_i686_gnu", O_RDONLY|O_CLOEXEC) = 4
252232 openat(AT_FDCWD, "/home/brianklam/.cargo/registry/index/index.crates.io-1949cf8c6b5b557f/.cache/wi/nd/windows_i686_gnullvm", O_RDONLY|O_CLOEXEC) = 4
252232 openat(AT_FDCWD, "/home/brianklam/.cargo/registry/index/index.crates.io-1949cf8c6b5b557f/.cache/wi/nd/windows_i686_msvc", O_RDONLY|O_CLOEXEC) = 4
252232 openat(AT_FDCWD, "/home/brianklam/.cargo/registry/index/index.crates.io-1949cf8c6b5b557f/.cache/wi/nd/windows_x86_64_gnu", O_RDONLY|O_CLOEXEC) = 4
252232 openat(AT_FDCWD, "/home/brianklam/.cargo/registry/index/index.crates.io-1949cf8c6b5b557f/.cache/wi/nd/windows_x86_64_gnullvm", O_RDONLY|O_CLOEXEC) = 4
252232 openat(AT_FDCWD, "/home/brianklam/.cargo/registry/index/index.crates.io-1949cf8c6b5b557f/.cache/wi/nd/windows_x86_64_msvc", O_RDONLY|O_CLOEXEC) = 4
252232 openat(AT_FDCWD, "/home/brianklam/.cargo/registry/index/index.crates.io-1949cf8c6b5b557f/.cache/bu/mp/bumpalo", O_RDONLY|O_CLOEXEC) = 4
252232 openat(AT_FDCWD, "/home/brianklam/.cargo/.global-cache", O_RDWR|O_CREAT|O_NOFOLLOW|O_CLOEXEC, 0644) = 4
252232 openat(AT_FDCWD, "/dev/urandom", O_RDONLY|O_CLOEXEC) = 5
252232 openat(AT_FDCWD, "/home/brianklam/Desktop/liminal/fuzz/Cargo.lock", O_RDONLY|O_CLOEXEC) = 3
252232 openat(AT_FDCWD, "/home/brianklam/.cargo/.package-cache", O_RDWR|O_CREAT|O_CLOEXEC, 0666) = 3
252232 openat(AT_FDCWD, "/home/brianklam/Desktop/liminal/fuzz/target/.rustc_info.json", O_RDONLY|O_CLOEXEC) = 5
252232 openat(AT_FDCWD, "/home/brianklam/.cargo/.package-cache", O_RDWR|O_CREAT|O_CLOEXEC, 0666) = 3
252232 openat(AT_FDCWD, "/home/brianklam/.cargo/registry/cache/index.crates.io-1949cf8c6b5b557f/arbitrary-1.4.2.crate", O_RDONLY|O_CLOEXEC) = 5
252232 openat(AT_FDCWD, "/home/brianklam/.cargo/registry/src/index.crates.io-1949cf8c6b5b557f/arbitrary-1.4.2/.cargo-ok", O_RDONLY|O_CLOEXEC) = 6
252232 openat(AT_FDCWD, "/home/brianklam/.cargo/registry/src/index.crates.io-1949cf8c6b5b557f/arbitrary-1.4.2/Cargo.toml", O_RDONLY|O_CLOEXEC) = 6
252232 openat(AT_FDCWD, "/home/brianklam/.cargo/registry/cache/index.crates.io-1949cf8c6b5b557f/arrayref-0.3.9.crate", O_RDONLY|O_CLOEXEC) = 5
252232 openat(AT_FDCWD, "/home/brianklam/.cargo/registry/src/index.crates.io-1949cf8c6b5b557f/arrayref-0.3.9/.cargo-ok", O_RDONLY|O_CLOEXEC) = 6
252232 openat(AT_FDCWD, "/home/brianklam/.cargo/registry/src/index.crates.io-1949cf8c6b5b557f/arrayref-0.3.9/Cargo.toml", O_RDONLY|O_CLOEXEC) = 6
252232 openat(AT_FDCWD, "/home/brianklam/.cargo/registry/src/index.crates.io-1949cf8c6b5b557f/arrayref-0.3.9/src/bin", O_RDONLY|O_NONBLOCK|O_CLOEXEC|O_DIRECTORY) = -1 ENOENT (No such file or directory)
252232 openat(AT_FDCWD, "/home/brianklam/.cargo/registry/src/index.crates.io-1949cf8c6b5b557f/arrayref-0.3.9/examples", O_RDONLY|O_NONBLOCK|O_CLOEXEC|O_DIRECTORY) = 6
252232 openat(AT_FDCWD, "/home/brianklam/.cargo/registry/src/index.crates.io-1949cf8c6b5b557f/arrayref-0.3.9/tests", O_RDONLY|O_NONBLOCK|O_CLOEXEC|O_DIRECTORY) = -1 ENOENT (No such file or directory)
252232 openat(AT_FDCWD, "/home/brianklam/.cargo/registry/src/index.crates.io-1949cf8c6b5b557f/arrayref-0.3.9/benches", O_RDONLY|O_NONBLOCK|O_CLOEXEC|O_DIRECTORY) = -1 ENOENT (No such file or directory)
252232 openat(AT_FDCWD, "/home/brianklam/.cargo/registry/cache/index.crates.io-1949cf8c6b5b557f/arrayvec-0.7.8.crate", O_RDONLY|O_CLOEXEC) = 5
252232 openat(AT_FDCWD, "/home/brianklam/.cargo/registry/src/index.crates.io-1949cf8c6b5b557f/arrayvec-0.7.8/.cargo-ok", O_RDONLY|O_CLOEXEC) = 6
252232 openat(AT_FDCWD, "/home/brianklam/.cargo/registry/src/index.crates.io-1949cf8c6b5b557f/arrayvec-0.7.8/Cargo.toml", O_RDONLY|O_CLOEXEC) = 6
252232 openat(AT_FDCWD, "/home/brianklam/.cargo/registry/cache/index.crates.io-1949cf8c6b5b557f/bitflags-2.13.1.crate", O_RDONLY|O_CLOEXEC) = 5
252232 openat(AT_FDCWD, "/home/brianklam/.cargo/registry/src/index.crates.io-1949cf8c6b5b557f/bitflags-2.13.1/.cargo-ok", O_RDONLY|O_CLOEXEC) = 6
252232 openat(AT_FDCWD, "/home/brianklam/.cargo/registry/src/index.crates.io-1949cf8c6b5b557f/bitflags-2.13.1/Cargo.toml", O_RDONLY|O_CLOEXEC) = 6
252232 openat(AT_FDCWD, "/home/brianklam/.cargo/registry/cache/index.crates.io-1949cf8c6b5b557f/blake3-1.8.5.crate", O_RDONLY|O_CLOEXEC) = 5
252232 openat(AT_FDCWD, "/home/brianklam/.cargo/registry/src/index.crates.io-1949cf8c6b5b557f/blake3-1.8.5/.cargo-ok", O_RDONLY|O_CLOEXEC) = 6
252232 openat(AT_FDCWD, "/home/brianklam/.cargo/registry/src/index.crates.io-1949cf8c6b5b557f/blake3-1.8.5/Cargo.toml", O_RDONLY|O_CLOEXEC) = 6
252232 openat(AT_FDCWD, "/home/brianklam/.cargo/registry/cache/index.crates.io-1949cf8c6b5b557f/camino-1.2.4.crate", O_RDONLY|O_CLOEXEC) = 5
252232 openat(AT_FDCWD, "/home/brianklam/.cargo/registry/src/index.crates.io-1949cf8c6b5b557f/camino-1.2.4/.cargo-ok", O_RDONLY|O_CLOEXEC) = 6
252232 openat(AT_FDCWD, "/home/brianklam/.cargo/registry/src/index.crates.io-1949cf8c6b5b557f/camino-1.2.4/Cargo.toml", O_RDONLY|O_CLOEXEC) = 6
252232 openat(AT_FDCWD, "/home/brianklam/.cargo/registry/cache/index.crates.io-1949cf8c6b5b557f/cc-1.3.0.crate", O_RDONLY|O_CLOEXEC) = 5
252232 openat(AT_FDCWD, "/home/brianklam/.cargo/registry/src/index.crates.io-1949cf8c6b5b557f/cc-1.3.0/.cargo-ok", O_RDONLY|O_CLOEXEC) = 6
252232 openat(AT_FDCWD, "/home/brianklam/.cargo/registry/src/index.crates.io-1949cf8c6b5b557f/cc-1.3.0/Cargo.toml", O_RDONLY|O_CLOEXEC) = 6
252232 openat(AT_FDCWD, "/home/brianklam/.cargo/registry/cache/index.crates.io-1949cf8c6b5b557f/cfg-if-1.0.4.crate", O_RDONLY|O_CLOEXEC) = 5
252232 openat(AT_FDCWD, "/home/brianklam/.cargo/registry/src/index.crates.io-1949cf8c6b5b557f/cfg-if-1.0.4/.cargo-ok", O_RDONLY|O_CLOEXEC) = 6
252232 openat(AT_FDCWD, "/home/brianklam/.cargo/registry/src/index.crates.io-1949cf8c6b5b557f/cfg-if-1.0.4/Cargo.toml", O_RDONLY|O_CLOEXEC) = 6
252232 openat(AT_FDCWD, "/home/brianklam/.cargo/registry/cache/index.crates.io-1949cf8c6b5b557f/constant_time_eq-0.4.2.crate", O_RDONLY|O_CLOEXEC) = 5
252232 openat(AT_FDCWD, "/home/brianklam/.cargo/registry/src/index.crates.io-1949cf8c6b5b557f/constant_time_eq-0.4.2/.cargo-ok", O_RDONLY|O_CLOEXEC) = 6
252232 openat(AT_FDCWD, "/home/brianklam/.cargo/registry/src/index.crates.io-1949cf8c6b5b557f/constant_time_eq-0.4.2/Cargo.toml", O_RDONLY|O_CLOEXEC) = 6
252232 openat(AT_FDCWD, "/home/brianklam/.cargo/registry/cache/index.crates.io-1949cf8c6b5b557f/countme-3.0.1.crate", O_RDONLY|O_CLOEXEC) = 5
252232 openat(AT_FDCWD, "/home/brianklam/.cargo/registry/src/index.crates.io-1949cf8c6b5b557f/countme-3.0.1/.cargo-ok", O_RDONLY|O_CLOEXEC) = 6
252232 openat(AT_FDCWD, "/home/brianklam/.cargo/registry/src/index.crates.io-1949cf8c6b5b557f/countme-3.0.1/Cargo.toml", O_RDONLY|O_CLOEXEC) = 6
252232 openat(AT_FDCWD, "/home/brianklam/.cargo/registry/src/index.crates.io-1949cf8c6b5b557f/countme-3.0.1/src/bin", O_RDONLY|O_NONBLOCK|O_CLOEXEC|O_DIRECTORY) = -1 ENOENT (No such file or directory)
252232 openat(AT_FDCWD, "/home/brianklam/.cargo/registry/src/index.crates.io-1949cf8c6b5b557f/countme-3.0.1/examples", O_RDONLY|O_NONBLOCK|O_CLOEXEC|O_DIRECTORY) = 6
252232 openat(AT_FDCWD, "/home/brianklam/.cargo/registry/src/index.crates.io-1949cf8c6b5b557f/countme-3.0.1/tests", O_RDONLY|O_NONBLOCK|O_CLOEXEC|O_DIRECTORY) = -1 ENOENT (No such file or directory)
252232 openat(AT_FDCWD, "/home/brianklam/.cargo/registry/src/index.crates.io-1949cf8c6b5b557f/countme-3.0.1/benches", O_RDONLY|O_NONBLOCK|O_CLOEXEC|O_DIRECTORY) = -1 ENOENT (No such file or directory)
252232 openat(AT_FDCWD, "/home/brianklam/.cargo/registry/cache/index.crates.io-1949cf8c6b5b557f/cpufeatures-0.3.0.crate", O_RDONLY|O_CLOEXEC) = 5
252232 openat(AT_FDCWD, "/home/brianklam/.cargo/registry/src/index.crates.io-1949cf8c6b5b557f/cpufeatures-0.3.0/.cargo-ok", O_RDONLY|O_CLOEXEC) = 6
252232 openat(AT_FDCWD, "/home/brianklam/.cargo/registry/src/index.crates.io-1949cf8c6b5b557f/cpufeatures-0.3.0/Cargo.toml", O_RDONLY|O_CLOEXEC) = 6
252232 openat(AT_FDCWD, "/home/brianklam/.cargo/registry/cache/index.crates.io-1949cf8c6b5b557f/crc32fast-1.5.0.crate", O_RDONLY|O_CLOEXEC) = 5
252232 openat(AT_FDCWD, "/home/brianklam/.cargo/registry/src/index.crates.io-1949cf8c6b5b557f/crc32fast-1.5.0/.cargo-ok", O_RDONLY|O_CLOEXEC) = 6
252232 openat(AT_FDCWD, "/home/brianklam/.cargo/registry/src/index.crates.io-1949cf8c6b5b557f/crc32fast-1.5.0/Cargo.toml", O_RDONLY|O_CLOEXEC) = 6
252232 openat(AT_FDCWD, "/home/brianklam/.cargo/registry/cache/index.crates.io-1949cf8c6b5b557f/errno-0.3.14.crate", O_RDONLY|O_CLOEXEC) = 5
252232 openat(AT_FDCWD, "/home/brianklam/.cargo/registry/src/index.crates.io-1949cf8c6b5b557f/errno-0.3.14/.cargo-ok", O_RDONLY|O_CLOEXEC) = 6
252232 openat(AT_FDCWD, "/home/brianklam/.cargo/registry/src/index.crates.io-1949cf8c6b5b557f/errno-0.3.14/Cargo.toml", O_RDONLY|O_CLOEXEC) = 6
252232 openat(AT_FDCWD, "/home/brianklam/.cargo/registry/cache/index.crates.io-1949cf8c6b5b557f/find-msvc-tools-0.1.9.crate", O_RDONLY|O_CLOEXEC) = 5
252232 openat(AT_FDCWD, "/home/brianklam/.cargo/registry/src/index.crates.io-1949cf8c6b5b557f/find-msvc-tools-0.1.9/.cargo-ok", O_RDONLY|O_CLOEXEC) = 6
252232 openat(AT_FDCWD, "/home/brianklam/.cargo/registry/src/index.crates.io-1949cf8c6b5b557f/find-msvc-tools-0.1.9/Cargo.toml", O_RDONLY|O_CLOEXEC) = 6
252232 openat(AT_FDCWD, "/home/brianklam/.cargo/registry/cache/index.crates.io-1949cf8c6b5b557f/fs4-0.13.1.crate", O_RDONLY|O_CLOEXEC) = 5
252232 openat(AT_FDCWD, "/home/brianklam/.cargo/registry/src/index.crates.io-1949cf8c6b5b557f/fs4-0.13.1/.cargo-ok", O_RDONLY|O_CLOEXEC) = 6
252232 openat(AT_FDCWD, "/home/brianklam/.cargo/registry/src/index.crates.io-1949cf8c6b5b557f/fs4-0.13.1/Cargo.toml", O_RDONLY|O_CLOEXEC) = 6
252232 openat(AT_FDCWD, "/home/brianklam/.cargo/registry/cache/index.crates.io-1949cf8c6b5b557f/getrandom-0.4.3.crate", O_RDONLY|O_CLOEXEC) = 5
252232 openat(AT_FDCWD, "/home/brianklam/.cargo/registry/src/index.crates.io-1949cf8c6b5b557f/getrandom-0.4.3/.cargo-ok", O_RDONLY|O_CLOEXEC) = 6
252232 openat(AT_FDCWD, "/home/brianklam/.cargo/registry/src/index.crates.io-1949cf8c6b5b557f/getrandom-0.4.3/Cargo.toml", O_RDONLY|O_CLOEXEC) = 6
252232 openat(AT_FDCWD, "/home/brianklam/.cargo/registry/cache/index.crates.io-1949cf8c6b5b557f/hashbrown-0.14.5.crate", O_RDONLY|O_CLOEXEC) = 5
252232 openat(AT_FDCWD, "/home/brianklam/.cargo/registry/src/index.crates.io-1949cf8c6b5b557f/hashbrown-0.14.5/.cargo-ok", O_RDONLY|O_CLOEXEC) = 6
252232 openat(AT_FDCWD, "/home/brianklam/.cargo/registry/src/index.crates.io-1949cf8c6b5b557f/hashbrown-0.14.5/Cargo.toml", O_RDONLY|O_CLOEXEC) = 6
252232 openat(AT_FDCWD, "/home/brianklam/.cargo/registry/src/index.crates.io-1949cf8c6b5b557f/hashbrown-0.14.5/src/bin", O_RDONLY|O_NONBLOCK|O_CLOEXEC|O_DIRECTORY) = -1 ENOENT (No such file or directory)
252232 openat(AT_FDCWD, "/home/brianklam/.cargo/registry/src/index.crates.io-1949cf8c6b5b557f/hashbrown-0.14.5/examples", O_RDONLY|O_NONBLOCK|O_CLOEXEC|O_DIRECTORY) = -1 ENOENT (No such file or directory)
252232 openat(AT_FDCWD, "/home/brianklam/.cargo/registry/src/index.crates.io-1949cf8c6b5b557f/hashbrown-0.14.5/tests", O_RDONLY|O_NONBLOCK|O_CLOEXEC|O_DIRECTORY) = 6
252232 openat(AT_FDCWD, "/home/brianklam/.cargo/registry/src/index.crates.io-1949cf8c6b5b557f/hashbrown-0.14.5/benches", O_RDONLY|O_NONBLOCK|O_CLOEXEC|O_DIRECTORY) = 6
252232 openat(AT_FDCWD, "/home/brianklam/.cargo/registry/cache/index.crates.io-1949cf8c6b5b557f/itoa-1.0.18.crate", O_RDONLY|O_CLOEXEC) = 5
252232 openat(AT_FDCWD, "/home/brianklam/.cargo/registry/src/index.crates.io-1949cf8c6b5b557f/itoa-1.0.18/.cargo-ok", O_RDONLY|O_CLOEXEC) = 6
252232 openat(AT_FDCWD, "/home/brianklam/.cargo/registry/src/index.crates.io-1949cf8c6b5b557f/itoa-1.0.18/Cargo.toml", O_RDONLY|O_CLOEXEC) = 6
252232 openat(AT_FDCWD, "/home/brianklam/.cargo/registry/cache/index.crates.io-1949cf8c6b5b557f/jobserver-0.1.35.crate", O_RDONLY|O_CLOEXEC) = 5
252232 openat(AT_FDCWD, "/home/brianklam/.cargo/registry/src/index.crates.io-1949cf8c6b5b557f/jobserver-0.1.35/.cargo-ok", O_RDONLY|O_CLOEXEC) = 6
252232 openat(AT_FDCWD, "/home/brianklam/.cargo/registry/src/index.crates.io-1949cf8c6b5b557f/jobserver-0.1.35/Cargo.toml", O_RDONLY|O_CLOEXEC) = 6
252232 openat(AT_FDCWD, "/home/brianklam/.cargo/registry/cache/index.crates.io-1949cf8c6b5b557f/libc-0.2.189.crate", O_RDONLY|O_CLOEXEC) = 5
252232 openat(AT_FDCWD, "/home/brianklam/.cargo/registry/src/index.crates.io-1949cf8c6b5b557f/libc-0.2.189/.cargo-ok", O_RDONLY|O_CLOEXEC) = 6
252232 openat(AT_FDCWD, "/home/brianklam/.cargo/registry/src/index.crates.io-1949cf8c6b5b557f/libc-0.2.189/Cargo.toml", O_RDONLY|O_CLOEXEC) = 6
252232 openat(AT_FDCWD, "/home/brianklam/.cargo/registry/cache/index.crates.io-1949cf8c6b5b557f/libfuzzer-sys-0.4.13.crate", O_RDONLY|O_CLOEXEC) = 5
252232 openat(AT_FDCWD, "/home/brianklam/.cargo/registry/src/index.crates.io-1949cf8c6b5b557f/libfuzzer-sys-0.4.13/.cargo-ok", O_RDONLY|O_CLOEXEC) = 6
252232 openat(AT_FDCWD, "/home/brianklam/.cargo/registry/src/index.crates.io-1949cf8c6b5b557f/libfuzzer-sys-0.4.13/Cargo.toml", O_RDONLY|O_CLOEXEC) = 6
252232 openat(AT_FDCWD, "/home/brianklam/.cargo/registry/cache/index.crates.io-1949cf8c6b5b557f/linux-raw-sys-0.12.1.crate", O_RDONLY|O_CLOEXEC) = 5
252232 openat(AT_FDCWD, "/home/brianklam/.cargo/registry/src/index.crates.io-1949cf8c6b5b557f/linux-raw-sys-0.12.1/.cargo-ok", O_RDONLY|O_CLOEXEC) = 6
252232 openat(AT_FDCWD, "/home/brianklam/.cargo/registry/src/index.crates.io-1949cf8c6b5b557f/linux-raw-sys-0.12.1/Cargo.toml", O_RDONLY|O_CLOEXEC) = 6
252232 openat(AT_FDCWD, "/home/brianklam/.cargo/registry/cache/index.crates.io-1949cf8c6b5b557f/memchr-2.8.3.crate", O_RDONLY|O_CLOEXEC) = 5
252232 openat(AT_FDCWD, "/home/brianklam/.cargo/registry/src/index.crates.io-1949cf8c6b5b557f/memchr-2.8.3/.cargo-ok", O_RDONLY|O_CLOEXEC) = 6
252232 openat(AT_FDCWD, "/home/brianklam/.cargo/registry/src/index.crates.io-1949cf8c6b5b557f/memchr-2.8.3/Cargo.toml", O_RDONLY|O_CLOEXEC) = 6
252232 openat(AT_FDCWD, "/home/brianklam/.cargo/registry/cache/index.crates.io-1949cf8c6b5b557f/proc-macro2-1.0.107.crate", O_RDONLY|O_CLOEXEC) = 5
252232 openat(AT_FDCWD, "/home/brianklam/.cargo/registry/src/index.crates.io-1949cf8c6b5b557f/proc-macro2-1.0.107/.cargo-ok", O_RDONLY|O_CLOEXEC) = 6
252232 openat(AT_FDCWD, "/home/brianklam/.cargo/registry/src/index.crates.io-1949cf8c6b5b557f/proc-macro2-1.0.107/Cargo.toml", O_RDONLY|O_CLOEXEC) = 6
252232 openat(AT_FDCWD, "/home/brianklam/.cargo/registry/cache/index.crates.io-1949cf8c6b5b557f/quote-1.0.47.crate", O_RDONLY|O_CLOEXEC) = 5
252232 openat(AT_FDCWD, "/home/brianklam/.cargo/registry/src/index.crates.io-1949cf8c6b5b557f/quote-1.0.47/.cargo-ok", O_RDONLY|O_CLOEXEC) = 6
252232 openat(AT_FDCWD, "/home/brianklam/.cargo/registry/src/index.crates.io-1949cf8c6b5b557f/quote-1.0.47/Cargo.toml", O_RDONLY|O_CLOEXEC) = 6
252232 openat(AT_FDCWD, "/home/brianklam/.cargo/registry/cache/index.crates.io-1949cf8c6b5b557f/ropey-1.6.1.crate", O_RDONLY|O_CLOEXEC) = 5
252232 openat(AT_FDCWD, "/home/brianklam/.cargo/registry/src/index.crates.io-1949cf8c6b5b557f/ropey-1.6.1/.cargo-ok", O_RDONLY|O_CLOEXEC) = 6
252232 openat(AT_FDCWD, "/home/brianklam/.cargo/registry/src/index.crates.io-1949cf8c6b5b557f/ropey-1.6.1/Cargo.toml", O_RDONLY|O_CLOEXEC) = 6
252232 openat(AT_FDCWD, "/home/brianklam/.cargo/registry/src/index.crates.io-1949cf8c6b5b557f/ropey-1.6.1/src/bin", O_RDONLY|O_NONBLOCK|O_CLOEXEC|O_DIRECTORY) = -1 ENOENT (No such file or directory)
252232 openat(AT_FDCWD, "/home/brianklam/.cargo/registry/src/index.crates.io-1949cf8c6b5b557f/ropey-1.6.1/examples", O_RDONLY|O_NONBLOCK|O_CLOEXEC|O_DIRECTORY) = 6
252232 openat(AT_FDCWD, "/home/brianklam/.cargo/registry/src/index.crates.io-1949cf8c6b5b557f/ropey-1.6.1/tests", O_RDONLY|O_NONBLOCK|O_CLOEXEC|O_DIRECTORY) = 6
252232 openat(AT_FDCWD, "/home/brianklam/.cargo/registry/src/index.crates.io-1949cf8c6b5b557f/ropey-1.6.1/benches", O_RDONLY|O_NONBLOCK|O_CLOEXEC|O_DIRECTORY) = 6
252232 openat(AT_FDCWD, "/home/brianklam/.cargo/registry/cache/index.crates.io-1949cf8c6b5b557f/rowan-0.16.1.crate", O_RDONLY|O_CLOEXEC) = 5
252232 openat(AT_FDCWD, "/home/brianklam/.cargo/registry/src/index.crates.io-1949cf8c6b5b557f/rowan-0.16.1/.cargo-ok", O_RDONLY|O_CLOEXEC) = 6
252232 openat(AT_FDCWD, "/home/brianklam/.cargo/registry/src/index.crates.io-1949cf8c6b5b557f/rowan-0.16.1/Cargo.toml", O_RDONLY|O_CLOEXEC) = 6
252232 openat(AT_FDCWD, "/home/brianklam/.cargo/registry/cache/index.crates.io-1949cf8c6b5b557f/rustc-hash-1.1.0.crate", O_RDONLY|O_CLOEXEC) = 5
252232 openat(AT_FDCWD, "/home/brianklam/.cargo/registry/src/index.crates.io-1949cf8c6b5b557f/rustc-hash-1.1.0/.cargo-ok", O_RDONLY|O_CLOEXEC) = 6
252232 openat(AT_FDCWD, "/home/brianklam/.cargo/registry/src/index.crates.io-1949cf8c6b5b557f/rustc-hash-1.1.0/Cargo.toml", O_RDONLY|O_CLOEXEC) = 6
252232 openat(AT_FDCWD, "/home/brianklam/.cargo/registry/src/index.crates.io-1949cf8c6b5b557f/rustc-hash-1.1.0/src/bin", O_RDONLY|O_NONBLOCK|O_CLOEXEC|O_DIRECTORY) = -1 ENOENT (No such file or directory)
252232 openat(AT_FDCWD, "/home/brianklam/.cargo/registry/src/index.crates.io-1949cf8c6b5b557f/rustc-hash-1.1.0/examples", O_RDONLY|O_NONBLOCK|O_CLOEXEC|O_DIRECTORY) = -1 ENOENT (No such file or directory)
252232 openat(AT_FDCWD, "/home/brianklam/.cargo/registry/src/index.crates.io-1949cf8c6b5b557f/rustc-hash-1.1.0/tests", O_RDONLY|O_NONBLOCK|O_CLOEXEC|O_DIRECTORY) = -1 ENOENT (No such file or directory)
252232 openat(AT_FDCWD, "/home/brianklam/.cargo/registry/src/index.crates.io-1949cf8c6b5b557f/rustc-hash-1.1.0/benches", O_RDONLY|O_NONBLOCK|O_CLOEXEC|O_DIRECTORY) = -1 ENOENT (No such file or directory)
252232 openat(AT_FDCWD, "/home/brianklam/.cargo/registry/cache/index.crates.io-1949cf8c6b5b557f/rustix-1.1.4.crate", O_RDONLY|O_CLOEXEC) = 5
252232 openat(AT_FDCWD, "/home/brianklam/.cargo/registry/src/index.crates.io-1949cf8c6b5b557f/rustix-1.1.4/.cargo-ok", O_RDONLY|O_CLOEXEC) = 6
252232 openat(AT_FDCWD, "/home/brianklam/.cargo/registry/src/index.crates.io-1949cf8c6b5b557f/rustix-1.1.4/Cargo.toml", O_RDONLY|O_CLOEXEC) = 6
252232 openat(AT_FDCWD, "/home/brianklam/.cargo/registry/cache/index.crates.io-1949cf8c6b5b557f/serde-1.0.229.crate", O_RDONLY|O_CLOEXEC) = 5
252232 openat(AT_FDCWD, "/home/brianklam/.cargo/registry/src/index.crates.io-1949cf8c6b5b557f/serde-1.0.229/.cargo-ok", O_RDONLY|O_CLOEXEC) = 6
252232 openat(AT_FDCWD, "/home/brianklam/.cargo/registry/src/index.crates.io-1949cf8c6b5b557f/serde-1.0.229/Cargo.toml", O_RDONLY|O_CLOEXEC) = 6
252232 openat(AT_FDCWD, "/home/brianklam/.cargo/registry/cache/index.crates.io-1949cf8c6b5b557f/serde_core-1.0.229.crate", O_RDONLY|O_CLOEXEC) = 5
252232 openat(AT_FDCWD, "/home/brianklam/.cargo/registry/src/index.crates.io-1949cf8c6b5b557f/serde_core-1.0.229/.cargo-ok", O_RDONLY|O_CLOEXEC) = 6
252232 openat(AT_FDCWD, "/home/brianklam/.cargo/registry/src/index.crates.io-1949cf8c6b5b557f/serde_core-1.0.229/Cargo.toml", O_RDONLY|O_CLOEXEC) = 6
252232 openat(AT_FDCWD, "/home/brianklam/.cargo/registry/cache/index.crates.io-1949cf8c6b5b557f/serde_derive-1.0.229.crate", O_RDONLY|O_CLOEXEC) = 5
252232 openat(AT_FDCWD, "/home/brianklam/.cargo/registry/src/index.crates.io-1949cf8c6b5b557f/serde_derive-1.0.229/.cargo-ok", O_RDONLY|O_CLOEXEC) = 6
252232 openat(AT_FDCWD, "/home/brianklam/.cargo/registry/src/index.crates.io-1949cf8c6b5b557f/serde_derive-1.0.229/Cargo.toml", O_RDONLY|O_CLOEXEC) = 6
252232 openat(AT_FDCWD, "/home/brianklam/.cargo/registry/cache/index.crates.io-1949cf8c6b5b557f/serde_json-1.0.151.crate", O_RDONLY|O_CLOEXEC) = 5
252232 openat(AT_FDCWD, "/home/brianklam/.cargo/registry/src/index.crates.io-1949cf8c6b5b557f/serde_json-1.0.151/.cargo-ok", O_RDONLY|O_CLOEXEC) = 6
252232 openat(AT_FDCWD, "/home/brianklam/.cargo/registry/src/index.crates.io-1949cf8c6b5b557f/serde_json-1.0.151/Cargo.toml", O_RDONLY|O_CLOEXEC) = 6
252232 openat(AT_FDCWD, "/home/brianklam/.cargo/registry/cache/index.crates.io-1949cf8c6b5b557f/sha1_smol-1.0.1.crate", O_RDONLY|O_CLOEXEC) = 5
252232 openat(AT_FDCWD, "/home/brianklam/.cargo/registry/src/index.crates.io-1949cf8c6b5b557f/sha1_smol-1.0.1/.cargo-ok", O_RDONLY|O_CLOEXEC) = 6
252232 openat(AT_FDCWD, "/home/brianklam/.cargo/registry/src/index.crates.io-1949cf8c6b5b557f/sha1_smol-1.0.1/Cargo.toml", O_RDONLY|O_CLOEXEC) = 6
252232 openat(AT_FDCWD, "/home/brianklam/.cargo/registry/src/index.crates.io-1949cf8c6b5b557f/sha1_smol-1.0.1/src/bin", O_RDONLY|O_NONBLOCK|O_CLOEXEC|O_DIRECTORY) = -1 ENOENT (No such file or directory)
252232 openat(AT_FDCWD, "/home/brianklam/.cargo/registry/src/index.crates.io-1949cf8c6b5b557f/sha1_smol-1.0.1/examples", O_RDONLY|O_NONBLOCK|O_CLOEXEC|O_DIRECTORY) = -1 ENOENT (No such file or directory)
252232 openat(AT_FDCWD, "/home/brianklam/.cargo/registry/src/index.crates.io-1949cf8c6b5b557f/sha1_smol-1.0.1/tests", O_RDONLY|O_NONBLOCK|O_CLOEXEC|O_DIRECTORY) = -1 ENOENT (No such file or directory)
252232 openat(AT_FDCWD, "/home/brianklam/.cargo/registry/src/index.crates.io-1949cf8c6b5b557f/sha1_smol-1.0.1/benches", O_RDONLY|O_NONBLOCK|O_CLOEXEC|O_DIRECTORY) = -1 ENOENT (No such file or directory)
252232 openat(AT_FDCWD, "/home/brianklam/.cargo/registry/cache/index.crates.io-1949cf8c6b5b557f/shlex-2.0.1.crate", O_RDONLY|O_CLOEXEC) = 5
252232 openat(AT_FDCWD, "/home/brianklam/.cargo/registry/src/index.crates.io-1949cf8c6b5b557f/shlex-2.0.1/.cargo-ok", O_RDONLY|O_CLOEXEC) = 6
252232 openat(AT_FDCWD, "/home/brianklam/.cargo/registry/src/index.crates.io-1949cf8c6b5b557f/shlex-2.0.1/Cargo.toml", O_RDONLY|O_CLOEXEC) = 6
252232 openat(AT_FDCWD, "/home/brianklam/.cargo/registry/cache/index.crates.io-1949cf8c6b5b557f/smallvec-1.15.2.crate", O_RDONLY|O_CLOEXEC) = 5
252232 openat(AT_FDCWD, "/home/brianklam/.cargo/registry/src/index.crates.io-1949cf8c6b5b557f/smallvec-1.15.2/.cargo-ok", O_RDONLY|O_CLOEXEC) = 6
252232 openat(AT_FDCWD, "/home/brianklam/.cargo/registry/src/index.crates.io-1949cf8c6b5b557f/smallvec-1.15.2/Cargo.toml", O_RDONLY|O_CLOEXEC) = 6
252232 openat(AT_FDCWD, "/home/brianklam/.cargo/registry/cache/index.crates.io-1949cf8c6b5b557f/str_indices-0.4.4.crate", O_RDONLY|O_CLOEXEC) = 5
252232 openat(AT_FDCWD, "/home/brianklam/.cargo/registry/src/index.crates.io-1949cf8c6b5b557f/str_indices-0.4.4/.cargo-ok", O_RDONLY|O_CLOEXEC) = 6
252232 openat(AT_FDCWD, "/home/brianklam/.cargo/registry/src/index.crates.io-1949cf8c6b5b557f/str_indices-0.4.4/Cargo.toml", O_RDONLY|O_CLOEXEC) = 6
252232 openat(AT_FDCWD, "/home/brianklam/.cargo/registry/cache/index.crates.io-1949cf8c6b5b557f/syn-3.0.3.crate", O_RDONLY|O_CLOEXEC) = 5
252232 openat(AT_FDCWD, "/home/brianklam/.cargo/registry/src/index.crates.io-1949cf8c6b5b557f/syn-3.0.3/.cargo-ok", O_RDONLY|O_CLOEXEC) = 6
252232 openat(AT_FDCWD, "/home/brianklam/.cargo/registry/src/index.crates.io-1949cf8c6b5b557f/syn-3.0.3/Cargo.toml", O_RDONLY|O_CLOEXEC) = 6
252232 openat(AT_FDCWD, "/home/brianklam/.cargo/registry/cache/index.crates.io-1949cf8c6b5b557f/text-size-1.1.1.crate", O_RDONLY|O_CLOEXEC) = 5
252232 openat(AT_FDCWD, "/home/brianklam/.cargo/registry/src/index.crates.io-1949cf8c6b5b557f/text-size-1.1.1/.cargo-ok", O_RDONLY|O_CLOEXEC) = 6
252232 openat(AT_FDCWD, "/home/brianklam/.cargo/registry/src/index.crates.io-1949cf8c6b5b557f/text-size-1.1.1/Cargo.toml", O_RDONLY|O_CLOEXEC) = 6
252232 openat(AT_FDCWD, "/home/brianklam/.cargo/registry/src/index.crates.io-1949cf8c6b5b557f/text-size-1.1.1/src/bin", O_RDONLY|O_NONBLOCK|O_CLOEXEC|O_DIRECTORY) = -1 ENOENT (No such file or directory)
252232 openat(AT_FDCWD, "/home/brianklam/.cargo/registry/src/index.crates.io-1949cf8c6b5b557f/text-size-1.1.1/examples", O_RDONLY|O_NONBLOCK|O_CLOEXEC|O_DIRECTORY) = -1 ENOENT (No such file or directory)
252232 openat(AT_FDCWD, "/home/brianklam/.cargo/registry/src/index.crates.io-1949cf8c6b5b557f/text-size-1.1.1/tests", O_RDONLY|O_NONBLOCK|O_CLOEXEC|O_DIRECTORY) = 6
252232 openat(AT_FDCWD, "/home/brianklam/.cargo/registry/src/index.crates.io-1949cf8c6b5b557f/text-size-1.1.1/benches", O_RDONLY|O_NONBLOCK|O_CLOEXEC|O_DIRECTORY) = -1 ENOENT (No such file or directory)
252232 openat(AT_FDCWD, "/home/brianklam/.cargo/registry/cache/index.crates.io-1949cf8c6b5b557f/thiserror-2.0.19.crate", O_RDONLY|O_CLOEXEC) = 5
252232 openat(AT_FDCWD, "/home/brianklam/.cargo/registry/src/index.crates.io-1949cf8c6b5b557f/thiserror-2.0.19/.cargo-ok", O_RDONLY|O_CLOEXEC) = 6
252232 openat(AT_FDCWD, "/home/brianklam/.cargo/registry/src/index.crates.io-1949cf8c6b5b557f/thiserror-2.0.19/Cargo.toml", O_RDONLY|O_CLOEXEC) = 6
252232 openat(AT_FDCWD, "/home/brianklam/.cargo/registry/cache/index.crates.io-1949cf8c6b5b557f/thiserror-impl-2.0.19.crate", O_RDONLY|O_CLOEXEC) = 5
252232 openat(AT_FDCWD, "/home/brianklam/.cargo/registry/src/index.crates.io-1949cf8c6b5b557f/thiserror-impl-2.0.19/.cargo-ok", O_RDONLY|O_CLOEXEC) = 6
252232 openat(AT_FDCWD, "/home/brianklam/.cargo/registry/src/index.crates.io-1949cf8c6b5b557f/thiserror-impl-2.0.19/Cargo.toml", O_RDONLY|O_CLOEXEC) = 6
252232 openat(AT_FDCWD, "/home/brianklam/.cargo/registry/cache/index.crates.io-1949cf8c6b5b557f/unicode-ident-1.0.24.crate", O_RDONLY|O_CLOEXEC) = 5
252232 openat(AT_FDCWD, "/home/brianklam/.cargo/registry/src/index.crates.io-1949cf8c6b5b557f/unicode-ident-1.0.24/.cargo-ok", O_RDONLY|O_CLOEXEC) = 6
252232 openat(AT_FDCWD, "/home/brianklam/.cargo/registry/src/index.crates.io-1949cf8c6b5b557f/unicode-ident-1.0.24/Cargo.toml", O_RDONLY|O_CLOEXEC) = 6
252232 openat(AT_FDCWD, "/home/brianklam/.cargo/registry/cache/index.crates.io-1949cf8c6b5b557f/uuid-1.24.0.crate", O_RDONLY|O_CLOEXEC) = 5
252232 openat(AT_FDCWD, "/home/brianklam/.cargo/registry/src/index.crates.io-1949cf8c6b5b557f/uuid-1.24.0/.cargo-ok", O_RDONLY|O_CLOEXEC) = 6
252232 openat(AT_FDCWD, "/home/brianklam/.cargo/registry/src/index.crates.io-1949cf8c6b5b557f/uuid-1.24.0/Cargo.toml", O_RDONLY|O_CLOEXEC) = 6
252232 openat(AT_FDCWD, "/home/brianklam/.cargo/registry/cache/index.crates.io-1949cf8c6b5b557f/zmij-1.0.23.crate", O_RDONLY|O_CLOEXEC) = 5
252232 openat(AT_FDCWD, "/home/brianklam/.cargo/registry/src/index.crates.io-1949cf8c6b5b557f/zmij-1.0.23/.cargo-ok", O_RDONLY|O_CLOEXEC) = 6
252232 openat(AT_FDCWD, "/home/brianklam/.cargo/registry/src/index.crates.io-1949cf8c6b5b557f/zmij-1.0.23/Cargo.toml", O_RDONLY|O_CLOEXEC) = 6
252232 openat(AT_FDCWD, "/home/brianklam/.cargo/.package-cache", O_RDWR|O_CREAT|O_CLOEXEC, 0666) = 3
252232 openat(AT_FDCWD, "/home/brianklam/Desktop/liminal/fuzz/target/.rustc_info.json", O_RDONLY|O_CLOEXEC) = 3
252232 openat(AT_FDCWD, "/home/brianklam/.cargo/.package-cache-mutate", O_RDWR|O_CREAT|O_CLOEXEC, 0666) = 3
252232 openat(AT_FDCWD, "/home/brianklam/.cargo/.package-cache", O_RDWR|O_CREAT|O_CLOEXEC, 0666) = 5
252232 openat(AT_FDCWD, "/home/brianklam/.cargo/.package-cache-mutate", O_RDWR|O_CREAT|O_CLOEXEC, 0666) = 6
252232 openat(AT_FDCWD, "/home/brianklam/Desktop/liminal/fuzz/target/release/.cargo-build-lock", O_RDWR|O_CREAT|O_CLOEXEC, 0666) = 7
252232 openat(AT_FDCWD, "/home/brianklam/Desktop/liminal/fuzz/target/release/.cargo-lock", O_RDWR|O_CREAT|O_CLOEXEC, 0666) = 8
252232 openat(AT_FDCWD, "/home/brianklam/Desktop/liminal/fuzz/target/release/.cargo-artifact-lock", O_RDWR|O_CREAT|O_CLOEXEC, 0666) = 9
252232 openat(AT_FDCWD, "/home/brianklam/Desktop/liminal/fuzz/target/x86_64-unknown-linux-gnu/release/.cargo-build-lock", O_RDWR|O_CREAT|O_CLOEXEC, 0666) = 10
252232 openat(AT_FDCWD, "/home/brianklam/Desktop/liminal/fuzz/target/x86_64-unknown-linux-gnu/release/.cargo-lock", O_RDWR|O_CREAT|O_CLOEXEC, 0666) = 11
252232 openat(AT_FDCWD, "/home/brianklam/Desktop/liminal/fuzz/target/x86_64-unknown-linux-gnu/release/.cargo-artifact-lock", O_RDWR|O_CREAT|O_CLOEXEC, 0666) = 12
252232 openat(AT_FDCWD, "/home/brianklam/Desktop/liminal/fuzz/target/x86_64-unknown-linux-gnu/release/build/libfuzzer-sys-3e950981d28019a4/root-output", O_RDONLY|O_CLOEXEC) = 13
252232 openat(AT_FDCWD, "/home/brianklam/Desktop/liminal/fuzz/target/x86_64-unknown-linux-gnu/release/build/libfuzzer-sys-3e950981d28019a4/output", O_RDONLY|O_CLOEXEC) = 13
252232 openat(AT_FDCWD, "/home/brianklam/Desktop/liminal/fuzz/target/release/build/libc-d9ab42c0060afff1/root-output", O_RDONLY|O_CLOEXEC) = 13
252232 openat(AT_FDCWD, "/home/brianklam/Desktop/liminal/fuzz/target/release/build/libc-d9ab42c0060afff1/output", O_RDONLY|O_CLOEXEC) = 13
252232 openat(AT_FDCWD, "/home/brianklam/Desktop/liminal/fuzz/target/x86_64-unknown-linux-gnu/release/build/blake3-7de44125c0853c32/root-output", O_RDONLY|O_CLOEXEC) = 13
252232 openat(AT_FDCWD, "/home/brianklam/Desktop/liminal/fuzz/target/x86_64-unknown-linux-gnu/release/build/blake3-7de44125c0853c32/output", O_RDONLY|O_CLOEXEC) = 13
252232 openat(AT_FDCWD, "/home/brianklam/Desktop/liminal/fuzz/target/x86_64-unknown-linux-gnu/release/build/camino-9f638d0ea6e283be/root-output", O_RDONLY|O_CLOEXEC) = 13
252232 openat(AT_FDCWD, "/home/brianklam/Desktop/liminal/fuzz/target/x86_64-unknown-linux-gnu/release/build/camino-9f638d0ea6e283be/output", O_RDONLY|O_CLOEXEC) = 13
252232 openat(AT_FDCWD, "/home/brianklam/Desktop/liminal/fuzz/target/x86_64-unknown-linux-gnu/release/build/serde_core-a3a5b376eb4c8fdc/root-output", O_RDONLY|O_CLOEXEC) = 13
252232 openat(AT_FDCWD, "/home/brianklam/Desktop/liminal/fuzz/target/x86_64-unknown-linux-gnu/release/build/serde_core-a3a5b376eb4c8fdc/output", O_RDONLY|O_CLOEXEC) = 13
252232 openat(AT_FDCWD, "/home/brianklam/Desktop/liminal/fuzz/target/x86_64-unknown-linux-gnu/release/build/serde-78495eb71e80025f/root-output", O_RDONLY|O_CLOEXEC) = 13
252232 openat(AT_FDCWD, "/home/brianklam/Desktop/liminal/fuzz/target/x86_64-unknown-linux-gnu/release/build/serde-78495eb71e80025f/output", O_RDONLY|O_CLOEXEC) = 13
252232 openat(AT_FDCWD, "/home/brianklam/Desktop/liminal/fuzz/target/release/build/proc-macro2-040a326f2ba6af24/root-output", O_RDONLY|O_CLOEXEC) = 13
252232 openat(AT_FDCWD, "/home/brianklam/Desktop/liminal/fuzz/target/release/build/proc-macro2-040a326f2ba6af24/output", O_RDONLY|O_CLOEXEC) = 13
252232 openat(AT_FDCWD, "/home/brianklam/Desktop/liminal/fuzz/target/release/build/quote-31b5c9750e6f1052/root-output", O_RDONLY|O_CLOEXEC) = 13
252232 openat(AT_FDCWD, "/home/brianklam/Desktop/liminal/fuzz/target/release/build/quote-31b5c9750e6f1052/output", O_RDONLY|O_CLOEXEC) = 13
252232 openat(AT_FDCWD, "/home/brianklam/Desktop/liminal/fuzz/target/x86_64-unknown-linux-gnu/release/build/thiserror-810388d89ac0f182/root-output", O_RDONLY|O_CLOEXEC) = 13
252232 openat(AT_FDCWD, "/home/brianklam/Desktop/liminal/fuzz/target/x86_64-unknown-linux-gnu/release/build/thiserror-810388d89ac0f182/output", O_RDONLY|O_CLOEXEC) = 13
252232 openat(AT_FDCWD, "/home/brianklam/Desktop/liminal/fuzz/target/x86_64-unknown-linux-gnu/release/build/getrandom-236b6a03b9ba16fd/root-output", O_RDONLY|O_CLOEXEC) = 13
252232 openat(AT_FDCWD, "/home/brianklam/Desktop/liminal/fuzz/target/x86_64-unknown-linux-gnu/release/build/getrandom-236b6a03b9ba16fd/output", O_RDONLY|O_CLOEXEC) = 13
252232 openat(AT_FDCWD, "/home/brianklam/Desktop/liminal/fuzz/target/x86_64-unknown-linux-gnu/release/build/libc-7787f8f1dbf57be3/root-output", O_RDONLY|O_CLOEXEC) = 13
252232 openat(AT_FDCWD, "/home/brianklam/Desktop/liminal/fuzz/target/x86_64-unknown-linux-gnu/release/build/libc-7787f8f1dbf57be3/output", O_RDONLY|O_CLOEXEC) = 13
252232 openat(AT_FDCWD, "/home/brianklam/Desktop/liminal/fuzz/target/x86_64-unknown-linux-gnu/release/build/crc32fast-5d1cf97e47d94133/root-output", O_RDONLY|O_CLOEXEC) = 13
252232 openat(AT_FDCWD, "/home/brianklam/Desktop/liminal/fuzz/target/x86_64-unknown-linux-gnu/release/build/crc32fast-5d1cf97e47d94133/output", O_RDONLY|O_CLOEXEC) = 13
252232 openat(AT_FDCWD, "/home/brianklam/Desktop/liminal/fuzz/target/x86_64-unknown-linux-gnu/release/build/rustix-27ef1ab73081e014/root-output", O_RDONLY|O_CLOEXEC) = 13
252232 openat(AT_FDCWD, "/home/brianklam/Desktop/liminal/fuzz/target/x86_64-unknown-linux-gnu/release/build/rustix-27ef1ab73081e014/output", O_RDONLY|O_CLOEXEC) = 13
252232 openat(AT_FDCWD, "/home/brianklam/Desktop/liminal/fuzz/target/x86_64-unknown-linux-gnu/release/build/serde_json-30b1f722bba1044f/root-output", O_RDONLY|O_CLOEXEC) = 13
252232 openat(AT_FDCWD, "/home/brianklam/Desktop/liminal/fuzz/target/x86_64-unknown-linux-gnu/release/build/serde_json-30b1f722bba1044f/output", O_RDONLY|O_CLOEXEC) = 13
252232 openat(AT_FDCWD, "/home/brianklam/Desktop/liminal/fuzz/target/x86_64-unknown-linux-gnu/release/build/zmij-7338186cbb326ac5/root-output", O_RDONLY|O_CLOEXEC) = 13
252232 openat(AT_FDCWD, "/home/brianklam/Desktop/liminal/fuzz/target/x86_64-unknown-linux-gnu/release/build/zmij-7338186cbb326ac5/output", O_RDONLY|O_CLOEXEC) = 13
252232 openat(AT_FDCWD, "/home/brianklam/Desktop/liminal/fuzz/target/x86_64-unknown-linux-gnu/release/.fingerprint/arbitrary-f970362598c7f5d2/dep-lib-arbitrary", O_RDONLY|O_CLOEXEC) = 13
252232 openat(AT_FDCWD, "/home/brianklam/Desktop/liminal/fuzz/target/release/.fingerprint/find-msvc-tools-c53847beecb19cb8/dep-lib-find_msvc_tools", O_RDONLY|O_CLOEXEC) = 13
252232 openat(AT_FDCWD, "/home/brianklam/Desktop/liminal/fuzz/target/release/.fingerprint/libc-81b5efef485b0b14/dep-build-script-build-script-build", O_RDONLY|O_CLOEXEC) = 13
252232 openat(AT_FDCWD, "/home/brianklam/Desktop/liminal/fuzz/target/release/.fingerprint/libc-0fa1681cd2cb25f5/dep-lib-libc", O_RDONLY|O_CLOEXEC) = 13
252232 openat(AT_FDCWD, "/home/brianklam/Desktop/liminal/fuzz/target/release/.fingerprint/jobserver-aaa84e2110d2f443/dep-lib-jobserver", O_RDONLY|O_CLOEXEC) = 13
252232 openat(AT_FDCWD, "/home/brianklam/Desktop/liminal/fuzz/target/release/.fingerprint/shlex-987dfdf79c516297/dep-lib-shlex", O_RDONLY|O_CLOEXEC) = 13
252232 openat(AT_FDCWD, "/home/brianklam/Desktop/liminal/fuzz/target/release/.fingerprint/cc-127aec147d639782/dep-lib-cc", O_RDONLY|O_CLOEXEC) = 13
252232 openat(AT_FDCWD, "/home/brianklam/Desktop/liminal/fuzz/target/release/.fingerprint/libfuzzer-sys-ab5d96f421c1e092/dep-build-script-build-script-build", O_RDONLY|O_CLOEXEC) = 13
252232 openat(AT_FDCWD, "/home/brianklam/Desktop/liminal/fuzz/target/x86_64-unknown-linux-gnu/release/.fingerprint/libfuzzer-sys-d95a5c5b14bc23b2/dep-lib-libfuzzer_sys", O_RDONLY|O_CLOEXEC) = 13
252232 openat(AT_FDCWD, "/home/brianklam/Desktop/liminal/fuzz/target/x86_64-unknown-linux-gnu/release/.fingerprint/arrayref-8d1181af5ff5ea77/dep-lib-arrayref", O_RDONLY|O_CLOEXEC) = 13
252232 openat(AT_FDCWD, "/home/brianklam/Desktop/liminal/fuzz/target/x86_64-unknown-linux-gnu/release/.fingerprint/arrayvec-38cf671e9b6705c4/dep-lib-arrayvec", O_RDONLY|O_CLOEXEC) = 13
252232 openat(AT_FDCWD, "/home/brianklam/Desktop/liminal/fuzz/target/release/.fingerprint/blake3-ef461f6a7f3a30f4/dep-build-script-build-script-build", O_RDONLY|O_CLOEXEC) = 13
252232 openat(AT_FDCWD, "/home/brianklam/Desktop/liminal/fuzz/target/x86_64-unknown-linux-gnu/release/.fingerprint/cfg-if-12e4cd93fab2f392/dep-lib-cfg_if", O_RDONLY|O_CLOEXEC) = 13
252232 openat(AT_FDCWD, "/home/brianklam/Desktop/liminal/fuzz/target/x86_64-unknown-linux-gnu/release/.fingerprint/constant_time_eq-8eae1845bdc7f988/dep-lib-constant_time_eq", O_RDONLY|O_CLOEXEC) = 13
252232 openat(AT_FDCWD, "/home/brianklam/Desktop/liminal/fuzz/target/x86_64-unknown-linux-gnu/release/.fingerprint/cpufeatures-e2db50777d1d0063/dep-lib-cpufeatures", O_RDONLY|O_CLOEXEC) = 13
252232 openat(AT_FDCWD, "/home/brianklam/Desktop/liminal/fuzz/target/x86_64-unknown-linux-gnu/release/.fingerprint/blake3-50df86a4aa593bda/dep-lib-blake3", O_RDONLY|O_CLOEXEC) = 13
252232 openat(AT_FDCWD, "/home/brianklam/Desktop/liminal/fuzz/target/release/.fingerprint/camino-76a5620314b87f42/dep-build-script-build-script-build", O_RDONLY|O_CLOEXEC) = 13
252232 openat(AT_FDCWD, "/home/brianklam/Desktop/liminal/fuzz/target/release/.fingerprint/serde_core-8155a8b5ee4e9479/dep-build-script-build-script-build", O_RDONLY|O_CLOEXEC) = 13
252232 openat(AT_FDCWD, "/home/brianklam/Desktop/liminal/fuzz/target/x86_64-unknown-linux-gnu/release/.fingerprint/serde_core-02614287f7312694/dep-lib-serde_core", O_RDONLY|O_CLOEXEC) = 13
252232 openat(AT_FDCWD, "/home/brianklam/Desktop/liminal/fuzz/target/x86_64-unknown-linux-gnu/release/.fingerprint/camino-bced1953a237e6f1/dep-lib-camino", O_RDONLY|O_CLOEXEC) = 13
252232 openat(AT_FDCWD, "/home/brianklam/Desktop/liminal/fuzz/target/release/.fingerprint/serde-c076294e6ed74c76/dep-build-script-build-script-build", O_RDONLY|O_CLOEXEC) = 13
252232 openat(AT_FDCWD, "/home/brianklam/Desktop/liminal/fuzz/target/release/.fingerprint/proc-macro2-45f37867a6aeae0e/dep-build-script-build-script-build", O_RDONLY|O_CLOEXEC) = 13
252232 openat(AT_FDCWD, "/home/brianklam/Desktop/liminal/fuzz/target/release/.fingerprint/unicode-ident-2bfedddf900f06e9/dep-lib-unicode_ident", O_RDONLY|O_CLOEXEC) = 13
252232 openat(AT_FDCWD, "/home/brianklam/Desktop/liminal/fuzz/target/release/.fingerprint/proc-macro2-2438493888f214a6/dep-lib-proc_macro2", O_RDONLY|O_CLOEXEC) = 13
252232 openat(AT_FDCWD, "/home/brianklam/Desktop/liminal/fuzz/target/release/.fingerprint/quote-68d7e1fcc82fb0f8/dep-build-script-build-script-build", O_RDONLY|O_CLOEXEC) = 13
252232 openat(AT_FDCWD, "/home/brianklam/Desktop/liminal/fuzz/target/release/.fingerprint/quote-a966556c0e6590eb/dep-lib-quote", O_RDONLY|O_CLOEXEC) = 13
252232 openat(AT_FDCWD, "/home/brianklam/Desktop/liminal/fuzz/target/release/.fingerprint/syn-a70e5f5d1aa8658f/dep-lib-syn", O_RDONLY|O_CLOEXEC) = 13
252232 openat(AT_FDCWD, "/home/brianklam/Desktop/liminal/fuzz/target/release/.fingerprint/serde_derive-257967bcc3d26c4f/dep-lib-serde_derive", O_RDONLY|O_CLOEXEC) = 13
252232 openat(AT_FDCWD, "/home/brianklam/Desktop/liminal/fuzz/target/x86_64-unknown-linux-gnu/release/.fingerprint/serde-0cfc70b86add9d40/dep-lib-serde", O_RDONLY|O_CLOEXEC) = 13
252232 openat(AT_FDCWD, "/home/brianklam/Desktop/liminal/fuzz/target/release/.fingerprint/thiserror-6b63c0fa35fe0ef0/dep-build-script-build-script-build", O_RDONLY|O_CLOEXEC) = 13
252232 openat(AT_FDCWD, "/home/brianklam/Desktop/liminal/fuzz/target/release/.fingerprint/thiserror-impl-e3ecf46c8901d26e/dep-lib-thiserror_impl", O_RDONLY|O_CLOEXEC) = 13
252232 openat(AT_FDCWD, "/home/brianklam/Desktop/liminal/fuzz/target/x86_64-unknown-linux-gnu/release/.fingerprint/thiserror-d657a693e85fff27/dep-lib-thiserror", O_RDONLY|O_CLOEXEC) = 13
252232 openat(AT_FDCWD, "/home/brianklam/Desktop/liminal/fuzz/target/release/.fingerprint/getrandom-b90ac31e803f49cc/dep-build-script-build-script-build", O_RDONLY|O_CLOEXEC) = 13
252232 openat(AT_FDCWD, "/home/brianklam/Desktop/liminal/fuzz/target/release/.fingerprint/libc-66b9c422c4e6f34f/dep-build-script-build-script-build", O_RDONLY|O_CLOEXEC) = 13
252232 openat(AT_FDCWD, "/home/brianklam/Desktop/liminal/fuzz/target/x86_64-unknown-linux-gnu/release/.fingerprint/libc-1703287c9d77a346/dep-lib-libc", O_RDONLY|O_CLOEXEC) = 13
252232 openat(AT_FDCWD, "/home/brianklam/Desktop/liminal/fuzz/target/x86_64-unknown-linux-gnu/release/.fingerprint/getrandom-271a64b1cab18fc5/dep-lib-getrandom", O_RDONLY|O_CLOEXEC) = 13
252232 openat(AT_FDCWD, "/home/brianklam/Desktop/liminal/fuzz/target/x86_64-unknown-linux-gnu/release/.fingerprint/sha1_smol-41bc592819ca1817/dep-lib-sha1_smol", O_RDONLY|O_CLOEXEC) = 13
252232 openat(AT_FDCWD, "/home/brianklam/Desktop/liminal/fuzz/target/x86_64-unknown-linux-gnu/release/.fingerprint/uuid-c8776b36ef7dbcc6/dep-lib-uuid", O_RDONLY|O_CLOEXEC) = 13
252232 openat(AT_FDCWD, "/home/brianklam/Desktop/liminal/fuzz/target/x86_64-unknown-linux-gnu/release/.fingerprint/liminal-id-7a22841852c1880e/dep-lib-liminal_id", O_RDONLY|O_CLOEXEC) = 13
252232 openat(AT_FDCWD, "/home/brianklam/Desktop/liminal/fuzz/target/x86_64-unknown-linux-gnu/release/.fingerprint/liminal-scratch-e58ee2a5cf24cc79/dep-lib-liminal_scratch", O_RDONLY|O_CLOEXEC) = 13
252232 openat(AT_FDCWD, "/home/brianklam/Desktop/liminal/fuzz/target/x86_64-unknown-linux-gnu/release/.fingerprint/smallvec-9d7ce3428e49389b/dep-lib-smallvec", O_RDONLY|O_CLOEXEC) = 13
252232 openat(AT_FDCWD, "/home/brianklam/Desktop/liminal/fuzz/target/x86_64-unknown-linux-gnu/release/.fingerprint/str_indices-af0a960c6b610722/dep-lib-str_indices", O_RDONLY|O_CLOEXEC) = 13
252232 openat(AT_FDCWD, "/home/brianklam/Desktop/liminal/fuzz/target/x86_64-unknown-linux-gnu/release/.fingerprint/ropey-be0f582bfefc1839/dep-lib-ropey", O_RDONLY|O_CLOEXEC) = 13
252232 openat(AT_FDCWD, "/home/brianklam/Desktop/liminal/fuzz/target/x86_64-unknown-linux-gnu/release/.fingerprint/liminal-source-faaff7631156b929/dep-lib-liminal_source", O_RDONLY|O_CLOEXEC) = 13
252232 openat(AT_FDCWD, "/home/brianklam/Desktop/liminal/fuzz/target/x86_64-unknown-linux-gnu/release/.fingerprint/countme-3cfc76c3fc70c901/dep-lib-countme", O_RDONLY|O_CLOEXEC) = 13
252232 openat(AT_FDCWD, "/home/brianklam/Desktop/liminal/fuzz/target/x86_64-unknown-linux-gnu/release/.fingerprint/hashbrown-e427d88c05138368/dep-lib-hashbrown", O_RDONLY|O_CLOEXEC) = 13
252232 openat(AT_FDCWD, "/home/brianklam/Desktop/liminal/fuzz/target/x86_64-unknown-linux-gnu/release/.fingerprint/rustc-hash-c2bb8f6dab96958e/dep-lib-rustc_hash", O_RDONLY|O_CLOEXEC) = 13
252232 openat(AT_FDCWD, "/home/brianklam/Desktop/liminal/fuzz/target/x86_64-unknown-linux-gnu/release/.fingerprint/text-size-b77719b79324ac68/dep-lib-text_size", O_RDONLY|O_CLOEXEC) = 13
252232 openat(AT_FDCWD, "/home/brianklam/Desktop/liminal/fuzz/target/x86_64-unknown-linux-gnu/release/.fingerprint/rowan-a3ded1b031e1296f/dep-lib-rowan", O_RDONLY|O_CLOEXEC) = 13
252232 openat(AT_FDCWD, "/home/brianklam/Desktop/liminal/fuzz/target/x86_64-unknown-linux-gnu/release/.fingerprint/liminal-cst-8bed52b1176eda0a/dep-lib-liminal_cst", O_RDONLY|O_CLOEXEC) = 13
252232 openat(AT_FDCWD, "/home/brianklam/Desktop/liminal/fuzz/target/release/.fingerprint/crc32fast-53f6d1773d39b1b3/dep-build-script-build-script-build", O_RDONLY|O_CLOEXEC) = 13
252232 openat(AT_FDCWD, "/home/brianklam/Desktop/liminal/fuzz/target/x86_64-unknown-linux-gnu/release/.fingerprint/crc32fast-04a0424e796a1186/dep-lib-crc32fast", O_RDONLY|O_CLOEXEC) = 13
252232 openat(AT_FDCWD, "/home/brianklam/Desktop/liminal/fuzz/target/x86_64-unknown-linux-gnu/release/.fingerprint/bitflags-acadf79f08740ab6/dep-lib-bitflags", O_RDONLY|O_CLOEXEC) = 13
252232 openat(AT_FDCWD, "/home/brianklam/Desktop/liminal/fuzz/target/x86_64-unknown-linux-gnu/release/.fingerprint/linux-raw-sys-5ffe83028c4e25c0/dep-lib-linux_raw_sys", O_RDONLY|O_CLOEXEC) = 13
252232 openat(AT_FDCWD, "/home/brianklam/Desktop/liminal/fuzz/target/release/.fingerprint/rustix-4c3d297837f49b33/dep-build-script-build-script-build", O_RDONLY|O_CLOEXEC) = 13
252232 openat(AT_FDCWD, "/home/brianklam/Desktop/liminal/fuzz/target/x86_64-unknown-linux-gnu/release/.fingerprint/rustix-0bdc0c36ca2b0d4a/dep-lib-rustix", O_RDONLY|O_CLOEXEC) = 13
252232 openat(AT_FDCWD, "/home/brianklam/Desktop/liminal/fuzz/target/x86_64-unknown-linux-gnu/release/.fingerprint/fs4-d140ffcc83b62c37/dep-lib-fs4", O_RDONLY|O_CLOEXEC) = 13
252232 openat(AT_FDCWD, "/home/brianklam/Desktop/liminal/fuzz/target/x86_64-unknown-linux-gnu/release/.fingerprint/itoa-8f905889e8075438/dep-lib-itoa", O_RDONLY|O_CLOEXEC) = 13
252232 openat(AT_FDCWD, "/home/brianklam/Desktop/liminal/fuzz/target/x86_64-unknown-linux-gnu/release/.fingerprint/memchr-b6129af2630fac0e/dep-lib-memchr", O_RDONLY|O_CLOEXEC) = 13
252232 openat(AT_FDCWD, "/home/brianklam/Desktop/liminal/fuzz/target/release/.fingerprint/serde_json-4a277a11f5b9d5dd/dep-build-script-build-script-build", O_RDONLY|O_CLOEXEC) = 13
252232 openat(AT_FDCWD, "/home/brianklam/Desktop/liminal/fuzz/target/release/.fingerprint/zmij-c49a95ba9c139ee1/dep-build-script-build-script-build", O_RDONLY|O_CLOEXEC) = 13
252232 openat(AT_FDCWD, "/home/brianklam/Desktop/liminal/fuzz/target/x86_64-unknown-linux-gnu/release/.fingerprint/zmij-bb28a167c7c0c1c2/dep-lib-zmij", O_RDONLY|O_CLOEXEC) = 13
252232 openat(AT_FDCWD, "/home/brianklam/Desktop/liminal/fuzz/target/x86_64-unknown-linux-gnu/release/.fingerprint/serde_json-eddfa32879a95f1b/dep-lib-serde_json", O_RDONLY|O_CLOEXEC) = 13
252232 openat(AT_FDCWD, "/home/brianklam/Desktop/liminal/fuzz/target/x86_64-unknown-linux-gnu/release/.fingerprint/liminal-graph-0e97b1de63c75aeb/dep-lib-liminal_graph", O_RDONLY|O_CLOEXEC) = 13
252232 openat(AT_FDCWD, "/home/brianklam/Desktop/liminal/fuzz/target/x86_64-unknown-linux-gnu/release/.fingerprint/liminal-hir-9dec2c56d31de188/dep-lib-liminal_hir", O_RDONLY|O_CLOEXEC) = 13
252232 openat(AT_FDCWD, "/home/brianklam/Desktop/liminal/fuzz/target/x86_64-unknown-linux-gnu/release/.fingerprint/liminal-revision-7582de39b373d61c/dep-lib-liminal_revision", O_RDONLY|O_CLOEXEC) = 13
252232 openat(AT_FDCWD, "/home/brianklam/Desktop/liminal/fuzz/target/x86_64-unknown-linux-gnu/release/.fingerprint/liminal-cir-22f8dfdc8f6234f0/dep-lib-liminal_cir", O_RDONLY|O_CLOEXEC) = 13
252232 openat(AT_FDCWD, "/home/brianklam/Desktop/liminal/fuzz/target/x86_64-unknown-linux-gnu/release/.fingerprint/liminal-format-cac8dbebc8997da6/dep-lib-liminal_format", O_RDONLY|O_CLOEXEC) = 13
252232 openat(AT_FDCWD, "/home/brianklam/Desktop/liminal/fuzz/target/x86_64-unknown-linux-gnu/release/.fingerprint/liminal-jurisdiction-ea234f2eef6b97e1/dep-lib-liminal_jurisdiction", O_RDONLY|O_CLOEXEC) = 13
252232 openat(AT_FDCWD, "/home/brianklam/Desktop/liminal/fuzz/target/x86_64-unknown-linux-gnu/release/.fingerprint/liminal-query-8c9bf5aebf91381d/dep-lib-liminal_query", O_RDONLY|O_CLOEXEC) = 13
252232 openat(AT_FDCWD, "/home/brianklam/Desktop/liminal/fuzz/target/x86_64-unknown-linux-gnu/release/.fingerprint/liminal-fuzz-5c995888dbf32c6a/dep-bin-ilrp_recovery", O_RDONLY|O_CLOEXEC) = 13
252232 openat(AT_FDCWD, "/home/brianklam/Desktop/liminal/fuzz/target/x86_64-unknown-linux-gnu/release/.fingerprint/liminal-fuzz-5c995888dbf32c6a/bin-ilrp_recovery", O_RDONLY|O_CLOEXEC) = 13
252232 openat(AT_FDCWD, "/home/brianklam/Desktop/liminal/fuzz/target/x86_64-unknown-linux-gnu/release/.fingerprint/libfuzzer-sys-d95a5c5b14bc23b2/lib-libfuzzer_sys", O_RDONLY|O_CLOEXEC) = 13
252232 openat(AT_FDCWD, "/home/brianklam/Desktop/liminal/fuzz/target/x86_64-unknown-linux-gnu/release/.fingerprint/arbitrary-f970362598c7f5d2/lib-arbitrary", O_RDONLY|O_CLOEXEC) = 13
252232 openat(AT_FDCWD, "/home/brianklam/Desktop/liminal/fuzz/target/x86_64-unknown-linux-gnu/release/build/libfuzzer-sys-3e950981d28019a4/root-output", O_RDONLY|O_CLOEXEC) = 13
252232 openat(AT_FDCWD, "/home/brianklam/Desktop/liminal/fuzz/target/x86_64-unknown-linux-gnu/release/build/libfuzzer-sys-3e950981d28019a4/output", O_RDONLY|O_CLOEXEC) = 13
252232 openat(AT_FDCWD, "/home/brianklam/Desktop/liminal/fuzz/target/x86_64-unknown-linux-gnu/release/.fingerprint/libfuzzer-sys-3e950981d28019a4/run-build-script-build-script-build", O_RDONLY|O_CLOEXEC) = 13
252232 openat(AT_FDCWD, "/home/brianklam/Desktop/liminal/fuzz/target/release/.fingerprint/libfuzzer-sys-ab5d96f421c1e092/build-script-build-script-build", O_RDONLY|O_CLOEXEC) = 13
252232 openat(AT_FDCWD, "/home/brianklam/Desktop/liminal/fuzz/target/release/.fingerprint/cc-127aec147d639782/lib-cc", O_RDONLY|O_CLOEXEC) = 13
252232 openat(AT_FDCWD, "/home/brianklam/Desktop/liminal/fuzz/target/release/.fingerprint/find-msvc-tools-c53847beecb19cb8/lib-find_msvc_tools", O_RDONLY|O_CLOEXEC) = 13
252232 openat(AT_FDCWD, "/home/brianklam/Desktop/liminal/fuzz/target/release/.fingerprint/jobserver-aaa84e2110d2f443/lib-jobserver", O_RDONLY|O_CLOEXEC) = 13
252232 openat(AT_FDCWD, "/home/brianklam/Desktop/liminal/fuzz/target/release/.fingerprint/libc-0fa1681cd2cb25f5/lib-libc", O_RDONLY|O_CLOEXEC) = 13
252232 openat(AT_FDCWD, "/home/brianklam/Desktop/liminal/fuzz/target/release/build/libc-d9ab42c0060afff1/root-output", O_RDONLY|O_CLOEXEC) = 13
252232 openat(AT_FDCWD, "/home/brianklam/Desktop/liminal/fuzz/target/release/build/libc-d9ab42c0060afff1/output", O_RDONLY|O_CLOEXEC) = 13
252232 openat(AT_FDCWD, "/home/brianklam/Desktop/liminal/fuzz/target/release/.fingerprint/libc-d9ab42c0060afff1/run-build-script-build-script-build", O_RDONLY|O_CLOEXEC) = 13
252232 openat(AT_FDCWD, "/home/brianklam/Desktop/liminal/fuzz/target/release/.fingerprint/libc-81b5efef485b0b14/build-script-build-script-build", O_RDONLY|O_CLOEXEC) = 13
252232 openat(AT_FDCWD, "/home/brianklam/Desktop/liminal/fuzz/target/release/.fingerprint/shlex-987dfdf79c516297/lib-shlex", O_RDONLY|O_CLOEXEC) = 13
252232 openat(AT_FDCWD, "/home/brianklam/Desktop/liminal/fuzz/target/x86_64-unknown-linux-gnu/release/.fingerprint/liminal-cst-8bed52b1176eda0a/lib-liminal_cst", O_RDONLY|O_CLOEXEC) = 13
252232 openat(AT_FDCWD, "/home/brianklam/Desktop/liminal/fuzz/target/x86_64-unknown-linux-gnu/release/.fingerprint/liminal-id-7a22841852c1880e/lib-liminal_id", O_RDONLY|O_CLOEXEC) = 13
252232 openat(AT_FDCWD, "/home/brianklam/Desktop/liminal/fuzz/target/x86_64-unknown-linux-gnu/release/.fingerprint/blake3-50df86a4aa593bda/lib-blake3", O_RDONLY|O_CLOEXEC) = 13
252232 openat(AT_FDCWD, "/home/brianklam/Desktop/liminal/fuzz/target/x86_64-unknown-linux-gnu/release/.fingerprint/arrayref-8d1181af5ff5ea77/lib-arrayref", O_RDONLY|O_CLOEXEC) = 13
252232 openat(AT_FDCWD, "/home/brianklam/Desktop/liminal/fuzz/target/x86_64-unknown-linux-gnu/release/.fingerprint/arrayvec-38cf671e9b6705c4/lib-arrayvec", O_RDONLY|O_CLOEXEC) = 13
252232 openat(AT_FDCWD, "/home/brianklam/Desktop/liminal/fuzz/target/x86_64-unknown-linux-gnu/release/build/blake3-7de44125c0853c32/root-output", O_RDONLY|O_CLOEXEC) = 13
252232 openat(AT_FDCWD, "/home/brianklam/Desktop/liminal/fuzz/target/x86_64-unknown-linux-gnu/release/build/blake3-7de44125c0853c32/output", O_RDONLY|O_CLOEXEC) = 13
252232 openat(AT_FDCWD, "/home/brianklam/Desktop/liminal/fuzz/target/x86_64-unknown-linux-gnu/release/.fingerprint/blake3-7de44125c0853c32/run-build-script-build-script-build", O_RDONLY|O_CLOEXEC) = 13
252232 openat(AT_FDCWD, "/home/brianklam/Desktop/liminal/fuzz/target/release/.fingerprint/blake3-ef461f6a7f3a30f4/build-script-build-script-build", O_RDONLY|O_CLOEXEC) = 13
252232 openat(AT_FDCWD, "/home/brianklam/Desktop/liminal/fuzz/target/x86_64-unknown-linux-gnu/release/.fingerprint/cfg-if-12e4cd93fab2f392/lib-cfg_if", O_RDONLY|O_CLOEXEC) = 13
252232 openat(AT_FDCWD, "/home/brianklam/Desktop/liminal/fuzz/target/x86_64-unknown-linux-gnu/release/.fingerprint/constant_time_eq-8eae1845bdc7f988/lib-constant_time_eq", O_RDONLY|O_CLOEXEC) = 13
252232 openat(AT_FDCWD, "/home/brianklam/Desktop/liminal/fuzz/target/x86_64-unknown-linux-gnu/release/.fingerprint/cpufeatures-e2db50777d1d0063/lib-cpufeatures", O_RDONLY|O_CLOEXEC) = 13
252232 openat(AT_FDCWD, "/home/brianklam/Desktop/liminal/fuzz/target/x86_64-unknown-linux-gnu/release/.fingerprint/camino-bced1953a237e6f1/lib-camino", O_RDONLY|O_CLOEXEC) = 13
252232 openat(AT_FDCWD, "/home/brianklam/Desktop/liminal/fuzz/target/x86_64-unknown-linux-gnu/release/build/camino-9f638d0ea6e283be/root-output", O_RDONLY|O_CLOEXEC) = 13
252232 openat(AT_FDCWD, "/home/brianklam/Desktop/liminal/fuzz/target/x86_64-unknown-linux-gnu/release/build/camino-9f638d0ea6e283be/output", O_RDONLY|O_CLOEXEC) = 13
252232 openat(AT_FDCWD, "/home/brianklam/Desktop/liminal/fuzz/target/x86_64-unknown-linux-gnu/release/.fingerprint/camino-9f638d0ea6e283be/run-build-script-build-script-build", O_RDONLY|O_CLOEXEC) = 13
252232 openat(AT_FDCWD, "/home/brianklam/Desktop/liminal/fuzz/target/release/.fingerprint/camino-76a5620314b87f42/build-script-build-script-build", O_RDONLY|O_CLOEXEC) = 13
252232 openat(AT_FDCWD, "/home/brianklam/Desktop/liminal/fuzz/target/x86_64-unknown-linux-gnu/release/.fingerprint/serde_core-02614287f7312694/lib-serde_core", O_RDONLY|O_CLOEXEC) = 13
252232 openat(AT_FDCWD, "/home/brianklam/Desktop/liminal/fuzz/target/x86_64-unknown-linux-gnu/release/build/serde_core-a3a5b376eb4c8fdc/root-output", O_RDONLY|O_CLOEXEC) = 13
252232 openat(AT_FDCWD, "/home/brianklam/Desktop/liminal/fuzz/target/x86_64-unknown-linux-gnu/release/build/serde_core-a3a5b376eb4c8fdc/output", O_RDONLY|O_CLOEXEC) = 13
252232 openat(AT_FDCWD, "/home/brianklam/Desktop/liminal/fuzz/target/x86_64-unknown-linux-gnu/release/.fingerprint/serde_core-a3a5b376eb4c8fdc/run-build-script-build-script-build", O_RDONLY|O_CLOEXEC) = 13
252232 openat(AT_FDCWD, "/home/brianklam/Desktop/liminal/fuzz/target/release/.fingerprint/serde_core-8155a8b5ee4e9479/build-script-build-script-build", O_RDONLY|O_CLOEXEC) = 13
252232 openat(AT_FDCWD, "/home/brianklam/Desktop/liminal/fuzz/target/x86_64-unknown-linux-gnu/release/.fingerprint/serde-0cfc70b86add9d40/lib-serde", O_RDONLY|O_CLOEXEC) = 13
252232 openat(AT_FDCWD, "/home/brianklam/Desktop/liminal/fuzz/target/x86_64-unknown-linux-gnu/release/build/serde-78495eb71e80025f/root-output", O_RDONLY|O_CLOEXEC) = 13
252232 openat(AT_FDCWD, "/home/brianklam/Desktop/liminal/fuzz/target/x86_64-unknown-linux-gnu/release/build/serde-78495eb71e80025f/output", O_RDONLY|O_CLOEXEC) = 13
252232 openat(AT_FDCWD, "/home/brianklam/Desktop/liminal/fuzz/target/x86_64-unknown-linux-gnu/release/.fingerprint/serde-78495eb71e80025f/run-build-script-build-script-build", O_RDONLY|O_CLOEXEC) = 13
252232 openat(AT_FDCWD, "/home/brianklam/Desktop/liminal/fuzz/target/release/.fingerprint/serde-c076294e6ed74c76/build-script-build-script-build", O_RDONLY|O_CLOEXEC) = 13
252232 openat(AT_FDCWD, "/home/brianklam/Desktop/liminal/fuzz/target/release/.fingerprint/serde_derive-257967bcc3d26c4f/lib-serde_derive", O_RDONLY|O_CLOEXEC) = 13
252232 openat(AT_FDCWD, "/home/brianklam/Desktop/liminal/fuzz/target/release/.fingerprint/proc-macro2-2438493888f214a6/lib-proc_macro2", O_RDONLY|O_CLOEXEC) = 13
252232 openat(AT_FDCWD, "/home/brianklam/Desktop/liminal/fuzz/target/release/build/proc-macro2-040a326f2ba6af24/root-output", O_RDONLY|O_CLOEXEC) = 13
252232 openat(AT_FDCWD, "/home/brianklam/Desktop/liminal/fuzz/target/release/build/proc-macro2-040a326f2ba6af24/output", O_RDONLY|O_CLOEXEC) = 13
252232 openat(AT_FDCWD, "/home/brianklam/Desktop/liminal/fuzz/target/release/.fingerprint/proc-macro2-040a326f2ba6af24/run-build-script-build-script-build", O_RDONLY|O_CLOEXEC) = 13
252232 openat(AT_FDCWD, "/home/brianklam/Desktop/liminal/fuzz/target/release/.fingerprint/proc-macro2-45f37867a6aeae0e/build-script-build-script-build", O_RDONLY|O_CLOEXEC) = 13
252232 openat(AT_FDCWD, "/home/brianklam/Desktop/liminal/fuzz/target/release/.fingerprint/unicode-ident-2bfedddf900f06e9/lib-unicode_ident", O_RDONLY|O_CLOEXEC) = 13
252232 openat(AT_FDCWD, "/home/brianklam/Desktop/liminal/fuzz/target/release/.fingerprint/quote-a966556c0e6590eb/lib-quote", O_RDONLY|O_CLOEXEC) = 13
252232 openat(AT_FDCWD, "/home/brianklam/Desktop/liminal/fuzz/target/release/build/quote-31b5c9750e6f1052/root-output", O_RDONLY|O_CLOEXEC) = 13
252232 openat(AT_FDCWD, "/home/brianklam/Desktop/liminal/fuzz/target/release/build/quote-31b5c9750e6f1052/output", O_RDONLY|O_CLOEXEC) = 13
252232 openat(AT_FDCWD, "/home/brianklam/Desktop/liminal/fuzz/target/release/.fingerprint/quote-31b5c9750e6f1052/run-build-script-build-script-build", O_RDONLY|O_CLOEXEC) = 13
252232 openat(AT_FDCWD, "/home/brianklam/Desktop/liminal/fuzz/target/release/.fingerprint/quote-68d7e1fcc82fb0f8/build-script-build-script-build", O_RDONLY|O_CLOEXEC) = 13
252232 openat(AT_FDCWD, "/home/brianklam/Desktop/liminal/fuzz/target/release/.fingerprint/syn-a70e5f5d1aa8658f/lib-syn", O_RDONLY|O_CLOEXEC) = 13
252232 openat(AT_FDCWD, "/home/brianklam/Desktop/liminal/fuzz/target/x86_64-unknown-linux-gnu/release/.fingerprint/thiserror-d657a693e85fff27/lib-thiserror", O_RDONLY|O_CLOEXEC) = 13
252232 openat(AT_FDCWD, "/home/brianklam/Desktop/liminal/fuzz/target/x86_64-unknown-linux-gnu/release/build/thiserror-810388d89ac0f182/root-output", O_RDONLY|O_CLOEXEC) = 13
252232 openat(AT_FDCWD, "/home/brianklam/Desktop/liminal/fuzz/target/x86_64-unknown-linux-gnu/release/build/thiserror-810388d89ac0f182/output", O_RDONLY|O_CLOEXEC) = 13
252232 openat(AT_FDCWD, "/home/brianklam/Desktop/liminal/fuzz/target/x86_64-unknown-linux-gnu/release/.fingerprint/thiserror-810388d89ac0f182/run-build-script-build-script-build", O_RDONLY|O_CLOEXEC) = 13
252232 openat(AT_FDCWD, "/home/brianklam/Desktop/liminal/fuzz/target/release/.fingerprint/thiserror-6b63c0fa35fe0ef0/build-script-build-script-build", O_RDONLY|O_CLOEXEC) = 13
252232 openat(AT_FDCWD, "/home/brianklam/Desktop/liminal/fuzz/target/release/.fingerprint/thiserror-impl-e3ecf46c8901d26e/lib-thiserror_impl", O_RDONLY|O_CLOEXEC) = 13
252232 openat(AT_FDCWD, "/home/brianklam/Desktop/liminal/fuzz/target/x86_64-unknown-linux-gnu/release/.fingerprint/uuid-c8776b36ef7dbcc6/lib-uuid", O_RDONLY|O_CLOEXEC) = 13
252232 openat(AT_FDCWD, "/home/brianklam/Desktop/liminal/fuzz/target/x86_64-unknown-linux-gnu/release/.fingerprint/getrandom-271a64b1cab18fc5/lib-getrandom", O_RDONLY|O_CLOEXEC) = 13
252232 openat(AT_FDCWD, "/home/brianklam/Desktop/liminal/fuzz/target/x86_64-unknown-linux-gnu/release/build/getrandom-236b6a03b9ba16fd/root-output", O_RDONLY|O_CLOEXEC) = 13
252232 openat(AT_FDCWD, "/home/brianklam/Desktop/liminal/fuzz/target/x86_64-unknown-linux-gnu/release/build/getrandom-236b6a03b9ba16fd/output", O_RDONLY|O_CLOEXEC) = 13
252232 openat(AT_FDCWD, "/home/brianklam/Desktop/liminal/fuzz/target/x86_64-unknown-linux-gnu/release/.fingerprint/getrandom-236b6a03b9ba16fd/run-build-script-build-script-build", O_RDONLY|O_CLOEXEC) = 13
252232 openat(AT_FDCWD, "/home/brianklam/Desktop/liminal/fuzz/target/release/.fingerprint/getrandom-b90ac31e803f49cc/build-script-build-script-build", O_RDONLY|O_CLOEXEC) = 13
252232 openat(AT_FDCWD, "/home/brianklam/Desktop/liminal/fuzz/target/x86_64-unknown-linux-gnu/release/.fingerprint/libc-1703287c9d77a346/lib-libc", O_RDONLY|O_CLOEXEC) = 13
252232 openat(AT_FDCWD, "/home/brianklam/Desktop/liminal/fuzz/target/x86_64-unknown-linux-gnu/release/build/libc-7787f8f1dbf57be3/root-output", O_RDONLY|O_CLOEXEC) = 13
252232 openat(AT_FDCWD, "/home/brianklam/Desktop/liminal/fuzz/target/x86_64-unknown-linux-gnu/release/build/libc-7787f8f1dbf57be3/output", O_RDONLY|O_CLOEXEC) = 13
252232 openat(AT_FDCWD, "/home/brianklam/Desktop/liminal/fuzz/target/x86_64-unknown-linux-gnu/release/.fingerprint/libc-7787f8f1dbf57be3/run-build-script-build-script-build", O_RDONLY|O_CLOEXEC) = 13
252232 openat(AT_FDCWD, "/home/brianklam/Desktop/liminal/fuzz/target/release/.fingerprint/libc-66b9c422c4e6f34f/build-script-build-script-build", O_RDONLY|O_CLOEXEC) = 13
252232 openat(AT_FDCWD, "/home/brianklam/Desktop/liminal/fuzz/target/x86_64-unknown-linux-gnu/release/.fingerprint/sha1_smol-41bc592819ca1817/lib-sha1_smol", O_RDONLY|O_CLOEXEC) = 13
252232 openat(AT_FDCWD, "/home/brianklam/Desktop/liminal/fuzz/target/x86_64-unknown-linux-gnu/release/.fingerprint/liminal-source-faaff7631156b929/lib-liminal_source", O_RDONLY|O_CLOEXEC) = 13
252232 openat(AT_FDCWD, "/home/brianklam/Desktop/liminal/fuzz/target/x86_64-unknown-linux-gnu/release/.fingerprint/liminal-scratch-e58ee2a5cf24cc79/lib-liminal_scratch", O_RDONLY|O_CLOEXEC) = 13
252232 openat(AT_FDCWD, "/home/brianklam/Desktop/liminal/fuzz/target/x86_64-unknown-linux-gnu/release/.fingerprint/ropey-be0f582bfefc1839/lib-ropey", O_RDONLY|O_CLOEXEC) = 13
252232 openat(AT_FDCWD, "/home/brianklam/Desktop/liminal/fuzz/target/x86_64-unknown-linux-gnu/release/.fingerprint/smallvec-9d7ce3428e49389b/lib-smallvec", O_RDONLY|O_CLOEXEC) = 13
252232 openat(AT_FDCWD, "/home/brianklam/Desktop/liminal/fuzz/target/x86_64-unknown-linux-gnu/release/.fingerprint/str_indices-af0a960c6b610722/lib-str_indices", O_RDONLY|O_CLOEXEC) = 13
252232 openat(AT_FDCWD, "/home/brianklam/Desktop/liminal/fuzz/target/x86_64-unknown-linux-gnu/release/.fingerprint/rowan-a3ded1b031e1296f/lib-rowan", O_RDONLY|O_CLOEXEC) = 13
252232 openat(AT_FDCWD, "/home/brianklam/Desktop/liminal/fuzz/target/x86_64-unknown-linux-gnu/release/.fingerprint/countme-3cfc76c3fc70c901/lib-countme", O_RDONLY|O_CLOEXEC) = 13
252232 openat(AT_FDCWD, "/home/brianklam/Desktop/liminal/fuzz/target/x86_64-unknown-linux-gnu/release/.fingerprint/hashbrown-e427d88c05138368/lib-hashbrown", O_RDONLY|O_CLOEXEC) = 13
252232 openat(AT_FDCWD, "/home/brianklam/Desktop/liminal/fuzz/target/x86_64-unknown-linux-gnu/release/.fingerprint/rustc-hash-c2bb8f6dab96958e/lib-rustc_hash", O_RDONLY|O_CLOEXEC) = 13
252232 openat(AT_FDCWD, "/home/brianklam/Desktop/liminal/fuzz/target/x86_64-unknown-linux-gnu/release/.fingerprint/text-size-b77719b79324ac68/lib-text_size", O_RDONLY|O_CLOEXEC) = 13
252232 openat(AT_FDCWD, "/home/brianklam/Desktop/liminal/fuzz/target/x86_64-unknown-linux-gnu/release/.fingerprint/liminal-format-cac8dbebc8997da6/lib-liminal_format", O_RDONLY|O_CLOEXEC) = 13
252232 openat(AT_FDCWD, "/home/brianklam/Desktop/liminal/fuzz/target/x86_64-unknown-linux-gnu/release/.fingerprint/liminal-cir-22f8dfdc8f6234f0/lib-liminal_cir", O_RDONLY|O_CLOEXEC) = 13
252232 openat(AT_FDCWD, "/home/brianklam/Desktop/liminal/fuzz/target/x86_64-unknown-linux-gnu/release/.fingerprint/liminal-graph-0e97b1de63c75aeb/lib-liminal_graph", O_RDONLY|O_CLOEXEC) = 13
252232 openat(AT_FDCWD, "/home/brianklam/Desktop/liminal/fuzz/target/x86_64-unknown-linux-gnu/release/.fingerprint/crc32fast-04a0424e796a1186/lib-crc32fast", O_RDONLY|O_CLOEXEC) = 13
252232 openat(AT_FDCWD, "/home/brianklam/Desktop/liminal/fuzz/target/x86_64-unknown-linux-gnu/release/build/crc32fast-5d1cf97e47d94133/root-output", O_RDONLY|O_CLOEXEC) = 13
252232 openat(AT_FDCWD, "/home/brianklam/Desktop/liminal/fuzz/target/x86_64-unknown-linux-gnu/release/build/crc32fast-5d1cf97e47d94133/output", O_RDONLY|O_CLOEXEC) = 13
252232 openat(AT_FDCWD, "/home/brianklam/Desktop/liminal/fuzz/target/x86_64-unknown-linux-gnu/release/.fingerprint/crc32fast-5d1cf97e47d94133/run-build-script-build-script-build", O_RDONLY|O_CLOEXEC) = 13
252232 openat(AT_FDCWD, "/home/brianklam/Desktop/liminal/fuzz/target/release/.fingerprint/crc32fast-53f6d1773d39b1b3/build-script-build-script-build", O_RDONLY|O_CLOEXEC) = 13
252232 openat(AT_FDCWD, "/home/brianklam/Desktop/liminal/fuzz/target/x86_64-unknown-linux-gnu/release/.fingerprint/fs4-d140ffcc83b62c37/lib-fs4", O_RDONLY|O_CLOEXEC) = 13
252232 openat(AT_FDCWD, "/home/brianklam/Desktop/liminal/fuzz/target/x86_64-unknown-linux-gnu/release/.fingerprint/rustix-0bdc0c36ca2b0d4a/lib-rustix", O_RDONLY|O_CLOEXEC) = 13
252232 openat(AT_FDCWD, "/home/brianklam/Desktop/liminal/fuzz/target/x86_64-unknown-linux-gnu/release/.fingerprint/bitflags-acadf79f08740ab6/lib-bitflags", O_RDONLY|O_CLOEXEC) = 13
252232 openat(AT_FDCWD, "/home/brianklam/Desktop/liminal/fuzz/target/x86_64-unknown-linux-gnu/release/.fingerprint/linux-raw-sys-5ffe83028c4e25c0/lib-linux_raw_sys", O_RDONLY|O_CLOEXEC) = 13
252232 openat(AT_FDCWD, "/home/brianklam/Desktop/liminal/fuzz/target/x86_64-unknown-linux-gnu/release/build/rustix-27ef1ab73081e014/root-output", O_RDONLY|O_CLOEXEC) = 13
252232 openat(AT_FDCWD, "/home/brianklam/Desktop/liminal/fuzz/target/x86_64-unknown-linux-gnu/release/build/rustix-27ef1ab73081e014/output", O_RDONLY|O_CLOEXEC) = 13
252232 openat(AT_FDCWD, "/home/brianklam/Desktop/liminal/fuzz/target/x86_64-unknown-linux-gnu/release/.fingerprint/rustix-27ef1ab73081e014/run-build-script-build-script-build", O_RDONLY|O_CLOEXEC) = 13
252232 openat(AT_FDCWD, "/home/brianklam/Desktop/liminal/fuzz/target/release/.fingerprint/rustix-4c3d297837f49b33/build-script-build-script-build", O_RDONLY|O_CLOEXEC) = 13
252232 openat(AT_FDCWD, "/home/brianklam/Desktop/liminal/fuzz/target/x86_64-unknown-linux-gnu/release/.fingerprint/serde_json-eddfa32879a95f1b/lib-serde_json", O_RDONLY|O_CLOEXEC) = 13
252232 openat(AT_FDCWD, "/home/brianklam/Desktop/liminal/fuzz/target/x86_64-unknown-linux-gnu/release/.fingerprint/itoa-8f905889e8075438/lib-itoa", O_RDONLY|O_CLOEXEC) = 13
252232 openat(AT_FDCWD, "/home/brianklam/Desktop/liminal/fuzz/target/x86_64-unknown-linux-gnu/release/.fingerprint/memchr-b6129af2630fac0e/lib-memchr", O_RDONLY|O_CLOEXEC) = 13
252232 openat(AT_FDCWD, "/home/brianklam/Desktop/liminal/fuzz/target/x86_64-unknown-linux-gnu/release/build/serde_json-30b1f722bba1044f/root-output", O_RDONLY|O_CLOEXEC) = 13
252232 openat(AT_FDCWD, "/home/brianklam/Desktop/liminal/fuzz/target/x86_64-unknown-linux-gnu/release/build/serde_json-30b1f722bba1044f/output", O_RDONLY|O_CLOEXEC) = 13
252232 openat(AT_FDCWD, "/home/brianklam/Desktop/liminal/fuzz/target/x86_64-unknown-linux-gnu/release/.fingerprint/serde_json-30b1f722bba1044f/run-build-script-build-script-build", O_RDONLY|O_CLOEXEC) = 13
252232 openat(AT_FDCWD, "/home/brianklam/Desktop/liminal/fuzz/target/release/.fingerprint/serde_json-4a277a11f5b9d5dd/build-script-build-script-build", O_RDONLY|O_CLOEXEC) = 13
252232 openat(AT_FDCWD, "/home/brianklam/Desktop/liminal/fuzz/target/x86_64-unknown-linux-gnu/release/.fingerprint/zmij-bb28a167c7c0c1c2/lib-zmij", O_RDONLY|O_CLOEXEC) = 13
252232 openat(AT_FDCWD, "/home/brianklam/Desktop/liminal/fuzz/target/x86_64-unknown-linux-gnu/release/build/zmij-7338186cbb326ac5/root-output", O_RDONLY|O_CLOEXEC) = 13
252232 openat(AT_FDCWD, "/home/brianklam/Desktop/liminal/fuzz/target/x86_64-unknown-linux-gnu/release/build/zmij-7338186cbb326ac5/output", O_RDONLY|O_CLOEXEC) = 13
252232 openat(AT_FDCWD, "/home/brianklam/Desktop/liminal/fuzz/target/x86_64-unknown-linux-gnu/release/.fingerprint/zmij-7338186cbb326ac5/run-build-script-build-script-build", O_RDONLY|O_CLOEXEC) = 13
252232 openat(AT_FDCWD, "/home/brianklam/Desktop/liminal/fuzz/target/release/.fingerprint/zmij-c49a95ba9c139ee1/build-script-build-script-build", O_RDONLY|O_CLOEXEC) = 13
252232 openat(AT_FDCWD, "/home/brianklam/Desktop/liminal/fuzz/target/x86_64-unknown-linux-gnu/release/.fingerprint/liminal-hir-9dec2c56d31de188/lib-liminal_hir", O_RDONLY|O_CLOEXEC) = 13
252232 openat(AT_FDCWD, "/home/brianklam/Desktop/liminal/fuzz/target/x86_64-unknown-linux-gnu/release/.fingerprint/liminal-revision-7582de39b373d61c/lib-liminal_revision", O_RDONLY|O_CLOEXEC) = 13
252232 openat(AT_FDCWD, "/home/brianklam/Desktop/liminal/fuzz/target/x86_64-unknown-linux-gnu/release/.fingerprint/liminal-jurisdiction-ea234f2eef6b97e1/lib-liminal_jurisdiction", O_RDONLY|O_CLOEXEC) = 13
252232 openat(AT_FDCWD, "/home/brianklam/Desktop/liminal/fuzz/target/x86_64-unknown-linux-gnu/release/.fingerprint/liminal-query-8c9bf5aebf91381d/lib-liminal_query", O_RDONLY|O_CLOEXEC) = 13
252232 openat(AT_FDCWD, "/home/brianklam/Desktop/liminal/fuzz/target/release/build/libc-81b5efef485b0b14/build_script_build-81b5efef485b0b14", O_RDONLY|O_CLOEXEC) = 13
252232 openat(AT_FDCWD, "/home/brianklam/Desktop/liminal/fuzz/target/release/build/libc-81b5efef485b0b14/build-script-build", O_RDONLY|O_CLOEXEC) = 14
252232 openat(AT_FDCWD, "/home/brianklam/Desktop/liminal/fuzz/target/release/build/proc-macro2-45f37867a6aeae0e/build_script_build-45f37867a6aeae0e", O_RDONLY|O_CLOEXEC) = 13
252232 openat(AT_FDCWD, "/home/brianklam/Desktop/liminal/fuzz/target/release/build/proc-macro2-45f37867a6aeae0e/build-script-build", O_RDONLY|O_CLOEXEC) = 14
252232 openat(AT_FDCWD, "/home/brianklam/Desktop/liminal/fuzz/target/release/build/serde_core-8155a8b5ee4e9479/build_script_build-8155a8b5ee4e9479", O_RDONLY|O_CLOEXEC) = 13
252232 openat(AT_FDCWD, "/home/brianklam/Desktop/liminal/fuzz/target/release/build/serde_core-8155a8b5ee4e9479/build-script-build", O_RDONLY|O_CLOEXEC) = 14
252232 openat(AT_FDCWD, "/home/brianklam/Desktop/liminal/fuzz/target/release/build/quote-68d7e1fcc82fb0f8/build_script_build-68d7e1fcc82fb0f8", O_RDONLY|O_CLOEXEC) = 13
252232 openat(AT_FDCWD, "/home/brianklam/Desktop/liminal/fuzz/target/release/build/quote-68d7e1fcc82fb0f8/build-script-build", O_RDONLY|O_CLOEXEC) = 14
252232 openat(AT_FDCWD, "/home/brianklam/Desktop/liminal/fuzz/target/release/build/libc-66b9c422c4e6f34f/build_script_build-66b9c422c4e6f34f", O_RDONLY|O_CLOEXEC) = 13
252232 openat(AT_FDCWD, "/home/brianklam/Desktop/liminal/fuzz/target/release/build/libc-66b9c422c4e6f34f/build-script-build", O_RDONLY|O_CLOEXEC) = 14
252232 openat(AT_FDCWD, "/home/brianklam/Desktop/liminal/fuzz/target/release/build/camino-76a5620314b87f42/build_script_build-76a5620314b87f42", O_RDONLY|O_CLOEXEC) = 13
252232 openat(AT_FDCWD, "/home/brianklam/Desktop/liminal/fuzz/target/release/build/camino-76a5620314b87f42/build-script-build", O_RDONLY|O_CLOEXEC) = 14
252232 openat(AT_FDCWD, "/home/brianklam/Desktop/liminal/fuzz/target/release/build/getrandom-b90ac31e803f49cc/build_script_build-b90ac31e803f49cc", O_RDONLY|O_CLOEXEC) = 13
252232 openat(AT_FDCWD, "/home/brianklam/Desktop/liminal/fuzz/target/release/build/getrandom-b90ac31e803f49cc/build-script-build", O_RDONLY|O_CLOEXEC) = 14
252232 openat(AT_FDCWD, "/home/brianklam/Desktop/liminal/fuzz/target/release/build/serde-c076294e6ed74c76/build_script_build-c076294e6ed74c76", O_RDONLY|O_CLOEXEC) = 13
252232 openat(AT_FDCWD, "/home/brianklam/Desktop/liminal/fuzz/target/release/build/serde-c076294e6ed74c76/build-script-build", O_RDONLY|O_CLOEXEC) = 14
252232 openat(AT_FDCWD, "/home/brianklam/Desktop/liminal/fuzz/target/release/build/thiserror-6b63c0fa35fe0ef0/build_script_build-6b63c0fa35fe0ef0", O_RDONLY|O_CLOEXEC) = 13
252232 openat(AT_FDCWD, "/home/brianklam/Desktop/liminal/fuzz/target/release/build/thiserror-6b63c0fa35fe0ef0/build-script-build", O_RDONLY|O_CLOEXEC) = 14
252232 openat(AT_FDCWD, "/home/brianklam/Desktop/liminal/fuzz/target/release/build/zmij-c49a95ba9c139ee1/build_script_build-c49a95ba9c139ee1", O_RDONLY|O_CLOEXEC) = 13
252232 openat(AT_FDCWD, "/home/brianklam/Desktop/liminal/fuzz/target/release/build/zmij-c49a95ba9c139ee1/build-script-build", O_RDONLY|O_CLOEXEC) = 14
252232 openat(AT_FDCWD, "/home/brianklam/Desktop/liminal/fuzz/target/release/build/serde_json-4a277a11f5b9d5dd/build_script_build-4a277a11f5b9d5dd", O_RDONLY|O_CLOEXEC) = 13
252232 openat(AT_FDCWD, "/home/brianklam/Desktop/liminal/fuzz/target/release/build/serde_json-4a277a11f5b9d5dd/build-script-build", O_RDONLY|O_CLOEXEC) = 14
252232 openat(AT_FDCWD, "/home/brianklam/Desktop/liminal/fuzz/target/release/build/rustix-4c3d297837f49b33/build_script_build-4c3d297837f49b33", O_RDONLY|O_CLOEXEC) = 13
252232 openat(AT_FDCWD, "/home/brianklam/Desktop/liminal/fuzz/target/release/build/rustix-4c3d297837f49b33/build-script-build", O_RDONLY|O_CLOEXEC) = 14
252232 openat(AT_FDCWD, "/home/brianklam/Desktop/liminal/fuzz/target/release/build/crc32fast-53f6d1773d39b1b3/build_script_build-53f6d1773d39b1b3", O_RDONLY|O_CLOEXEC) = 13
252232 openat(AT_FDCWD, "/home/brianklam/Desktop/liminal/fuzz/target/release/build/crc32fast-53f6d1773d39b1b3/build-script-build", O_RDONLY|O_CLOEXEC) = 14
252232 openat(AT_FDCWD, "/home/brianklam/Desktop/liminal/fuzz/target/release/build/blake3-ef461f6a7f3a30f4/build_script_build-ef461f6a7f3a30f4", O_RDONLY|O_CLOEXEC) = 13
252232 openat(AT_FDCWD, "/home/brianklam/Desktop/liminal/fuzz/target/release/build/blake3-ef461f6a7f3a30f4/build-script-build", O_RDONLY|O_CLOEXEC) = 14
252232 openat(AT_FDCWD, "/home/brianklam/Desktop/liminal/fuzz/target/release/build/libfuzzer-sys-ab5d96f421c1e092/build_script_build-ab5d96f421c1e092", O_RDONLY|O_CLOEXEC) = 13
252232 openat(AT_FDCWD, "/home/brianklam/Desktop/liminal/fuzz/target/release/build/libfuzzer-sys-ab5d96f421c1e092/build-script-build", O_RDONLY|O_CLOEXEC) = 14
252232 openat(AT_FDCWD, "/home/brianklam/Desktop/liminal/fuzz/target/x86_64-unknown-linux-gnu/release/deps/ilrp_recovery-5c995888dbf32c6a", O_RDONLY|O_CLOEXEC) = 13
252232 openat(AT_FDCWD, "/home/brianklam/Desktop/liminal/fuzz/target/x86_64-unknown-linux-gnu/release/ilrp_recovery", O_RDONLY|O_CLOEXEC) = 14
252433 --- SIGUSR1 {si_signo=SIGUSR1, si_code=SI_TKILL, si_pid=252232, si_uid=1000} ---
252433 +++ exited with 0 +++
252232 openat(AT_FDCWD, "/home/brianklam/Desktop/liminal/fuzz/target/x86_64-unknown-linux-gnu/release/.fingerprint/liminal-fuzz-5c995888dbf32c6a/dep-bin-ilrp_recovery", O_RDONLY|O_CLOEXEC) = 13
252232 openat(AT_FDCWD, "/home/brianklam/Desktop/liminal/fuzz/target/x86_64-unknown-linux-gnu/release/.fingerprint/liminal-cst-8bed52b1176eda0a/dep-lib-liminal_cst", O_RDONLY|O_CLOEXEC) = 13
252232 openat(AT_FDCWD, "/home/brianklam/Desktop/liminal/fuzz/target/x86_64-unknown-linux-gnu/release/.fingerprint/liminal-id-7a22841852c1880e/dep-lib-liminal_id", O_RDONLY|O_CLOEXEC) = 13
252232 openat(AT_FDCWD, "/home/brianklam/Desktop/liminal/fuzz/target/x86_64-unknown-linux-gnu/release/.fingerprint/liminal-source-faaff7631156b929/dep-lib-liminal_source", O_RDONLY|O_CLOEXEC) = 13
252232 openat(AT_FDCWD, "/home/brianklam/Desktop/liminal/fuzz/target/x86_64-unknown-linux-gnu/release/.fingerprint/liminal-scratch-e58ee2a5cf24cc79/dep-lib-liminal_scratch", O_RDONLY|O_CLOEXEC) = 13
252232 openat(AT_FDCWD, "/home/brianklam/Desktop/liminal/fuzz/target/x86_64-unknown-linux-gnu/release/.fingerprint/liminal-format-cac8dbebc8997da6/dep-lib-liminal_format", O_RDONLY|O_CLOEXEC) = 13
252232 openat(AT_FDCWD, "/home/brianklam/Desktop/liminal/fuzz/target/x86_64-unknown-linux-gnu/release/.fingerprint/liminal-cir-22f8dfdc8f6234f0/dep-lib-liminal_cir", O_RDONLY|O_CLOEXEC) = 13
252232 openat(AT_FDCWD, "/home/brianklam/Desktop/liminal/fuzz/target/x86_64-unknown-linux-gnu/release/.fingerprint/liminal-graph-0e97b1de63c75aeb/dep-lib-liminal_graph", O_RDONLY|O_CLOEXEC) = 13
252232 openat(AT_FDCWD, "/home/brianklam/Desktop/liminal/fuzz/target/x86_64-unknown-linux-gnu/release/.fingerprint/liminal-hir-9dec2c56d31de188/dep-lib-liminal_hir", O_RDONLY|O_CLOEXEC) = 13
252232 openat(AT_FDCWD, "/home/brianklam/Desktop/liminal/fuzz/target/x86_64-unknown-linux-gnu/release/.fingerprint/liminal-revision-7582de39b373d61c/dep-lib-liminal_revision", O_RDONLY|O_CLOEXEC) = 13
252232 openat(AT_FDCWD, "/home/brianklam/Desktop/liminal/fuzz/target/x86_64-unknown-linux-gnu/release/.fingerprint/liminal-jurisdiction-ea234f2eef6b97e1/dep-lib-liminal_jurisdiction", O_RDONLY|O_CLOEXEC) = 13
252232 openat(AT_FDCWD, "/home/brianklam/Desktop/liminal/fuzz/target/x86_64-unknown-linux-gnu/release/.fingerprint/liminal-query-8c9bf5aebf91381d/dep-lib-liminal_query", O_RDONLY|O_CLOEXEC) = 13
252232 openat(AT_FDCWD, "/home/brianklam/Desktop/liminal/fuzz/target/x86_64-unknown-linux-gnu/release/ilrp_recovery.d", O_RDONLY|O_CLOEXEC) = 13
252232 openat(AT_FDCWD, "/home/brianklam/Desktop/liminal/fuzz/target/x86_64-unknown-linux-gnu/release/ilrp_recovery.d", O_WRONLY|O_CREAT|O_TRUNC|O_CLOEXEC, 0666) = 13
252339 +++ exited with 0 +++
252232 +++ exited with 0 +++
252066 --- SIGCHLD {si_signo=SIGCHLD, si_code=CLD_EXITED, si_pid=252232, si_uid=1000, si_status=0, si_utime=3 /* 0.03 s */, si_stime=3 /* 0.03 s */} ---
252066 openat(AT_FDCWD, "/dev/null", O_RDONLY|O_CLOEXEC) = 3
252460 openat(AT_FDCWD, "/etc/ld.so.cache", O_RDONLY|O_CLOEXEC) = 3
252460 openat(AT_FDCWD, "/home/brianklam/.rustup/toolchains/nightly-x86_64-unknown-linux-gnu/lib/glibc-hwcaps/x86-64-v3/liblzma.so.5", O_RDONLY|O_CLOEXEC) = -1 ENOENT (No such file or directory)
252460 openat(AT_FDCWD, "/home/brianklam/.rustup/toolchains/nightly-x86_64-unknown-linux-gnu/lib/glibc-hwcaps/x86-64-v2/liblzma.so.5", O_RDONLY|O_CLOEXEC) = -1 ENOENT (No such file or directory)
252460 openat(AT_FDCWD, "/home/brianklam/.rustup/toolchains/nightly-x86_64-unknown-linux-gnu/lib/liblzma.so.5", O_RDONLY|O_CLOEXEC) = -1 ENOENT (No such file or directory)
252460 openat(AT_FDCWD, "/usr/lib/liblzma.so.5", O_RDONLY|O_CLOEXEC) = 3
252460 openat(AT_FDCWD, "/home/brianklam/.rustup/toolchains/nightly-x86_64-unknown-linux-gnu/lib/libzstd.so.1", O_RDONLY|O_CLOEXEC) = -1 ENOENT (No such file or directory)
252460 openat(AT_FDCWD, "/usr/lib/libzstd.so.1", O_RDONLY|O_CLOEXEC) = 3
252460 openat(AT_FDCWD, "/home/brianklam/.rustup/toolchains/nightly-x86_64-unknown-linux-gnu/lib/libgcc_s.so.1", O_RDONLY|O_CLOEXEC) = -1 ENOENT (No such file or directory)
252460 openat(AT_FDCWD, "/usr/lib/libgcc_s.so.1", O_RDONLY|O_CLOEXEC) = 3
252460 openat(AT_FDCWD, "/home/brianklam/.rustup/toolchains/nightly-x86_64-unknown-linux-gnu/lib/libm.so.6", O_RDONLY|O_CLOEXEC) = -1 ENOENT (No such file or directory)
252460 openat(AT_FDCWD, "/usr/lib/libm.so.6", O_RDONLY|O_CLOEXEC) = 3
252460 openat(AT_FDCWD, "/home/brianklam/.rustup/toolchains/nightly-x86_64-unknown-linux-gnu/lib/libc.so.6", O_RDONLY|O_CLOEXEC) = -1 ENOENT (No such file or directory)
252460 openat(AT_FDCWD, "/usr/lib/libc.so.6", O_RDONLY|O_CLOEXEC) = 3
252460 openat(AT_FDCWD, "/proc/self/maps", O_RDONLY|O_CLOEXEC) = 3
252460 openat(AT_FDCWD, "/proc/self/cgroup", O_RDONLY|O_CLOEXEC) = 3
252460 openat(AT_FDCWD, "/sys/fs/cgroup/user.slice/user-1000.slice/user@1000.service/app.slice/app-codex-desktop-30945.scope/cpu.max", O_RDONLY|O_CLOEXEC) = 3
252460 openat(AT_FDCWD, "/sys/fs/cgroup/user.slice/user-1000.slice/user@1000.service/app.slice/cpu.max", O_RDONLY|O_CLOEXEC) = 3
252460 openat(AT_FDCWD, "/sys/fs/cgroup/user.slice/user-1000.slice/user@1000.service/cpu.max", O_RDONLY|O_CLOEXEC) = 3
252460 openat(AT_FDCWD, "/sys/fs/cgroup/user.slice/user-1000.slice/cpu.max", O_RDONLY|O_CLOEXEC) = 3
252460 openat(AT_FDCWD, "/sys/fs/cgroup/user.slice/cpu.max", O_RDONLY|O_CLOEXEC) = 3
252460 openat(AT_FDCWD, "/sys/fs/cgroup/cpu.max", O_RDONLY|O_CLOEXEC) = -1 ENOENT (No such file or directory)
252460 openat(AT_FDCWD, "/home/brianklam/.rustup/settings.toml", O_RDONLY|O_CLOEXEC) = 6
252460 openat(AT_FDCWD, "/etc/rustup/settings.toml", O_RDONLY|O_CLOEXEC) = -1 ENOENT (No such file or directory)
252467 openat(AT_FDCWD, "/sys/devices/system/cpu/online", O_RDONLY|O_CLOEXEC) = 6
252460 openat(AT_FDCWD, "/home/brianklam/.rustup/toolchains", O_RDONLY|O_CLOEXEC) = 6
252460 openat(6, "nightly-x86_64-unknown-linux-gnu", O_RDONLY|O_NOCTTY|O_CLOEXEC) = 7
252460 openat(AT_FDCWD, "/home/brianklam/.rustup/toolchains", O_RDONLY|O_CLOEXEC) = 6
252460 openat(6, "nightly-x86_64-unknown-linux-gnu", O_RDONLY|O_NOCTTY|O_CLOEXEC) = 7
252472 +++ exited with 0 +++
252468 +++ exited with 0 +++
252467 +++ exited with 0 +++
252466 +++ exited with 0 +++
252469 +++ exited with 0 +++
252471 +++ exited with 0 +++
252473 +++ exited with 0 +++
252470 +++ exited with 0 +++
252460 openat(AT_FDCWD, "/etc/ld.so.cache", O_RDONLY|O_CLOEXEC) = 3
252460 openat(AT_FDCWD, "/home/brianklam/.rustup/toolchains/nightly-x86_64-unknown-linux-gnu/lib/glibc-hwcaps/x86-64-v3/librustc_driver-e61e75993036bf19.so", O_RDONLY|O_CLOEXEC) = -1 ENOENT (No such file or directory)
252460 openat(AT_FDCWD, "/home/brianklam/.rustup/toolchains/nightly-x86_64-unknown-linux-gnu/lib/glibc-hwcaps/x86-64-v2/librustc_driver-e61e75993036bf19.so", O_RDONLY|O_CLOEXEC) = -1 ENOENT (No such file or directory)
252460 openat(AT_FDCWD, "/home/brianklam/.rustup/toolchains/nightly-x86_64-unknown-linux-gnu/lib/librustc_driver-e61e75993036bf19.so", O_RDONLY|O_CLOEXEC) = 3
252460 openat(AT_FDCWD, "/home/brianklam/.rustup/toolchains/nightly-x86_64-unknown-linux-gnu/lib/libdl.so.2", O_RDONLY|O_CLOEXEC) = -1 ENOENT (No such file or directory)
252460 openat(AT_FDCWD, "/home/brianklam/.rustup/toolchains/nightly-x86_64-unknown-linux-gnu/bin/../lib/glibc-hwcaps/x86-64-v3/libdl.so.2", O_RDONLY|O_CLOEXEC) = -1 ENOENT (No such file or directory)
252460 openat(AT_FDCWD, "/home/brianklam/.rustup/toolchains/nightly-x86_64-unknown-linux-gnu/bin/../lib/glibc-hwcaps/x86-64-v2/libdl.so.2", O_RDONLY|O_CLOEXEC) = -1 ENOENT (No such file or directory)
252460 openat(AT_FDCWD, "/home/brianklam/.rustup/toolchains/nightly-x86_64-unknown-linux-gnu/bin/../lib/libdl.so.2", O_RDONLY|O_CLOEXEC) = -1 ENOENT (No such file or directory)
252460 openat(AT_FDCWD, "/usr/lib/libdl.so.2", O_RDONLY|O_CLOEXEC) = 3
252460 openat(AT_FDCWD, "/home/brianklam/.rustup/toolchains/nightly-x86_64-unknown-linux-gnu/lib/librt.so.1", O_RDONLY|O_CLOEXEC) = -1 ENOENT (No such file or directory)
252460 openat(AT_FDCWD, "/home/brianklam/.rustup/toolchains/nightly-x86_64-unknown-linux-gnu/bin/../lib/librt.so.1", O_RDONLY|O_CLOEXEC) = -1 ENOENT (No such file or directory)
252460 openat(AT_FDCWD, "/usr/lib/librt.so.1", O_RDONLY|O_CLOEXEC) = 3
252460 openat(AT_FDCWD, "/home/brianklam/.rustup/toolchains/nightly-x86_64-unknown-linux-gnu/lib/libpthread.so.0", O_RDONLY|O_CLOEXEC) = -1 ENOENT (No such file or directory)
252460 openat(AT_FDCWD, "/home/brianklam/.rustup/toolchains/nightly-x86_64-unknown-linux-gnu/bin/../lib/libpthread.so.0", O_RDONLY|O_CLOEXEC) = -1 ENOENT (No such file or directory)
252460 openat(AT_FDCWD, "/usr/lib/libpthread.so.0", O_RDONLY|O_CLOEXEC) = 3
252460 openat(AT_FDCWD, "/home/brianklam/.rustup/toolchains/nightly-x86_64-unknown-linux-gnu/lib/libc.so.6", O_RDONLY|O_CLOEXEC) = -1 ENOENT (No such file or directory)
252460 openat(AT_FDCWD, "/home/brianklam/.rustup/toolchains/nightly-x86_64-unknown-linux-gnu/bin/../lib/libc.so.6", O_RDONLY|O_CLOEXEC) = -1 ENOENT (No such file or directory)
252460 openat(AT_FDCWD, "/usr/lib/libc.so.6", O_RDONLY|O_CLOEXEC) = 3
252460 openat(AT_FDCWD, "/home/brianklam/.rustup/toolchains/nightly-x86_64-unknown-linux-gnu/lib/libLLVM.so.22.1-rust-1.98.0-nightly", O_RDONLY|O_CLOEXEC) = 3
252460 openat(AT_FDCWD, "/home/brianklam/.rustup/toolchains/nightly-x86_64-unknown-linux-gnu/lib/libgcc_s.so.1", O_RDONLY|O_CLOEXEC) = -1 ENOENT (No such file or directory)
252460 openat(AT_FDCWD, "/home/brianklam/.rustup/toolchains/nightly-x86_64-unknown-linux-gnu/lib/../lib/glibc-hwcaps/x86-64-v3/libgcc_s.so.1", O_RDONLY|O_CLOEXEC) = -1 ENOENT (No such file or directory)
252460 openat(AT_FDCWD, "/home/brianklam/.rustup/toolchains/nightly-x86_64-unknown-linux-gnu/lib/../lib/glibc-hwcaps/x86-64-v2/libgcc_s.so.1", O_RDONLY|O_CLOEXEC) = -1 ENOENT (No such file or directory)
252460 openat(AT_FDCWD, "/home/brianklam/.rustup/toolchains/nightly-x86_64-unknown-linux-gnu/lib/../lib/libgcc_s.so.1", O_RDONLY|O_CLOEXEC) = -1 ENOENT (No such file or directory)
252460 openat(AT_FDCWD, "/usr/lib/libgcc_s.so.1", O_RDONLY|O_CLOEXEC) = 3
252460 openat(AT_FDCWD, "/home/brianklam/.rustup/toolchains/nightly-x86_64-unknown-linux-gnu/lib/libm.so.6", O_RDONLY|O_CLOEXEC) = -1 ENOENT (No such file or directory)
252460 openat(AT_FDCWD, "/home/brianklam/.rustup/toolchains/nightly-x86_64-unknown-linux-gnu/lib/../lib/libm.so.6", O_RDONLY|O_CLOEXEC) = -1 ENOENT (No such file or directory)
252460 openat(AT_FDCWD, "/usr/lib/libm.so.6", O_RDONLY|O_CLOEXEC) = 3
252460 openat(AT_FDCWD, "/home/brianklam/.rustup/toolchains/nightly-x86_64-unknown-linux-gnu/lib/libz.so.1", O_RDONLY|O_CLOEXEC) = -1 ENOENT (No such file or directory)
252460 openat(AT_FDCWD, "/home/brianklam/.rustup/toolchains/nightly-x86_64-unknown-linux-gnu/lib/../lib/libz.so.1", O_RDONLY|O_CLOEXEC) = -1 ENOENT (No such file or directory)
252460 openat(AT_FDCWD, "/usr/lib/libz.so.1", O_RDONLY|O_CLOEXEC) = 3
252460 openat(AT_FDCWD, "/proc/self/maps", O_RDONLY|O_CLOEXEC) = 3
252460 openat(AT_FDCWD, "/proc/self/statm", O_RDONLY|O_CLOEXEC) = 3
252536 +++ exited with 0 +++
252460 +++ exited with 0 +++
252066 --- SIGCHLD {si_signo=SIGCHLD, si_code=CLD_EXITED, si_pid=252460, si_uid=1000, si_status=0, si_utime=0, si_stime=0} ---
252538 openat(AT_FDCWD, "/etc/ld.so.cache", O_RDONLY|O_CLOEXEC) = 3
252538 openat(AT_FDCWD, "/home/brianklam/.rustup/toolchains/nightly-x86_64-unknown-linux-gnu/lib/glibc-hwcaps/x86-64-v3/liblzma.so.5", O_RDONLY|O_CLOEXEC) = -1 ENOENT (No such file or directory)
252538 openat(AT_FDCWD, "/home/brianklam/.rustup/toolchains/nightly-x86_64-unknown-linux-gnu/lib/glibc-hwcaps/x86-64-v2/liblzma.so.5", O_RDONLY|O_CLOEXEC) = -1 ENOENT (No such file or directory)
252538 openat(AT_FDCWD, "/home/brianklam/.rustup/toolchains/nightly-x86_64-unknown-linux-gnu/lib/liblzma.so.5", O_RDONLY|O_CLOEXEC) = -1 ENOENT (No such file or directory)
252538 openat(AT_FDCWD, "/usr/lib/liblzma.so.5", O_RDONLY|O_CLOEXEC) = 3
252538 openat(AT_FDCWD, "/home/brianklam/.rustup/toolchains/nightly-x86_64-unknown-linux-gnu/lib/libzstd.so.1", O_RDONLY|O_CLOEXEC) = -1 ENOENT (No such file or directory)
252538 openat(AT_FDCWD, "/usr/lib/libzstd.so.1", O_RDONLY|O_CLOEXEC) = 3
252538 openat(AT_FDCWD, "/home/brianklam/.rustup/toolchains/nightly-x86_64-unknown-linux-gnu/lib/libgcc_s.so.1", O_RDONLY|O_CLOEXEC) = -1 ENOENT (No such file or directory)
252538 openat(AT_FDCWD, "/usr/lib/libgcc_s.so.1", O_RDONLY|O_CLOEXEC) = 3
252538 openat(AT_FDCWD, "/home/brianklam/.rustup/toolchains/nightly-x86_64-unknown-linux-gnu/lib/libm.so.6", O_RDONLY|O_CLOEXEC) = -1 ENOENT (No such file or directory)
252538 openat(AT_FDCWD, "/usr/lib/libm.so.6", O_RDONLY|O_CLOEXEC) = 3
252538 openat(AT_FDCWD, "/home/brianklam/.rustup/toolchains/nightly-x86_64-unknown-linux-gnu/lib/libc.so.6", O_RDONLY|O_CLOEXEC) = -1 ENOENT (No such file or directory)
252538 openat(AT_FDCWD, "/usr/lib/libc.so.6", O_RDONLY|O_CLOEXEC) = 3
252538 openat(AT_FDCWD, "/proc/self/maps", O_RDONLY|O_CLOEXEC) = 3
252538 openat(AT_FDCWD, "/proc/self/cgroup", O_RDONLY|O_CLOEXEC) = 3
252538 openat(AT_FDCWD, "/sys/fs/cgroup/user.slice/user-1000.slice/user@1000.service/app.slice/app-codex-desktop-30945.scope/cpu.max", O_RDONLY|O_CLOEXEC) = 3
252538 openat(AT_FDCWD, "/sys/fs/cgroup/user.slice/user-1000.slice/user@1000.service/app.slice/cpu.max", O_RDONLY|O_CLOEXEC) = 3
252538 openat(AT_FDCWD, "/sys/fs/cgroup/user.slice/user-1000.slice/user@1000.service/cpu.max", O_RDONLY|O_CLOEXEC) = 3
252538 openat(AT_FDCWD, "/sys/fs/cgroup/user.slice/user-1000.slice/cpu.max", O_RDONLY|O_CLOEXEC) = 3
252538 openat(AT_FDCWD, "/sys/fs/cgroup/user.slice/cpu.max", O_RDONLY|O_CLOEXEC) = 3
252538 openat(AT_FDCWD, "/sys/fs/cgroup/cpu.max", O_RDONLY|O_CLOEXEC) = -1 ENOENT (No such file or directory)
252545 openat(AT_FDCWD, "/sys/devices/system/cpu/online", O_RDONLY|O_CLOEXEC) = 6
252538 openat(AT_FDCWD, "/home/brianklam/.rustup/settings.toml", O_RDONLY|O_CLOEXEC) = 6
252538 openat(AT_FDCWD, "/etc/rustup/settings.toml", O_RDONLY|O_CLOEXEC) = -1 ENOENT (No such file or directory)
252538 openat(AT_FDCWD, "/home/brianklam/.rustup/toolchains", O_RDONLY|O_CLOEXEC) = 6
252538 openat(6, "nightly-x86_64-unknown-linux-gnu", O_RDONLY|O_NOCTTY|O_CLOEXEC) = 7
252538 openat(AT_FDCWD, "/home/brianklam/.rustup/toolchains", O_RDONLY|O_CLOEXEC) = 6
252538 openat(6, "nightly-x86_64-unknown-linux-gnu", O_RDONLY|O_NOCTTY|O_CLOEXEC) = 7
252545 +++ exited with 0 +++
252544 +++ exited with 0 +++
252543 +++ exited with 0 +++
252539 +++ exited with 0 +++
252542 +++ exited with 0 +++
252540 +++ exited with 0 +++
252546 +++ exited with 0 +++
252541 +++ exited with 0 +++
252538 openat(AT_FDCWD, "/etc/ld.so.cache", O_RDONLY|O_CLOEXEC) = 3
252538 openat(AT_FDCWD, "/home/brianklam/.rustup/toolchains/nightly-x86_64-unknown-linux-gnu/lib/glibc-hwcaps/x86-64-v3/libdl.so.2", O_RDONLY|O_CLOEXEC) = -1 ENOENT (No such file or directory)
252538 openat(AT_FDCWD, "/home/brianklam/.rustup/toolchains/nightly-x86_64-unknown-linux-gnu/lib/glibc-hwcaps/x86-64-v2/libdl.so.2", O_RDONLY|O_CLOEXEC) = -1 ENOENT (No such file or directory)
252538 openat(AT_FDCWD, "/home/brianklam/.rustup/toolchains/nightly-x86_64-unknown-linux-gnu/lib/libdl.so.2", O_RDONLY|O_CLOEXEC) = -1 ENOENT (No such file or directory)
252538 openat(AT_FDCWD, "/home/brianklam/.rustup/toolchains/nightly-x86_64-unknown-linux-gnu/bin/../lib/glibc-hwcaps/x86-64-v3/libdl.so.2", O_RDONLY|O_CLOEXEC) = -1 ENOENT (No such file or directory)
252538 openat(AT_FDCWD, "/home/brianklam/.rustup/toolchains/nightly-x86_64-unknown-linux-gnu/bin/../lib/glibc-hwcaps/x86-64-v2/libdl.so.2", O_RDONLY|O_CLOEXEC) = -1 ENOENT (No such file or directory)
252538 openat(AT_FDCWD, "/home/brianklam/.rustup/toolchains/nightly-x86_64-unknown-linux-gnu/bin/../lib/libdl.so.2", O_RDONLY|O_CLOEXEC) = -1 ENOENT (No such file or directory)
252538 openat(AT_FDCWD, "/usr/lib/libdl.so.2", O_RDONLY|O_CLOEXEC) = 3
252538 openat(AT_FDCWD, "/home/brianklam/.rustup/toolchains/nightly-x86_64-unknown-linux-gnu/lib/libgcc_s.so.1", O_RDONLY|O_CLOEXEC) = -1 ENOENT (No such file or directory)
252538 openat(AT_FDCWD, "/home/brianklam/.rustup/toolchains/nightly-x86_64-unknown-linux-gnu/bin/../lib/libgcc_s.so.1", O_RDONLY|O_CLOEXEC) = -1 ENOENT (No such file or directory)
252538 openat(AT_FDCWD, "/usr/lib/libgcc_s.so.1", O_RDONLY|O_CLOEXEC) = 3
252538 openat(AT_FDCWD, "/home/brianklam/.rustup/toolchains/nightly-x86_64-unknown-linux-gnu/lib/librt.so.1", O_RDONLY|O_CLOEXEC) = -1 ENOENT (No such file or directory)
252538 openat(AT_FDCWD, "/home/brianklam/.rustup/toolchains/nightly-x86_64-unknown-linux-gnu/bin/../lib/librt.so.1", O_RDONLY|O_CLOEXEC) = -1 ENOENT (No such file or directory)
252538 openat(AT_FDCWD, "/usr/lib/librt.so.1", O_RDONLY|O_CLOEXEC) = 3
252538 openat(AT_FDCWD, "/home/brianklam/.rustup/toolchains/nightly-x86_64-unknown-linux-gnu/lib/libpthread.so.0", O_RDONLY|O_CLOEXEC) = -1 ENOENT (No such file or directory)
252538 openat(AT_FDCWD, "/home/brianklam/.rustup/toolchains/nightly-x86_64-unknown-linux-gnu/bin/../lib/libpthread.so.0", O_RDONLY|O_CLOEXEC) = -1 ENOENT (No such file or directory)
252538 openat(AT_FDCWD, "/usr/lib/libpthread.so.0", O_RDONLY|O_CLOEXEC) = 3
252538 openat(AT_FDCWD, "/home/brianklam/.rustup/toolchains/nightly-x86_64-unknown-linux-gnu/lib/libm.so.6", O_RDONLY|O_CLOEXEC) = -1 ENOENT (No such file or directory)
252538 openat(AT_FDCWD, "/home/brianklam/.rustup/toolchains/nightly-x86_64-unknown-linux-gnu/bin/../lib/libm.so.6", O_RDONLY|O_CLOEXEC) = -1 ENOENT (No such file or directory)
252538 openat(AT_FDCWD, "/usr/lib/libm.so.6", O_RDONLY|O_CLOEXEC) = 3
252538 openat(AT_FDCWD, "/home/brianklam/.rustup/toolchains/nightly-x86_64-unknown-linux-gnu/lib/libc.so.6", O_RDONLY|O_CLOEXEC) = -1 ENOENT (No such file or directory)
252538 openat(AT_FDCWD, "/home/brianklam/.rustup/toolchains/nightly-x86_64-unknown-linux-gnu/bin/../lib/libc.so.6", O_RDONLY|O_CLOEXEC) = -1 ENOENT (No such file or directory)
252538 openat(AT_FDCWD, "/usr/lib/libc.so.6", O_RDONLY|O_CLOEXEC) = 3
252538 openat(AT_FDCWD, "/usr/local/ssl/openssl.cnf", O_RDONLY) = -1 ENOENT (No such file or directory)
252538 openat(AT_FDCWD, "/proc/self/maps", O_RDONLY|O_CLOEXEC) = 3
252538 openat(AT_FDCWD, "/home/brianklam/Desktop/liminal/.cargo/config", O_RDONLY|O_CLOEXEC) = -1 ENOENT (No such file or directory)
252538 openat(AT_FDCWD, "/home/brianklam/Desktop/.cargo/config", O_RDONLY|O_CLOEXEC) = -1 ENOENT (No such file or directory)
252538 openat(AT_FDCWD, "/home/brianklam/.cargo/config", O_RDONLY|O_CLOEXEC) = -1 ENOENT (No such file or directory)
252538 openat(AT_FDCWD, "/home/.cargo/config", O_RDONLY|O_CLOEXEC) = -1 ENOENT (No such file or directory)
252538 openat(AT_FDCWD, "/.cargo/config", O_RDONLY|O_CLOEXEC) = -1 ENOENT (No such file or directory)
252538 openat(AT_FDCWD, "/dev/urandom", O_RDONLY) = 3
252538 openat(AT_FDCWD, "/etc/ssl/cert.pem", O_RDONLY) = 3
252538 openat(AT_FDCWD, "/home/brianklam/.gitconfig", O_RDONLY|O_CLOEXEC) = 3
252538 openat(AT_FDCWD, "/home/brianklam/.gitconfig", O_RDONLY|O_CLOEXEC) = 3
252538 openat(AT_FDCWD, "/home/brianklam/Desktop/liminal/fuzz/Cargo.toml", O_RDONLY|O_CLOEXEC) = 3
252538 openat(AT_FDCWD, "/home/brianklam/Desktop/liminal/fuzz/src/bin", O_RDONLY|O_NONBLOCK|O_CLOEXEC|O_DIRECTORY) = -1 ENOENT (No such file or directory)
252538 openat(AT_FDCWD, "/home/brianklam/Desktop/liminal/fuzz/examples", O_RDONLY|O_NONBLOCK|O_CLOEXEC|O_DIRECTORY) = -1 ENOENT (No such file or directory)
252538 openat(AT_FDCWD, "/home/brianklam/Desktop/liminal/fuzz/tests", O_RDONLY|O_NONBLOCK|O_CLOEXEC|O_DIRECTORY) = -1 ENOENT (No such file or directory)
252538 openat(AT_FDCWD, "/home/brianklam/Desktop/liminal/fuzz/benches", O_RDONLY|O_NONBLOCK|O_CLOEXEC|O_DIRECTORY) = -1 ENOENT (No such file or directory)
252538 openat(AT_FDCWD, "/home/brianklam/Desktop/liminal/crates/liminal-cst/Cargo.toml", O_RDONLY|O_CLOEXEC) = 3
252538 openat(AT_FDCWD, "/home/brianklam/Desktop/liminal/Cargo.toml", O_RDONLY|O_CLOEXEC) = 3
252538 openat(AT_FDCWD, "/home/brianklam/Desktop/liminal/crates/liminal-cst/src/bin", O_RDONLY|O_NONBLOCK|O_CLOEXEC|O_DIRECTORY) = -1 ENOENT (No such file or directory)
252538 openat(AT_FDCWD, "/home/brianklam/Desktop/liminal/crates/liminal-cst/examples", O_RDONLY|O_NONBLOCK|O_CLOEXEC|O_DIRECTORY) = -1 ENOENT (No such file or directory)
252538 openat(AT_FDCWD, "/home/brianklam/Desktop/liminal/crates/liminal-cst/tests", O_RDONLY|O_NONBLOCK|O_CLOEXEC|O_DIRECTORY) = -1 ENOENT (No such file or directory)
252538 openat(AT_FDCWD, "/home/brianklam/Desktop/liminal/crates/liminal-cst/benches", O_RDONLY|O_NONBLOCK|O_CLOEXEC|O_DIRECTORY) = -1 ENOENT (No such file or directory)
252538 openat(AT_FDCWD, "/home/brianklam/Desktop/liminal/crates/liminal-format/Cargo.toml", O_RDONLY|O_CLOEXEC) = 3
252538 openat(AT_FDCWD, "/home/brianklam/Desktop/liminal/crates/liminal-format/src/bin", O_RDONLY|O_NONBLOCK|O_CLOEXEC|O_DIRECTORY) = -1 ENOENT (No such file or directory)
252538 openat(AT_FDCWD, "/home/brianklam/Desktop/liminal/crates/liminal-format/examples", O_RDONLY|O_NONBLOCK|O_CLOEXEC|O_DIRECTORY) = -1 ENOENT (No such file or directory)
252538 openat(AT_FDCWD, "/home/brianklam/Desktop/liminal/crates/liminal-format/tests", O_RDONLY|O_NONBLOCK|O_CLOEXEC|O_DIRECTORY) = -1 ENOENT (No such file or directory)
252538 openat(AT_FDCWD, "/home/brianklam/Desktop/liminal/crates/liminal-format/benches", O_RDONLY|O_NONBLOCK|O_CLOEXEC|O_DIRECTORY) = -1 ENOENT (No such file or directory)
252538 openat(AT_FDCWD, "/home/brianklam/Desktop/liminal/crates/liminal-graph/Cargo.toml", O_RDONLY|O_CLOEXEC) = 3
252538 openat(AT_FDCWD, "/home/brianklam/Desktop/liminal/crates/liminal-graph/src/bin", O_RDONLY|O_NONBLOCK|O_CLOEXEC|O_DIRECTORY) = -1 ENOENT (No such file or directory)
252538 openat(AT_FDCWD, "/home/brianklam/Desktop/liminal/crates/liminal-graph/examples", O_RDONLY|O_NONBLOCK|O_CLOEXEC|O_DIRECTORY) = -1 ENOENT (No such file or directory)
252538 openat(AT_FDCWD, "/home/brianklam/Desktop/liminal/crates/liminal-graph/tests", O_RDONLY|O_NONBLOCK|O_CLOEXEC|O_DIRECTORY) = 3
252538 openat(AT_FDCWD, "/home/brianklam/Desktop/liminal/crates/liminal-graph/benches", O_RDONLY|O_NONBLOCK|O_CLOEXEC|O_DIRECTORY) = -1 ENOENT (No such file or directory)
252538 openat(AT_FDCWD, "/home/brianklam/Desktop/liminal/crates/liminal-id/Cargo.toml", O_RDONLY|O_CLOEXEC) = 3
252538 openat(AT_FDCWD, "/home/brianklam/Desktop/liminal/crates/liminal-id/src/bin", O_RDONLY|O_NONBLOCK|O_CLOEXEC|O_DIRECTORY) = -1 ENOENT (No such file or directory)
252538 openat(AT_FDCWD, "/home/brianklam/Desktop/liminal/crates/liminal-id/examples", O_RDONLY|O_NONBLOCK|O_CLOEXEC|O_DIRECTORY) = -1 ENOENT (No such file or directory)
252538 openat(AT_FDCWD, "/home/brianklam/Desktop/liminal/crates/liminal-id/tests", O_RDONLY|O_NONBLOCK|O_CLOEXEC|O_DIRECTORY) = -1 ENOENT (No such file or directory)
252538 openat(AT_FDCWD, "/home/brianklam/Desktop/liminal/crates/liminal-id/benches", O_RDONLY|O_NONBLOCK|O_CLOEXEC|O_DIRECTORY) = -1 ENOENT (No such file or directory)
252538 openat(AT_FDCWD, "/home/brianklam/Desktop/liminal/crates/liminal-jurisdiction/Cargo.toml", O_RDONLY|O_CLOEXEC) = 3
252538 openat(AT_FDCWD, "/home/brianklam/Desktop/liminal/crates/liminal-jurisdiction/src/bin", O_RDONLY|O_NONBLOCK|O_CLOEXEC|O_DIRECTORY) = -1 ENOENT (No such file or directory)
252538 openat(AT_FDCWD, "/home/brianklam/Desktop/liminal/crates/liminal-jurisdiction/examples", O_RDONLY|O_NONBLOCK|O_CLOEXEC|O_DIRECTORY) = -1 ENOENT (No such file or directory)
252538 openat(AT_FDCWD, "/home/brianklam/Desktop/liminal/crates/liminal-jurisdiction/tests", O_RDONLY|O_NONBLOCK|O_CLOEXEC|O_DIRECTORY) = 3
252538 openat(AT_FDCWD, "/home/brianklam/Desktop/liminal/crates/liminal-jurisdiction/benches", O_RDONLY|O_NONBLOCK|O_CLOEXEC|O_DIRECTORY) = -1 ENOENT (No such file or directory)
252538 openat(AT_FDCWD, "/home/brianklam/Desktop/liminal/crates/liminal-query/Cargo.toml", O_RDONLY|O_CLOEXEC) = 3
252538 openat(AT_FDCWD, "/home/brianklam/Desktop/liminal/crates/liminal-query/src/bin", O_RDONLY|O_NONBLOCK|O_CLOEXEC|O_DIRECTORY) = -1 ENOENT (No such file or directory)
252538 openat(AT_FDCWD, "/home/brianklam/Desktop/liminal/crates/liminal-query/examples", O_RDONLY|O_NONBLOCK|O_CLOEXEC|O_DIRECTORY) = -1 ENOENT (No such file or directory)
252538 openat(AT_FDCWD, "/home/brianklam/Desktop/liminal/crates/liminal-query/tests", O_RDONLY|O_NONBLOCK|O_CLOEXEC|O_DIRECTORY) = -1 ENOENT (No such file or directory)
252538 openat(AT_FDCWD, "/home/brianklam/Desktop/liminal/crates/liminal-query/benches", O_RDONLY|O_NONBLOCK|O_CLOEXEC|O_DIRECTORY) = -1 ENOENT (No such file or directory)
252538 openat(AT_FDCWD, "/home/brianklam/Desktop/liminal/crates/liminal-revision/Cargo.toml", O_RDONLY|O_CLOEXEC) = 3
252538 openat(AT_FDCWD, "/home/brianklam/Desktop/liminal/crates/liminal-revision/src/bin", O_RDONLY|O_NONBLOCK|O_CLOEXEC|O_DIRECTORY) = -1 ENOENT (No such file or directory)
252538 openat(AT_FDCWD, "/home/brianklam/Desktop/liminal/crates/liminal-revision/examples", O_RDONLY|O_NONBLOCK|O_CLOEXEC|O_DIRECTORY) = -1 ENOENT (No such file or directory)
252538 openat(AT_FDCWD, "/home/brianklam/Desktop/liminal/crates/liminal-revision/tests", O_RDONLY|O_NONBLOCK|O_CLOEXEC|O_DIRECTORY) = -1 ENOENT (No such file or directory)
252538 openat(AT_FDCWD, "/home/brianklam/Desktop/liminal/crates/liminal-revision/benches", O_RDONLY|O_NONBLOCK|O_CLOEXEC|O_DIRECTORY) = -1 ENOENT (No such file or directory)
252538 openat(AT_FDCWD, "/home/brianklam/Desktop/liminal/crates/liminal-source/Cargo.toml", O_RDONLY|O_CLOEXEC) = 3
252538 openat(AT_FDCWD, "/home/brianklam/Desktop/liminal/crates/liminal-source/src/bin", O_RDONLY|O_NONBLOCK|O_CLOEXEC|O_DIRECTORY) = -1 ENOENT (No such file or directory)
252538 openat(AT_FDCWD, "/home/brianklam/Desktop/liminal/crates/liminal-source/examples", O_RDONLY|O_NONBLOCK|O_CLOEXEC|O_DIRECTORY) = -1 ENOENT (No such file or directory)
252538 openat(AT_FDCWD, "/home/brianklam/Desktop/liminal/crates/liminal-source/tests", O_RDONLY|O_NONBLOCK|O_CLOEXEC|O_DIRECTORY) = -1 ENOENT (No such file or directory)
252538 openat(AT_FDCWD, "/home/brianklam/Desktop/liminal/crates/liminal-source/benches", O_RDONLY|O_NONBLOCK|O_CLOEXEC|O_DIRECTORY) = -1 ENOENT (No such file or directory)
252538 openat(AT_FDCWD, "/proc/self/cgroup", O_RDONLY|O_CLOEXEC) = 3
252538 openat(AT_FDCWD, "/sys/fs/cgroup/user.slice/user-1000.slice/user@1000.service/app.slice/app-codex-desktop-30945.scope/cpu.max", O_RDONLY|O_CLOEXEC) = 3
252538 openat(AT_FDCWD, "/sys/fs/cgroup/user.slice/user-1000.slice/user@1000.service/app.slice/cpu.max", O_RDONLY|O_CLOEXEC) = 3
252538 openat(AT_FDCWD, "/sys/fs/cgroup/user.slice/user-1000.slice/user@1000.service/cpu.max", O_RDONLY|O_CLOEXEC) = 3
252538 openat(AT_FDCWD, "/sys/fs/cgroup/user.slice/user-1000.slice/cpu.max", O_RDONLY|O_CLOEXEC) = 3
252538 openat(AT_FDCWD, "/sys/fs/cgroup/user.slice/cpu.max", O_RDONLY|O_CLOEXEC) = 3
252538 openat(AT_FDCWD, "/sys/fs/cgroup/cpu.max", O_RDONLY|O_CLOEXEC) = -1 ENOENT (No such file or directory)
252538 openat(AT_FDCWD, "/home/brianklam/Desktop/liminal/fuzz/target/.rustc_info.json", O_RDONLY|O_CLOEXEC) = 3
252538 openat(AT_FDCWD, "/home/brianklam/Desktop/liminal/fuzz/Cargo.lock", O_RDONLY|O_CLOEXEC) = 3
252538 openat(AT_FDCWD, "/home/brianklam/Desktop/liminal/crates/liminal-scratch/Cargo.toml", O_RDONLY|O_CLOEXEC) = 4
252538 openat(AT_FDCWD, "/home/brianklam/Desktop/liminal/crates/liminal-scratch/src/bin", O_RDONLY|O_NONBLOCK|O_CLOEXEC|O_DIRECTORY) = -1 ENOENT (No such file or directory)
252538 openat(AT_FDCWD, "/home/brianklam/Desktop/liminal/crates/liminal-scratch/examples", O_RDONLY|O_NONBLOCK|O_CLOEXEC|O_DIRECTORY) = -1 ENOENT (No such file or directory)
252538 openat(AT_FDCWD, "/home/brianklam/Desktop/liminal/crates/liminal-scratch/tests", O_RDONLY|O_NONBLOCK|O_CLOEXEC|O_DIRECTORY) = -1 ENOENT (No such file or directory)
252538 openat(AT_FDCWD, "/home/brianklam/Desktop/liminal/crates/liminal-scratch/benches", O_RDONLY|O_NONBLOCK|O_CLOEXEC|O_DIRECTORY) = -1 ENOENT (No such file or directory)
252538 openat(AT_FDCWD, "/home/brianklam/Desktop/liminal/crates/liminal-cir/Cargo.toml", O_RDONLY|O_CLOEXEC) = 4
252538 openat(AT_FDCWD, "/home/brianklam/Desktop/liminal/crates/liminal-cir/src/bin", O_RDONLY|O_NONBLOCK|O_CLOEXEC|O_DIRECTORY) = -1 ENOENT (No such file or directory)
252538 openat(AT_FDCWD, "/home/brianklam/Desktop/liminal/crates/liminal-cir/examples", O_RDONLY|O_NONBLOCK|O_CLOEXEC|O_DIRECTORY) = -1 ENOENT (No such file or directory)
252538 openat(AT_FDCWD, "/home/brianklam/Desktop/liminal/crates/liminal-cir/tests", O_RDONLY|O_NONBLOCK|O_CLOEXEC|O_DIRECTORY) = -1 ENOENT (No such file or directory)
252538 openat(AT_FDCWD, "/home/brianklam/Desktop/liminal/crates/liminal-cir/benches", O_RDONLY|O_NONBLOCK|O_CLOEXEC|O_DIRECTORY) = -1 ENOENT (No such file or directory)
252538 openat(AT_FDCWD, "/home/brianklam/Desktop/liminal/crates/liminal-hir/Cargo.toml", O_RDONLY|O_CLOEXEC) = 4
252538 openat(AT_FDCWD, "/home/brianklam/Desktop/liminal/crates/liminal-hir/src/bin", O_RDONLY|O_NONBLOCK|O_CLOEXEC|O_DIRECTORY) = -1 ENOENT (No such file or directory)
252538 openat(AT_FDCWD, "/home/brianklam/Desktop/liminal/crates/liminal-hir/examples", O_RDONLY|O_NONBLOCK|O_CLOEXEC|O_DIRECTORY) = -1 ENOENT (No such file or directory)
252538 openat(AT_FDCWD, "/home/brianklam/Desktop/liminal/crates/liminal-hir/tests", O_RDONLY|O_NONBLOCK|O_CLOEXEC|O_DIRECTORY) = -1 ENOENT (No such file or directory)
252538 openat(AT_FDCWD, "/home/brianklam/Desktop/liminal/crates/liminal-hir/benches", O_RDONLY|O_NONBLOCK|O_CLOEXEC|O_DIRECTORY) = -1 ENOENT (No such file or directory)
252538 openat(AT_FDCWD, "/home/brianklam/.cargo/.package-cache", O_RDWR|O_CREAT|O_CLOEXEC, 0666) = 3
252538 openat(AT_FDCWD, "/home/brianklam/Desktop/liminal/fuzz/target/.rustc_info.json", O_RDONLY|O_CLOEXEC) = 4
252538 openat(AT_FDCWD, "/home/brianklam/.cargo/registry/index/index.crates.io-1949cf8c6b5b557f/.cache/li/bf/libfuzzer-sys", O_RDONLY|O_CLOEXEC) = 4
252538 openat(AT_FDCWD, "/home/brianklam/.cargo/registry/index/index.crates.io-1949cf8c6b5b557f/config.json", O_RDONLY|O_CLOEXEC) = 4
252538 openat(AT_FDCWD, "/home/brianklam/.cargo/registry/index/index.crates.io-1949cf8c6b5b557f/.cache/se/rd/serde_json", O_RDONLY|O_CLOEXEC) = 4
252538 openat(AT_FDCWD, "/home/brianklam/.cargo/registry/index/index.crates.io-1949cf8c6b5b557f/.cache/ar/bi/arbitrary", O_RDONLY|O_CLOEXEC) = 4
252538 openat(AT_FDCWD, "/home/brianklam/.cargo/registry/index/index.crates.io-1949cf8c6b5b557f/.cache/2/cc", O_RDONLY|O_CLOEXEC) = 4
252538 openat(AT_FDCWD, "/home/brianklam/.cargo/registry/index/index.crates.io-1949cf8c6b5b557f/.cache/ro/wa/rowan", O_RDONLY|O_CLOEXEC) = 4
252538 openat(AT_FDCWD, "/home/brianklam/.cargo/registry/index/index.crates.io-1949cf8c6b5b557f/.cache/se/rd/serde", O_RDONLY|O_CLOEXEC) = 4
252538 openat(AT_FDCWD, "/home/brianklam/Desktop/liminal/crates/liminal-cir/Cargo.toml", O_RDONLY|O_CLOEXEC) = 4
252538 openat(AT_FDCWD, "/home/brianklam/Desktop/liminal/crates/liminal-cir/src/bin", O_RDONLY|O_NONBLOCK|O_CLOEXEC|O_DIRECTORY) = -1 ENOENT (No such file or directory)
252538 openat(AT_FDCWD, "/home/brianklam/Desktop/liminal/crates/liminal-cir/examples", O_RDONLY|O_NONBLOCK|O_CLOEXEC|O_DIRECTORY) = -1 ENOENT (No such file or directory)
252538 openat(AT_FDCWD, "/home/brianklam/Desktop/liminal/crates/liminal-cir/tests", O_RDONLY|O_NONBLOCK|O_CLOEXEC|O_DIRECTORY) = -1 ENOENT (No such file or directory)
252538 openat(AT_FDCWD, "/home/brianklam/Desktop/liminal/crates/liminal-cir/benches", O_RDONLY|O_NONBLOCK|O_CLOEXEC|O_DIRECTORY) = -1 ENOENT (No such file or directory)
252538 openat(AT_FDCWD, "/home/brianklam/Desktop/liminal/crates/liminal-hir/Cargo.toml", O_RDONLY|O_CLOEXEC) = 4
252538 openat(AT_FDCWD, "/home/brianklam/Desktop/liminal/crates/liminal-hir/src/bin", O_RDONLY|O_NONBLOCK|O_CLOEXEC|O_DIRECTORY) = -1 ENOENT (No such file or directory)
252538 openat(AT_FDCWD, "/home/brianklam/Desktop/liminal/crates/liminal-hir/examples", O_RDONLY|O_NONBLOCK|O_CLOEXEC|O_DIRECTORY) = -1 ENOENT (No such file or directory)
252538 openat(AT_FDCWD, "/home/brianklam/Desktop/liminal/crates/liminal-hir/tests", O_RDONLY|O_NONBLOCK|O_CLOEXEC|O_DIRECTORY) = -1 ENOENT (No such file or directory)
252538 openat(AT_FDCWD, "/home/brianklam/Desktop/liminal/crates/liminal-hir/benches", O_RDONLY|O_NONBLOCK|O_CLOEXEC|O_DIRECTORY) = -1 ENOENT (No such file or directory)
252538 openat(AT_FDCWD, "/home/brianklam/.cargo/registry/index/index.crates.io-1949cf8c6b5b557f/.cache/th/is/thiserror", O_RDONLY|O_CLOEXEC) = 4
252538 openat(AT_FDCWD, "/home/brianklam/.cargo/registry/index/index.crates.io-1949cf8c6b5b557f/.cache/uu/id/uuid", O_RDONLY|O_CLOEXEC) = 4
252538 openat(AT_FDCWD, "/home/brianklam/.cargo/registry/index/index.crates.io-1949cf8c6b5b557f/.cache/ca/mi/camino", O_RDONLY|O_CLOEXEC) = 4
252538 openat(AT_FDCWD, "/home/brianklam/.cargo/registry/index/index.crates.io-1949cf8c6b5b557f/.cache/cr/c3/crc32fast", O_RDONLY|O_CLOEXEC) = 4
252538 openat(AT_FDCWD, "/home/brianklam/.cargo/registry/index/index.crates.io-1949cf8c6b5b557f/.cache/3/f/fs4", O_RDONLY|O_CLOEXEC) = 4
252538 openat(AT_FDCWD, "/home/brianklam/Desktop/liminal/crates/liminal-scratch/Cargo.toml", O_RDONLY|O_CLOEXEC) = 4
252538 openat(AT_FDCWD, "/home/brianklam/Desktop/liminal/crates/liminal-scratch/src/bin", O_RDONLY|O_NONBLOCK|O_CLOEXEC|O_DIRECTORY) = -1 ENOENT (No such file or directory)
252538 openat(AT_FDCWD, "/home/brianklam/Desktop/liminal/crates/liminal-scratch/examples", O_RDONLY|O_NONBLOCK|O_CLOEXEC|O_DIRECTORY) = -1 ENOENT (No such file or directory)
252538 openat(AT_FDCWD, "/home/brianklam/Desktop/liminal/crates/liminal-scratch/tests", O_RDONLY|O_NONBLOCK|O_CLOEXEC|O_DIRECTORY) = -1 ENOENT (No such file or directory)
252538 openat(AT_FDCWD, "/home/brianklam/Desktop/liminal/crates/liminal-scratch/benches", O_RDONLY|O_NONBLOCK|O_CLOEXEC|O_DIRECTORY) = -1 ENOENT (No such file or directory)
252538 openat(AT_FDCWD, "/home/brianklam/.cargo/registry/index/index.crates.io-1949cf8c6b5b557f/.cache/bl/ak/blake3", O_RDONLY|O_CLOEXEC) = 4
252538 openat(AT_FDCWD, "/home/brianklam/.cargo/registry/index/index.crates.io-1949cf8c6b5b557f/.cache/ro/pe/ropey", O_RDONLY|O_CLOEXEC) = 4
252538 openat(AT_FDCWD, "/home/brianklam/.cargo/registry/index/index.crates.io-1949cf8c6b5b557f/.cache/it/oa/itoa", O_RDONLY|O_CLOEXEC) = 4
252538 openat(AT_FDCWD, "/home/brianklam/.cargo/registry/index/index.crates.io-1949cf8c6b5b557f/.cache/me/mc/memchr", O_RDONLY|O_CLOEXEC) = 4
252538 openat(AT_FDCWD, "/home/brianklam/.cargo/registry/index/index.crates.io-1949cf8c6b5b557f/.cache/se/rd/serde_core", O_RDONLY|O_CLOEXEC) = 4
252538 openat(AT_FDCWD, "/home/brianklam/.cargo/registry/index/index.crates.io-1949cf8c6b5b557f/.cache/zm/ij/zmij", O_RDONLY|O_CLOEXEC) = 4
252538 openat(AT_FDCWD, "/home/brianklam/.cargo/registry/index/index.crates.io-1949cf8c6b5b557f/.cache/fi/nd/find-msvc-tools", O_RDONLY|O_CLOEXEC) = 4
252538 openat(AT_FDCWD, "/home/brianklam/.cargo/registry/index/index.crates.io-1949cf8c6b5b557f/.cache/jo/bs/jobserver", O_RDONLY|O_CLOEXEC) = 4
252538 openat(AT_FDCWD, "/home/brianklam/.cargo/registry/index/index.crates.io-1949cf8c6b5b557f/.cache/li/bc/libc", O_RDONLY|O_CLOEXEC) = 4
252538 openat(AT_FDCWD, "/home/brianklam/.cargo/registry/index/index.crates.io-1949cf8c6b5b557f/.cache/sh/le/shlex", O_RDONLY|O_CLOEXEC) = 4
252538 openat(AT_FDCWD, "/home/brianklam/.cargo/registry/index/index.crates.io-1949cf8c6b5b557f/.cache/co/un/countme", O_RDONLY|O_CLOEXEC) = 4
252538 openat(AT_FDCWD, "/home/brianklam/.cargo/registry/index/index.crates.io-1949cf8c6b5b557f/.cache/ha/sh/hashbrown", O_RDONLY|O_CLOEXEC) = 4
252538 openat(AT_FDCWD, "/home/brianklam/.cargo/registry/index/index.crates.io-1949cf8c6b5b557f/.cache/ru/st/rustc-hash", O_RDONLY|O_CLOEXEC) = 4
252538 openat(AT_FDCWD, "/home/brianklam/.cargo/registry/index/index.crates.io-1949cf8c6b5b557f/.cache/te/xt/text-size", O_RDONLY|O_CLOEXEC) = 4
252538 openat(AT_FDCWD, "/home/brianklam/.cargo/registry/index/index.crates.io-1949cf8c6b5b557f/.cache/se/rd/serde_derive", O_RDONLY|O_CLOEXEC) = 4
252538 openat(AT_FDCWD, "/home/brianklam/.cargo/registry/index/index.crates.io-1949cf8c6b5b557f/.cache/th/is/thiserror-impl", O_RDONLY|O_CLOEXEC) = 4
252538 openat(AT_FDCWD, "/home/brianklam/.cargo/registry/index/index.crates.io-1949cf8c6b5b557f/.cache/ge/tr/getrandom", O_RDONLY|O_CLOEXEC) = 4
252538 openat(AT_FDCWD, "/home/brianklam/.cargo/registry/index/index.crates.io-1949cf8c6b5b557f/.cache/js/-s/js-sys", O_RDONLY|O_CLOEXEC) = 4
252538 openat(AT_FDCWD, "/home/brianklam/.cargo/registry/index/index.crates.io-1949cf8c6b5b557f/.cache/sh/a1/sha1_smol", O_RDONLY|O_CLOEXEC) = 4
252538 openat(AT_FDCWD, "/home/brianklam/.cargo/registry/index/index.crates.io-1949cf8c6b5b557f/.cache/wa/sm/wasm-bindgen", O_RDONLY|O_CLOEXEC) = 4
252538 openat(AT_FDCWD, "/home/brianklam/.cargo/registry/index/index.crates.io-1949cf8c6b5b557f/.cache/cf/g-/cfg-if", O_RDONLY|O_CLOEXEC) = 4
252538 openat(AT_FDCWD, "/home/brianklam/.cargo/registry/index/index.crates.io-1949cf8c6b5b557f/.cache/ru/st/rustix", O_RDONLY|O_CLOEXEC) = 4
252538 openat(AT_FDCWD, "/home/brianklam/.cargo/registry/index/index.crates.io-1949cf8c6b5b557f/.cache/wi/nd/windows-sys", O_RDONLY|O_CLOEXEC) = 4
252538 openat(AT_FDCWD, "/home/brianklam/.cargo/registry/index/index.crates.io-1949cf8c6b5b557f/.cache/ar/ra/arrayref", O_RDONLY|O_CLOEXEC) = 4
252538 openat(AT_FDCWD, "/home/brianklam/.cargo/registry/index/index.crates.io-1949cf8c6b5b557f/.cache/ar/ra/arrayvec", O_RDONLY|O_CLOEXEC) = 4
252538 openat(AT_FDCWD, "/home/brianklam/.cargo/registry/index/index.crates.io-1949cf8c6b5b557f/.cache/co/ns/constant_time_eq", O_RDONLY|O_CLOEXEC) = 4
252538 openat(AT_FDCWD, "/home/brianklam/.cargo/registry/index/index.crates.io-1949cf8c6b5b557f/.cache/cp/uf/cpufeatures", O_RDONLY|O_CLOEXEC) = 4
252538 openat(AT_FDCWD, "/home/brianklam/.cargo/registry/index/index.crates.io-1949cf8c6b5b557f/.cache/sm/al/smallvec", O_RDONLY|O_CLOEXEC) = 4
252538 openat(AT_FDCWD, "/home/brianklam/.cargo/registry/index/index.crates.io-1949cf8c6b5b557f/.cache/st/r_/str_indices", O_RDONLY|O_CLOEXEC) = 4
252538 openat(AT_FDCWD, "/home/brianklam/.cargo/registry/index/index.crates.io-1949cf8c6b5b557f/.cache/pr/oc/proc-macro2", O_RDONLY|O_CLOEXEC) = 4
252538 openat(AT_FDCWD, "/home/brianklam/.cargo/registry/index/index.crates.io-1949cf8c6b5b557f/.cache/qu/ot/quote", O_RDONLY|O_CLOEXEC) = 4
252538 openat(AT_FDCWD, "/home/brianklam/.cargo/registry/index/index.crates.io-1949cf8c6b5b557f/.cache/3/s/syn", O_RDONLY|O_CLOEXEC) = 4
252538 openat(AT_FDCWD, "/home/brianklam/.cargo/registry/index/index.crates.io-1949cf8c6b5b557f/.cache/r-/ef/r-efi", O_RDONLY|O_CLOEXEC) = 4
252538 openat(AT_FDCWD, "/home/brianklam/.cargo/registry/index/index.crates.io-1949cf8c6b5b557f/.cache/fu/tu/futures-util", O_RDONLY|O_CLOEXEC) = 4
252538 openat(AT_FDCWD, "/home/brianklam/.cargo/registry/index/index.crates.io-1949cf8c6b5b557f/.cache/on/ce/once_cell", O_RDONLY|O_CLOEXEC) = 4
252538 openat(AT_FDCWD, "/home/brianklam/.cargo/registry/index/index.crates.io-1949cf8c6b5b557f/.cache/ru/st/rustversion", O_RDONLY|O_CLOEXEC) = 4
252538 openat(AT_FDCWD, "/home/brianklam/.cargo/registry/index/index.crates.io-1949cf8c6b5b557f/.cache/wa/sm/wasm-bindgen-macro", O_RDONLY|O_CLOEXEC) = 4
252538 openat(AT_FDCWD, "/home/brianklam/.cargo/registry/index/index.crates.io-1949cf8c6b5b557f/.cache/wa/sm/wasm-bindgen-shared", O_RDONLY|O_CLOEXEC) = 4
252538 openat(AT_FDCWD, "/home/brianklam/.cargo/registry/index/index.crates.io-1949cf8c6b5b557f/.cache/bi/tf/bitflags", O_RDONLY|O_CLOEXEC) = 4
252538 openat(AT_FDCWD, "/home/brianklam/.cargo/registry/index/index.crates.io-1949cf8c6b5b557f/.cache/er/rn/errno", O_RDONLY|O_CLOEXEC) = 4
252538 openat(AT_FDCWD, "/home/brianklam/.cargo/registry/index/index.crates.io-1949cf8c6b5b557f/.cache/li/nu/linux-raw-sys", O_RDONLY|O_CLOEXEC) = 4
252538 openat(AT_FDCWD, "/home/brianklam/.cargo/registry/index/index.crates.io-1949cf8c6b5b557f/.cache/wi/nd/windows-targets", O_RDONLY|O_CLOEXEC) = 4
252538 openat(AT_FDCWD, "/home/brianklam/.cargo/registry/index/index.crates.io-1949cf8c6b5b557f/.cache/un/ic/unicode-ident", O_RDONLY|O_CLOEXEC) = 4
252538 openat(AT_FDCWD, "/home/brianklam/.cargo/registry/index/index.crates.io-1949cf8c6b5b557f/.cache/fu/tu/futures-core", O_RDONLY|O_CLOEXEC) = 4
252538 openat(AT_FDCWD, "/home/brianklam/.cargo/registry/index/index.crates.io-1949cf8c6b5b557f/.cache/fu/tu/futures-task", O_RDONLY|O_CLOEXEC) = 4
252538 openat(AT_FDCWD, "/home/brianklam/.cargo/registry/index/index.crates.io-1949cf8c6b5b557f/.cache/pi/n-/pin-project-lite", O_RDONLY|O_CLOEXEC) = 4
252538 openat(AT_FDCWD, "/home/brianklam/.cargo/registry/index/index.crates.io-1949cf8c6b5b557f/.cache/sl/ab/slab", O_RDONLY|O_CLOEXEC) = 4
252538 openat(AT_FDCWD, "/home/brianklam/.cargo/registry/index/index.crates.io-1949cf8c6b5b557f/.cache/wa/sm/wasm-bindgen-macro-support", O_RDONLY|O_CLOEXEC) = 4
252538 openat(AT_FDCWD, "/home/brianklam/.cargo/registry/index/index.crates.io-1949cf8c6b5b557f/.cache/wi/nd/windows-link", O_RDONLY|O_CLOEXEC) = 4
252538 openat(AT_FDCWD, "/home/brianklam/.cargo/registry/index/index.crates.io-1949cf8c6b5b557f/.cache/wi/nd/windows_aarch64_gnullvm", O_RDONLY|O_CLOEXEC) = 4
252538 openat(AT_FDCWD, "/home/brianklam/.cargo/registry/index/index.crates.io-1949cf8c6b5b557f/.cache/wi/nd/windows_aarch64_msvc", O_RDONLY|O_CLOEXEC) = 4
252538 openat(AT_FDCWD, "/home/brianklam/.cargo/registry/index/index.crates.io-1949cf8c6b5b557f/.cache/wi/nd/windows_i686_gnu", O_RDONLY|O_CLOEXEC) = 4
252538 openat(AT_FDCWD, "/home/brianklam/.cargo/registry/index/index.crates.io-1949cf8c6b5b557f/.cache/wi/nd/windows_i686_gnullvm", O_RDONLY|O_CLOEXEC) = 4
252538 openat(AT_FDCWD, "/home/brianklam/.cargo/registry/index/index.crates.io-1949cf8c6b5b557f/.cache/wi/nd/windows_i686_msvc", O_RDONLY|O_CLOEXEC) = 4
252538 openat(AT_FDCWD, "/home/brianklam/.cargo/registry/index/index.crates.io-1949cf8c6b5b557f/.cache/wi/nd/windows_x86_64_gnu", O_RDONLY|O_CLOEXEC) = 4
252538 openat(AT_FDCWD, "/home/brianklam/.cargo/registry/index/index.crates.io-1949cf8c6b5b557f/.cache/wi/nd/windows_x86_64_gnullvm", O_RDONLY|O_CLOEXEC) = 4
252538 openat(AT_FDCWD, "/home/brianklam/.cargo/registry/index/index.crates.io-1949cf8c6b5b557f/.cache/wi/nd/windows_x86_64_msvc", O_RDONLY|O_CLOEXEC) = 4
252538 openat(AT_FDCWD, "/home/brianklam/.cargo/registry/index/index.crates.io-1949cf8c6b5b557f/.cache/bu/mp/bumpalo", O_RDONLY|O_CLOEXEC) = 4
252538 openat(AT_FDCWD, "/home/brianklam/.cargo/.global-cache", O_RDWR|O_CREAT|O_NOFOLLOW|O_CLOEXEC, 0644) = 4
252538 openat(AT_FDCWD, "/dev/urandom", O_RDONLY|O_CLOEXEC) = 5
252538 openat(AT_FDCWD, "/home/brianklam/Desktop/liminal/fuzz/Cargo.lock", O_RDONLY|O_CLOEXEC) = 3
252538 openat(AT_FDCWD, "/home/brianklam/.cargo/.package-cache", O_RDWR|O_CREAT|O_CLOEXEC, 0666) = 3
252538 openat(AT_FDCWD, "/home/brianklam/Desktop/liminal/fuzz/target/.rustc_info.json", O_RDONLY|O_CLOEXEC) = 5
252538 openat(AT_FDCWD, "/home/brianklam/.cargo/.package-cache", O_RDWR|O_CREAT|O_CLOEXEC, 0666) = 3
252538 openat(AT_FDCWD, "/home/brianklam/.cargo/registry/cache/index.crates.io-1949cf8c6b5b557f/arbitrary-1.4.2.crate", O_RDONLY|O_CLOEXEC) = 5
252538 openat(AT_FDCWD, "/home/brianklam/.cargo/registry/src/index.crates.io-1949cf8c6b5b557f/arbitrary-1.4.2/.cargo-ok", O_RDONLY|O_CLOEXEC) = 6
252538 openat(AT_FDCWD, "/home/brianklam/.cargo/registry/src/index.crates.io-1949cf8c6b5b557f/arbitrary-1.4.2/Cargo.toml", O_RDONLY|O_CLOEXEC) = 6
252538 openat(AT_FDCWD, "/home/brianklam/.cargo/registry/cache/index.crates.io-1949cf8c6b5b557f/arrayref-0.3.9.crate", O_RDONLY|O_CLOEXEC) = 5
252538 openat(AT_FDCWD, "/home/brianklam/.cargo/registry/src/index.crates.io-1949cf8c6b5b557f/arrayref-0.3.9/.cargo-ok", O_RDONLY|O_CLOEXEC) = 6
252538 openat(AT_FDCWD, "/home/brianklam/.cargo/registry/src/index.crates.io-1949cf8c6b5b557f/arrayref-0.3.9/Cargo.toml", O_RDONLY|O_CLOEXEC) = 6
252538 openat(AT_FDCWD, "/home/brianklam/.cargo/registry/src/index.crates.io-1949cf8c6b5b557f/arrayref-0.3.9/src/bin", O_RDONLY|O_NONBLOCK|O_CLOEXEC|O_DIRECTORY) = -1 ENOENT (No such file or directory)
252538 openat(AT_FDCWD, "/home/brianklam/.cargo/registry/src/index.crates.io-1949cf8c6b5b557f/arrayref-0.3.9/examples", O_RDONLY|O_NONBLOCK|O_CLOEXEC|O_DIRECTORY) = 6
252538 openat(AT_FDCWD, "/home/brianklam/.cargo/registry/src/index.crates.io-1949cf8c6b5b557f/arrayref-0.3.9/tests", O_RDONLY|O_NONBLOCK|O_CLOEXEC|O_DIRECTORY) = -1 ENOENT (No such file or directory)
252538 openat(AT_FDCWD, "/home/brianklam/.cargo/registry/src/index.crates.io-1949cf8c6b5b557f/arrayref-0.3.9/benches", O_RDONLY|O_NONBLOCK|O_CLOEXEC|O_DIRECTORY) = -1 ENOENT (No such file or directory)
252538 openat(AT_FDCWD, "/home/brianklam/.cargo/registry/cache/index.crates.io-1949cf8c6b5b557f/arrayvec-0.7.8.crate", O_RDONLY|O_CLOEXEC) = 5
252538 openat(AT_FDCWD, "/home/brianklam/.cargo/registry/src/index.crates.io-1949cf8c6b5b557f/arrayvec-0.7.8/.cargo-ok", O_RDONLY|O_CLOEXEC) = 6
252538 openat(AT_FDCWD, "/home/brianklam/.cargo/registry/src/index.crates.io-1949cf8c6b5b557f/arrayvec-0.7.8/Cargo.toml", O_RDONLY|O_CLOEXEC) = 6
252538 openat(AT_FDCWD, "/home/brianklam/.cargo/registry/cache/index.crates.io-1949cf8c6b5b557f/bitflags-2.13.1.crate", O_RDONLY|O_CLOEXEC) = 5
252538 openat(AT_FDCWD, "/home/brianklam/.cargo/registry/src/index.crates.io-1949cf8c6b5b557f/bitflags-2.13.1/.cargo-ok", O_RDONLY|O_CLOEXEC) = 6
252538 openat(AT_FDCWD, "/home/brianklam/.cargo/registry/src/index.crates.io-1949cf8c6b5b557f/bitflags-2.13.1/Cargo.toml", O_RDONLY|O_CLOEXEC) = 6
252538 openat(AT_FDCWD, "/home/brianklam/.cargo/registry/cache/index.crates.io-1949cf8c6b5b557f/blake3-1.8.5.crate", O_RDONLY|O_CLOEXEC) = 5
252538 openat(AT_FDCWD, "/home/brianklam/.cargo/registry/src/index.crates.io-1949cf8c6b5b557f/blake3-1.8.5/.cargo-ok", O_RDONLY|O_CLOEXEC) = 6
252538 openat(AT_FDCWD, "/home/brianklam/.cargo/registry/src/index.crates.io-1949cf8c6b5b557f/blake3-1.8.5/Cargo.toml", O_RDONLY|O_CLOEXEC) = 6
252538 openat(AT_FDCWD, "/home/brianklam/.cargo/registry/cache/index.crates.io-1949cf8c6b5b557f/camino-1.2.4.crate", O_RDONLY|O_CLOEXEC) = 5
252538 openat(AT_FDCWD, "/home/brianklam/.cargo/registry/src/index.crates.io-1949cf8c6b5b557f/camino-1.2.4/.cargo-ok", O_RDONLY|O_CLOEXEC) = 6
252538 openat(AT_FDCWD, "/home/brianklam/.cargo/registry/src/index.crates.io-1949cf8c6b5b557f/camino-1.2.4/Cargo.toml", O_RDONLY|O_CLOEXEC) = 6
252538 openat(AT_FDCWD, "/home/brianklam/.cargo/registry/cache/index.crates.io-1949cf8c6b5b557f/cc-1.3.0.crate", O_RDONLY|O_CLOEXEC) = 5
252538 openat(AT_FDCWD, "/home/brianklam/.cargo/registry/src/index.crates.io-1949cf8c6b5b557f/cc-1.3.0/.cargo-ok", O_RDONLY|O_CLOEXEC) = 6
252538 openat(AT_FDCWD, "/home/brianklam/.cargo/registry/src/index.crates.io-1949cf8c6b5b557f/cc-1.3.0/Cargo.toml", O_RDONLY|O_CLOEXEC) = 6
252538 openat(AT_FDCWD, "/home/brianklam/.cargo/registry/cache/index.crates.io-1949cf8c6b5b557f/cfg-if-1.0.4.crate", O_RDONLY|O_CLOEXEC) = 5
252538 openat(AT_FDCWD, "/home/brianklam/.cargo/registry/src/index.crates.io-1949cf8c6b5b557f/cfg-if-1.0.4/.cargo-ok", O_RDONLY|O_CLOEXEC) = 6
252538 openat(AT_FDCWD, "/home/brianklam/.cargo/registry/src/index.crates.io-1949cf8c6b5b557f/cfg-if-1.0.4/Cargo.toml", O_RDONLY|O_CLOEXEC) = 6
252538 openat(AT_FDCWD, "/home/brianklam/.cargo/registry/cache/index.crates.io-1949cf8c6b5b557f/constant_time_eq-0.4.2.crate", O_RDONLY|O_CLOEXEC) = 5
252538 openat(AT_FDCWD, "/home/brianklam/.cargo/registry/src/index.crates.io-1949cf8c6b5b557f/constant_time_eq-0.4.2/.cargo-ok", O_RDONLY|O_CLOEXEC) = 6
252538 openat(AT_FDCWD, "/home/brianklam/.cargo/registry/src/index.crates.io-1949cf8c6b5b557f/constant_time_eq-0.4.2/Cargo.toml", O_RDONLY|O_CLOEXEC) = 6
252538 openat(AT_FDCWD, "/home/brianklam/.cargo/registry/cache/index.crates.io-1949cf8c6b5b557f/countme-3.0.1.crate", O_RDONLY|O_CLOEXEC) = 5
252538 openat(AT_FDCWD, "/home/brianklam/.cargo/registry/src/index.crates.io-1949cf8c6b5b557f/countme-3.0.1/.cargo-ok", O_RDONLY|O_CLOEXEC) = 6
252538 openat(AT_FDCWD, "/home/brianklam/.cargo/registry/src/index.crates.io-1949cf8c6b5b557f/countme-3.0.1/Cargo.toml", O_RDONLY|O_CLOEXEC) = 6
252538 openat(AT_FDCWD, "/home/brianklam/.cargo/registry/src/index.crates.io-1949cf8c6b5b557f/countme-3.0.1/src/bin", O_RDONLY|O_NONBLOCK|O_CLOEXEC|O_DIRECTORY) = -1 ENOENT (No such file or directory)
252538 openat(AT_FDCWD, "/home/brianklam/.cargo/registry/src/index.crates.io-1949cf8c6b5b557f/countme-3.0.1/examples", O_RDONLY|O_NONBLOCK|O_CLOEXEC|O_DIRECTORY) = 6
252538 openat(AT_FDCWD, "/home/brianklam/.cargo/registry/src/index.crates.io-1949cf8c6b5b557f/countme-3.0.1/tests", O_RDONLY|O_NONBLOCK|O_CLOEXEC|O_DIRECTORY) = -1 ENOENT (No such file or directory)
252538 openat(AT_FDCWD, "/home/brianklam/.cargo/registry/src/index.crates.io-1949cf8c6b5b557f/countme-3.0.1/benches", O_RDONLY|O_NONBLOCK|O_CLOEXEC|O_DIRECTORY) = -1 ENOENT (No such file or directory)
252538 openat(AT_FDCWD, "/home/brianklam/.cargo/registry/cache/index.crates.io-1949cf8c6b5b557f/cpufeatures-0.3.0.crate", O_RDONLY|O_CLOEXEC) = 5
252538 openat(AT_FDCWD, "/home/brianklam/.cargo/registry/src/index.crates.io-1949cf8c6b5b557f/cpufeatures-0.3.0/.cargo-ok", O_RDONLY|O_CLOEXEC) = 6
252538 openat(AT_FDCWD, "/home/brianklam/.cargo/registry/src/index.crates.io-1949cf8c6b5b557f/cpufeatures-0.3.0/Cargo.toml", O_RDONLY|O_CLOEXEC) = 6
252538 openat(AT_FDCWD, "/home/brianklam/.cargo/registry/cache/index.crates.io-1949cf8c6b5b557f/crc32fast-1.5.0.crate", O_RDONLY|O_CLOEXEC) = 5
252538 openat(AT_FDCWD, "/home/brianklam/.cargo/registry/src/index.crates.io-1949cf8c6b5b557f/crc32fast-1.5.0/.cargo-ok", O_RDONLY|O_CLOEXEC) = 6
252538 openat(AT_FDCWD, "/home/brianklam/.cargo/registry/src/index.crates.io-1949cf8c6b5b557f/crc32fast-1.5.0/Cargo.toml", O_RDONLY|O_CLOEXEC) = 6
252538 openat(AT_FDCWD, "/home/brianklam/.cargo/registry/cache/index.crates.io-1949cf8c6b5b557f/errno-0.3.14.crate", O_RDONLY|O_CLOEXEC) = 5
252538 openat(AT_FDCWD, "/home/brianklam/.cargo/registry/src/index.crates.io-1949cf8c6b5b557f/errno-0.3.14/.cargo-ok", O_RDONLY|O_CLOEXEC) = 6
252538 openat(AT_FDCWD, "/home/brianklam/.cargo/registry/src/index.crates.io-1949cf8c6b5b557f/errno-0.3.14/Cargo.toml", O_RDONLY|O_CLOEXEC) = 6
252538 openat(AT_FDCWD, "/home/brianklam/.cargo/registry/cache/index.crates.io-1949cf8c6b5b557f/find-msvc-tools-0.1.9.crate", O_RDONLY|O_CLOEXEC) = 5
252538 openat(AT_FDCWD, "/home/brianklam/.cargo/registry/src/index.crates.io-1949cf8c6b5b557f/find-msvc-tools-0.1.9/.cargo-ok", O_RDONLY|O_CLOEXEC) = 6
252538 openat(AT_FDCWD, "/home/brianklam/.cargo/registry/src/index.crates.io-1949cf8c6b5b557f/find-msvc-tools-0.1.9/Cargo.toml", O_RDONLY|O_CLOEXEC) = 6
252538 openat(AT_FDCWD, "/home/brianklam/.cargo/registry/cache/index.crates.io-1949cf8c6b5b557f/fs4-0.13.1.crate", O_RDONLY|O_CLOEXEC) = 5
252538 openat(AT_FDCWD, "/home/brianklam/.cargo/registry/src/index.crates.io-1949cf8c6b5b557f/fs4-0.13.1/.cargo-ok", O_RDONLY|O_CLOEXEC) = 6
252538 openat(AT_FDCWD, "/home/brianklam/.cargo/registry/src/index.crates.io-1949cf8c6b5b557f/fs4-0.13.1/Cargo.toml", O_RDONLY|O_CLOEXEC) = 6
252538 openat(AT_FDCWD, "/home/brianklam/.cargo/registry/cache/index.crates.io-1949cf8c6b5b557f/getrandom-0.4.3.crate", O_RDONLY|O_CLOEXEC) = 5
252538 openat(AT_FDCWD, "/home/brianklam/.cargo/registry/src/index.crates.io-1949cf8c6b5b557f/getrandom-0.4.3/.cargo-ok", O_RDONLY|O_CLOEXEC) = 6
252538 openat(AT_FDCWD, "/home/brianklam/.cargo/registry/src/index.crates.io-1949cf8c6b5b557f/getrandom-0.4.3/Cargo.toml", O_RDONLY|O_CLOEXEC) = 6
252538 openat(AT_FDCWD, "/home/brianklam/.cargo/registry/cache/index.crates.io-1949cf8c6b5b557f/hashbrown-0.14.5.crate", O_RDONLY|O_CLOEXEC) = 5
252538 openat(AT_FDCWD, "/home/brianklam/.cargo/registry/src/index.crates.io-1949cf8c6b5b557f/hashbrown-0.14.5/.cargo-ok", O_RDONLY|O_CLOEXEC) = 6
252538 openat(AT_FDCWD, "/home/brianklam/.cargo/registry/src/index.crates.io-1949cf8c6b5b557f/hashbrown-0.14.5/Cargo.toml", O_RDONLY|O_CLOEXEC) = 6
252538 openat(AT_FDCWD, "/home/brianklam/.cargo/registry/src/index.crates.io-1949cf8c6b5b557f/hashbrown-0.14.5/src/bin", O_RDONLY|O_NONBLOCK|O_CLOEXEC|O_DIRECTORY) = -1 ENOENT (No such file or directory)
252538 openat(AT_FDCWD, "/home/brianklam/.cargo/registry/src/index.crates.io-1949cf8c6b5b557f/hashbrown-0.14.5/examples", O_RDONLY|O_NONBLOCK|O_CLOEXEC|O_DIRECTORY) = -1 ENOENT (No such file or directory)
252538 openat(AT_FDCWD, "/home/brianklam/.cargo/registry/src/index.crates.io-1949cf8c6b5b557f/hashbrown-0.14.5/tests", O_RDONLY|O_NONBLOCK|O_CLOEXEC|O_DIRECTORY) = 6
252538 openat(AT_FDCWD, "/home/brianklam/.cargo/registry/src/index.crates.io-1949cf8c6b5b557f/hashbrown-0.14.5/benches", O_RDONLY|O_NONBLOCK|O_CLOEXEC|O_DIRECTORY) = 6
252538 openat(AT_FDCWD, "/home/brianklam/.cargo/registry/cache/index.crates.io-1949cf8c6b5b557f/itoa-1.0.18.crate", O_RDONLY|O_CLOEXEC) = 5
252538 openat(AT_FDCWD, "/home/brianklam/.cargo/registry/src/index.crates.io-1949cf8c6b5b557f/itoa-1.0.18/.cargo-ok", O_RDONLY|O_CLOEXEC) = 6
252538 openat(AT_FDCWD, "/home/brianklam/.cargo/registry/src/index.crates.io-1949cf8c6b5b557f/itoa-1.0.18/Cargo.toml", O_RDONLY|O_CLOEXEC) = 6
252538 openat(AT_FDCWD, "/home/brianklam/.cargo/registry/cache/index.crates.io-1949cf8c6b5b557f/jobserver-0.1.35.crate", O_RDONLY|O_CLOEXEC) = 5
252538 openat(AT_FDCWD, "/home/brianklam/.cargo/registry/src/index.crates.io-1949cf8c6b5b557f/jobserver-0.1.35/.cargo-ok", O_RDONLY|O_CLOEXEC) = 6
252538 openat(AT_FDCWD, "/home/brianklam/.cargo/registry/src/index.crates.io-1949cf8c6b5b557f/jobserver-0.1.35/Cargo.toml", O_RDONLY|O_CLOEXEC) = 6
252538 openat(AT_FDCWD, "/home/brianklam/.cargo/registry/cache/index.crates.io-1949cf8c6b5b557f/libc-0.2.189.crate", O_RDONLY|O_CLOEXEC) = 5
252538 openat(AT_FDCWD, "/home/brianklam/.cargo/registry/src/index.crates.io-1949cf8c6b5b557f/libc-0.2.189/.cargo-ok", O_RDONLY|O_CLOEXEC) = 6
252538 openat(AT_FDCWD, "/home/brianklam/.cargo/registry/src/index.crates.io-1949cf8c6b5b557f/libc-0.2.189/Cargo.toml", O_RDONLY|O_CLOEXEC) = 6
252538 openat(AT_FDCWD, "/home/brianklam/.cargo/registry/cache/index.crates.io-1949cf8c6b5b557f/libfuzzer-sys-0.4.13.crate", O_RDONLY|O_CLOEXEC) = 5
252538 openat(AT_FDCWD, "/home/brianklam/.cargo/registry/src/index.crates.io-1949cf8c6b5b557f/libfuzzer-sys-0.4.13/.cargo-ok", O_RDONLY|O_CLOEXEC) = 6
252538 openat(AT_FDCWD, "/home/brianklam/.cargo/registry/src/index.crates.io-1949cf8c6b5b557f/libfuzzer-sys-0.4.13/Cargo.toml", O_RDONLY|O_CLOEXEC) = 6
252538 openat(AT_FDCWD, "/home/brianklam/.cargo/registry/cache/index.crates.io-1949cf8c6b5b557f/linux-raw-sys-0.12.1.crate", O_RDONLY|O_CLOEXEC) = 5
252538 openat(AT_FDCWD, "/home/brianklam/.cargo/registry/src/index.crates.io-1949cf8c6b5b557f/linux-raw-sys-0.12.1/.cargo-ok", O_RDONLY|O_CLOEXEC) = 6
252538 openat(AT_FDCWD, "/home/brianklam/.cargo/registry/src/index.crates.io-1949cf8c6b5b557f/linux-raw-sys-0.12.1/Cargo.toml", O_RDONLY|O_CLOEXEC) = 6
252538 openat(AT_FDCWD, "/home/brianklam/.cargo/registry/cache/index.crates.io-1949cf8c6b5b557f/memchr-2.8.3.crate", O_RDONLY|O_CLOEXEC) = 5
252538 openat(AT_FDCWD, "/home/brianklam/.cargo/registry/src/index.crates.io-1949cf8c6b5b557f/memchr-2.8.3/.cargo-ok", O_RDONLY|O_CLOEXEC) = 6
252538 openat(AT_FDCWD, "/home/brianklam/.cargo/registry/src/index.crates.io-1949cf8c6b5b557f/memchr-2.8.3/Cargo.toml", O_RDONLY|O_CLOEXEC) = 6
252538 openat(AT_FDCWD, "/home/brianklam/.cargo/registry/cache/index.crates.io-1949cf8c6b5b557f/proc-macro2-1.0.107.crate", O_RDONLY|O_CLOEXEC) = 5
252538 openat(AT_FDCWD, "/home/brianklam/.cargo/registry/src/index.crates.io-1949cf8c6b5b557f/proc-macro2-1.0.107/.cargo-ok", O_RDONLY|O_CLOEXEC) = 6
252538 openat(AT_FDCWD, "/home/brianklam/.cargo/registry/src/index.crates.io-1949cf8c6b5b557f/proc-macro2-1.0.107/Cargo.toml", O_RDONLY|O_CLOEXEC) = 6
252538 openat(AT_FDCWD, "/home/brianklam/.cargo/registry/cache/index.crates.io-1949cf8c6b5b557f/quote-1.0.47.crate", O_RDONLY|O_CLOEXEC) = 5
252538 openat(AT_FDCWD, "/home/brianklam/.cargo/registry/src/index.crates.io-1949cf8c6b5b557f/quote-1.0.47/.cargo-ok", O_RDONLY|O_CLOEXEC) = 6
252538 openat(AT_FDCWD, "/home/brianklam/.cargo/registry/src/index.crates.io-1949cf8c6b5b557f/quote-1.0.47/Cargo.toml", O_RDONLY|O_CLOEXEC) = 6
252538 openat(AT_FDCWD, "/home/brianklam/.cargo/registry/cache/index.crates.io-1949cf8c6b5b557f/ropey-1.6.1.crate", O_RDONLY|O_CLOEXEC) = 5
252538 openat(AT_FDCWD, "/home/brianklam/.cargo/registry/src/index.crates.io-1949cf8c6b5b557f/ropey-1.6.1/.cargo-ok", O_RDONLY|O_CLOEXEC) = 6
252538 openat(AT_FDCWD, "/home/brianklam/.cargo/registry/src/index.crates.io-1949cf8c6b5b557f/ropey-1.6.1/Cargo.toml", O_RDONLY|O_CLOEXEC) = 6
252538 openat(AT_FDCWD, "/home/brianklam/.cargo/registry/src/index.crates.io-1949cf8c6b5b557f/ropey-1.6.1/src/bin", O_RDONLY|O_NONBLOCK|O_CLOEXEC|O_DIRECTORY) = -1 ENOENT (No such file or directory)
252538 openat(AT_FDCWD, "/home/brianklam/.cargo/registry/src/index.crates.io-1949cf8c6b5b557f/ropey-1.6.1/examples", O_RDONLY|O_NONBLOCK|O_CLOEXEC|O_DIRECTORY) = 6
252538 openat(AT_FDCWD, "/home/brianklam/.cargo/registry/src/index.crates.io-1949cf8c6b5b557f/ropey-1.6.1/tests", O_RDONLY|O_NONBLOCK|O_CLOEXEC|O_DIRECTORY) = 6
252538 openat(AT_FDCWD, "/home/brianklam/.cargo/registry/src/index.crates.io-1949cf8c6b5b557f/ropey-1.6.1/benches", O_RDONLY|O_NONBLOCK|O_CLOEXEC|O_DIRECTORY) = 6
252538 openat(AT_FDCWD, "/home/brianklam/.cargo/registry/cache/index.crates.io-1949cf8c6b5b557f/rowan-0.16.1.crate", O_RDONLY|O_CLOEXEC) = 5
252538 openat(AT_FDCWD, "/home/brianklam/.cargo/registry/src/index.crates.io-1949cf8c6b5b557f/rowan-0.16.1/.cargo-ok", O_RDONLY|O_CLOEXEC) = 6
252538 openat(AT_FDCWD, "/home/brianklam/.cargo/registry/src/index.crates.io-1949cf8c6b5b557f/rowan-0.16.1/Cargo.toml", O_RDONLY|O_CLOEXEC) = 6
252538 openat(AT_FDCWD, "/home/brianklam/.cargo/registry/cache/index.crates.io-1949cf8c6b5b557f/rustc-hash-1.1.0.crate", O_RDONLY|O_CLOEXEC) = 5
252538 openat(AT_FDCWD, "/home/brianklam/.cargo/registry/src/index.crates.io-1949cf8c6b5b557f/rustc-hash-1.1.0/.cargo-ok", O_RDONLY|O_CLOEXEC) = 6
252538 openat(AT_FDCWD, "/home/brianklam/.cargo/registry/src/index.crates.io-1949cf8c6b5b557f/rustc-hash-1.1.0/Cargo.toml", O_RDONLY|O_CLOEXEC) = 6
252538 openat(AT_FDCWD, "/home/brianklam/.cargo/registry/src/index.crates.io-1949cf8c6b5b557f/rustc-hash-1.1.0/src/bin", O_RDONLY|O_NONBLOCK|O_CLOEXEC|O_DIRECTORY) = -1 ENOENT (No such file or directory)
252538 openat(AT_FDCWD, "/home/brianklam/.cargo/registry/src/index.crates.io-1949cf8c6b5b557f/rustc-hash-1.1.0/examples", O_RDONLY|O_NONBLOCK|O_CLOEXEC|O_DIRECTORY) = -1 ENOENT (No such file or directory)
252538 openat(AT_FDCWD, "/home/brianklam/.cargo/registry/src/index.crates.io-1949cf8c6b5b557f/rustc-hash-1.1.0/tests", O_RDONLY|O_NONBLOCK|O_CLOEXEC|O_DIRECTORY) = -1 ENOENT (No such file or directory)
252538 openat(AT_FDCWD, "/home/brianklam/.cargo/registry/src/index.crates.io-1949cf8c6b5b557f/rustc-hash-1.1.0/benches", O_RDONLY|O_NONBLOCK|O_CLOEXEC|O_DIRECTORY) = -1 ENOENT (No such file or directory)
252538 openat(AT_FDCWD, "/home/brianklam/.cargo/registry/cache/index.crates.io-1949cf8c6b5b557f/rustix-1.1.4.crate", O_RDONLY|O_CLOEXEC) = 5
252538 openat(AT_FDCWD, "/home/brianklam/.cargo/registry/src/index.crates.io-1949cf8c6b5b557f/rustix-1.1.4/.cargo-ok", O_RDONLY|O_CLOEXEC) = 6
252538 openat(AT_FDCWD, "/home/brianklam/.cargo/registry/src/index.crates.io-1949cf8c6b5b557f/rustix-1.1.4/Cargo.toml", O_RDONLY|O_CLOEXEC) = 6
252538 openat(AT_FDCWD, "/home/brianklam/.cargo/registry/cache/index.crates.io-1949cf8c6b5b557f/serde-1.0.229.crate", O_RDONLY|O_CLOEXEC) = 5
252538 openat(AT_FDCWD, "/home/brianklam/.cargo/registry/src/index.crates.io-1949cf8c6b5b557f/serde-1.0.229/.cargo-ok", O_RDONLY|O_CLOEXEC) = 6
252538 openat(AT_FDCWD, "/home/brianklam/.cargo/registry/src/index.crates.io-1949cf8c6b5b557f/serde-1.0.229/Cargo.toml", O_RDONLY|O_CLOEXEC) = 6
252538 openat(AT_FDCWD, "/home/brianklam/.cargo/registry/cache/index.crates.io-1949cf8c6b5b557f/serde_core-1.0.229.crate", O_RDONLY|O_CLOEXEC) = 5
252538 openat(AT_FDCWD, "/home/brianklam/.cargo/registry/src/index.crates.io-1949cf8c6b5b557f/serde_core-1.0.229/.cargo-ok", O_RDONLY|O_CLOEXEC) = 6
252538 openat(AT_FDCWD, "/home/brianklam/.cargo/registry/src/index.crates.io-1949cf8c6b5b557f/serde_core-1.0.229/Cargo.toml", O_RDONLY|O_CLOEXEC) = 6
252538 openat(AT_FDCWD, "/home/brianklam/.cargo/registry/cache/index.crates.io-1949cf8c6b5b557f/serde_derive-1.0.229.crate", O_RDONLY|O_CLOEXEC) = 5
252538 openat(AT_FDCWD, "/home/brianklam/.cargo/registry/src/index.crates.io-1949cf8c6b5b557f/serde_derive-1.0.229/.cargo-ok", O_RDONLY|O_CLOEXEC) = 6
252538 openat(AT_FDCWD, "/home/brianklam/.cargo/registry/src/index.crates.io-1949cf8c6b5b557f/serde_derive-1.0.229/Cargo.toml", O_RDONLY|O_CLOEXEC) = 6
252538 openat(AT_FDCWD, "/home/brianklam/.cargo/registry/cache/index.crates.io-1949cf8c6b5b557f/serde_json-1.0.151.crate", O_RDONLY|O_CLOEXEC) = 5
252538 openat(AT_FDCWD, "/home/brianklam/.cargo/registry/src/index.crates.io-1949cf8c6b5b557f/serde_json-1.0.151/.cargo-ok", O_RDONLY|O_CLOEXEC) = 6
252538 openat(AT_FDCWD, "/home/brianklam/.cargo/registry/src/index.crates.io-1949cf8c6b5b557f/serde_json-1.0.151/Cargo.toml", O_RDONLY|O_CLOEXEC) = 6
252538 openat(AT_FDCWD, "/home/brianklam/.cargo/registry/cache/index.crates.io-1949cf8c6b5b557f/sha1_smol-1.0.1.crate", O_RDONLY|O_CLOEXEC) = 5
252538 openat(AT_FDCWD, "/home/brianklam/.cargo/registry/src/index.crates.io-1949cf8c6b5b557f/sha1_smol-1.0.1/.cargo-ok", O_RDONLY|O_CLOEXEC) = 6
252538 openat(AT_FDCWD, "/home/brianklam/.cargo/registry/src/index.crates.io-1949cf8c6b5b557f/sha1_smol-1.0.1/Cargo.toml", O_RDONLY|O_CLOEXEC) = 6
252538 openat(AT_FDCWD, "/home/brianklam/.cargo/registry/src/index.crates.io-1949cf8c6b5b557f/sha1_smol-1.0.1/src/bin", O_RDONLY|O_NONBLOCK|O_CLOEXEC|O_DIRECTORY) = -1 ENOENT (No such file or directory)
252538 openat(AT_FDCWD, "/home/brianklam/.cargo/registry/src/index.crates.io-1949cf8c6b5b557f/sha1_smol-1.0.1/examples", O_RDONLY|O_NONBLOCK|O_CLOEXEC|O_DIRECTORY) = -1 ENOENT (No such file or directory)
252538 openat(AT_FDCWD, "/home/brianklam/.cargo/registry/src/index.crates.io-1949cf8c6b5b557f/sha1_smol-1.0.1/tests", O_RDONLY|O_NONBLOCK|O_CLOEXEC|O_DIRECTORY) = -1 ENOENT (No such file or directory)
252538 openat(AT_FDCWD, "/home/brianklam/.cargo/registry/src/index.crates.io-1949cf8c6b5b557f/sha1_smol-1.0.1/benches", O_RDONLY|O_NONBLOCK|O_CLOEXEC|O_DIRECTORY) = -1 ENOENT (No such file or directory)
252538 openat(AT_FDCWD, "/home/brianklam/.cargo/registry/cache/index.crates.io-1949cf8c6b5b557f/shlex-2.0.1.crate", O_RDONLY|O_CLOEXEC) = 5
252538 openat(AT_FDCWD, "/home/brianklam/.cargo/registry/src/index.crates.io-1949cf8c6b5b557f/shlex-2.0.1/.cargo-ok", O_RDONLY|O_CLOEXEC) = 6
252538 openat(AT_FDCWD, "/home/brianklam/.cargo/registry/src/index.crates.io-1949cf8c6b5b557f/shlex-2.0.1/Cargo.toml", O_RDONLY|O_CLOEXEC) = 6
252538 openat(AT_FDCWD, "/home/brianklam/.cargo/registry/cache/index.crates.io-1949cf8c6b5b557f/smallvec-1.15.2.crate", O_RDONLY|O_CLOEXEC) = 5
252538 openat(AT_FDCWD, "/home/brianklam/.cargo/registry/src/index.crates.io-1949cf8c6b5b557f/smallvec-1.15.2/.cargo-ok", O_RDONLY|O_CLOEXEC) = 6
252538 openat(AT_FDCWD, "/home/brianklam/.cargo/registry/src/index.crates.io-1949cf8c6b5b557f/smallvec-1.15.2/Cargo.toml", O_RDONLY|O_CLOEXEC) = 6
252538 openat(AT_FDCWD, "/home/brianklam/.cargo/registry/cache/index.crates.io-1949cf8c6b5b557f/str_indices-0.4.4.crate", O_RDONLY|O_CLOEXEC) = 5
252538 openat(AT_FDCWD, "/home/brianklam/.cargo/registry/src/index.crates.io-1949cf8c6b5b557f/str_indices-0.4.4/.cargo-ok", O_RDONLY|O_CLOEXEC) = 6
252538 openat(AT_FDCWD, "/home/brianklam/.cargo/registry/src/index.crates.io-1949cf8c6b5b557f/str_indices-0.4.4/Cargo.toml", O_RDONLY|O_CLOEXEC) = 6
252538 openat(AT_FDCWD, "/home/brianklam/.cargo/registry/cache/index.crates.io-1949cf8c6b5b557f/syn-3.0.3.crate", O_RDONLY|O_CLOEXEC) = 5
252538 openat(AT_FDCWD, "/home/brianklam/.cargo/registry/src/index.crates.io-1949cf8c6b5b557f/syn-3.0.3/.cargo-ok", O_RDONLY|O_CLOEXEC) = 6
252538 openat(AT_FDCWD, "/home/brianklam/.cargo/registry/src/index.crates.io-1949cf8c6b5b557f/syn-3.0.3/Cargo.toml", O_RDONLY|O_CLOEXEC) = 6
252538 openat(AT_FDCWD, "/home/brianklam/.cargo/registry/cache/index.crates.io-1949cf8c6b5b557f/text-size-1.1.1.crate", O_RDONLY|O_CLOEXEC) = 5
252538 openat(AT_FDCWD, "/home/brianklam/.cargo/registry/src/index.crates.io-1949cf8c6b5b557f/text-size-1.1.1/.cargo-ok", O_RDONLY|O_CLOEXEC) = 6
252538 openat(AT_FDCWD, "/home/brianklam/.cargo/registry/src/index.crates.io-1949cf8c6b5b557f/text-size-1.1.1/Cargo.toml", O_RDONLY|O_CLOEXEC) = 6
252538 openat(AT_FDCWD, "/home/brianklam/.cargo/registry/src/index.crates.io-1949cf8c6b5b557f/text-size-1.1.1/src/bin", O_RDONLY|O_NONBLOCK|O_CLOEXEC|O_DIRECTORY) = -1 ENOENT (No such file or directory)
252538 openat(AT_FDCWD, "/home/brianklam/.cargo/registry/src/index.crates.io-1949cf8c6b5b557f/text-size-1.1.1/examples", O_RDONLY|O_NONBLOCK|O_CLOEXEC|O_DIRECTORY) = -1 ENOENT (No such file or directory)
252538 openat(AT_FDCWD, "/home/brianklam/.cargo/registry/src/index.crates.io-1949cf8c6b5b557f/text-size-1.1.1/tests", O_RDONLY|O_NONBLOCK|O_CLOEXEC|O_DIRECTORY) = 6
252538 openat(AT_FDCWD, "/home/brianklam/.cargo/registry/src/index.crates.io-1949cf8c6b5b557f/text-size-1.1.1/benches", O_RDONLY|O_NONBLOCK|O_CLOEXEC|O_DIRECTORY) = -1 ENOENT (No such file or directory)
252538 openat(AT_FDCWD, "/home/brianklam/.cargo/registry/cache/index.crates.io-1949cf8c6b5b557f/thiserror-2.0.19.crate", O_RDONLY|O_CLOEXEC) = 5
252538 openat(AT_FDCWD, "/home/brianklam/.cargo/registry/src/index.crates.io-1949cf8c6b5b557f/thiserror-2.0.19/.cargo-ok", O_RDONLY|O_CLOEXEC) = 6
252538 openat(AT_FDCWD, "/home/brianklam/.cargo/registry/src/index.crates.io-1949cf8c6b5b557f/thiserror-2.0.19/Cargo.toml", O_RDONLY|O_CLOEXEC) = 6
252538 openat(AT_FDCWD, "/home/brianklam/.cargo/registry/cache/index.crates.io-1949cf8c6b5b557f/thiserror-impl-2.0.19.crate", O_RDONLY|O_CLOEXEC) = 5
252538 openat(AT_FDCWD, "/home/brianklam/.cargo/registry/src/index.crates.io-1949cf8c6b5b557f/thiserror-impl-2.0.19/.cargo-ok", O_RDONLY|O_CLOEXEC) = 6
252538 openat(AT_FDCWD, "/home/brianklam/.cargo/registry/src/index.crates.io-1949cf8c6b5b557f/thiserror-impl-2.0.19/Cargo.toml", O_RDONLY|O_CLOEXEC) = 6
252538 openat(AT_FDCWD, "/home/brianklam/.cargo/registry/cache/index.crates.io-1949cf8c6b5b557f/unicode-ident-1.0.24.crate", O_RDONLY|O_CLOEXEC) = 5
252538 openat(AT_FDCWD, "/home/brianklam/.cargo/registry/src/index.crates.io-1949cf8c6b5b557f/unicode-ident-1.0.24/.cargo-ok", O_RDONLY|O_CLOEXEC) = 6
252538 openat(AT_FDCWD, "/home/brianklam/.cargo/registry/src/index.crates.io-1949cf8c6b5b557f/unicode-ident-1.0.24/Cargo.toml", O_RDONLY|O_CLOEXEC) = 6
252538 openat(AT_FDCWD, "/home/brianklam/.cargo/registry/cache/index.crates.io-1949cf8c6b5b557f/uuid-1.24.0.crate", O_RDONLY|O_CLOEXEC) = 5
252538 openat(AT_FDCWD, "/home/brianklam/.cargo/registry/src/index.crates.io-1949cf8c6b5b557f/uuid-1.24.0/.cargo-ok", O_RDONLY|O_CLOEXEC) = 6
252538 openat(AT_FDCWD, "/home/brianklam/.cargo/registry/src/index.crates.io-1949cf8c6b5b557f/uuid-1.24.0/Cargo.toml", O_RDONLY|O_CLOEXEC) = 6
252538 openat(AT_FDCWD, "/home/brianklam/.cargo/registry/cache/index.crates.io-1949cf8c6b5b557f/zmij-1.0.23.crate", O_RDONLY|O_CLOEXEC) = 5
252538 openat(AT_FDCWD, "/home/brianklam/.cargo/registry/src/index.crates.io-1949cf8c6b5b557f/zmij-1.0.23/.cargo-ok", O_RDONLY|O_CLOEXEC) = 6
252538 openat(AT_FDCWD, "/home/brianklam/.cargo/registry/src/index.crates.io-1949cf8c6b5b557f/zmij-1.0.23/Cargo.toml", O_RDONLY|O_CLOEXEC) = 6
252538 openat(AT_FDCWD, "/home/brianklam/.cargo/.package-cache", O_RDWR|O_CREAT|O_CLOEXEC, 0666) = 3
252538 openat(AT_FDCWD, "/home/brianklam/Desktop/liminal/fuzz/target/.rustc_info.json", O_RDONLY|O_CLOEXEC) = 3
252538 openat(AT_FDCWD, "/home/brianklam/.cargo/.package-cache-mutate", O_RDWR|O_CREAT|O_CLOEXEC, 0666) = 3
252538 openat(AT_FDCWD, "/home/brianklam/.cargo/.package-cache", O_RDWR|O_CREAT|O_CLOEXEC, 0666) = 5
252538 openat(AT_FDCWD, "/home/brianklam/.cargo/.package-cache-mutate", O_RDWR|O_CREAT|O_CLOEXEC, 0666) = 6
252538 openat(AT_FDCWD, "/home/brianklam/Desktop/liminal/fuzz/target/release/.cargo-build-lock", O_RDWR|O_CREAT|O_CLOEXEC, 0666) = 7
252538 openat(AT_FDCWD, "/home/brianklam/Desktop/liminal/fuzz/target/release/.cargo-lock", O_RDWR|O_CREAT|O_CLOEXEC, 0666) = 8
252538 openat(AT_FDCWD, "/home/brianklam/Desktop/liminal/fuzz/target/release/.cargo-artifact-lock", O_RDWR|O_CREAT|O_CLOEXEC, 0666) = 9
252538 openat(AT_FDCWD, "/home/brianklam/Desktop/liminal/fuzz/target/x86_64-unknown-linux-gnu/release/.cargo-build-lock", O_RDWR|O_CREAT|O_CLOEXEC, 0666) = 10
252538 openat(AT_FDCWD, "/home/brianklam/Desktop/liminal/fuzz/target/x86_64-unknown-linux-gnu/release/.cargo-lock", O_RDWR|O_CREAT|O_CLOEXEC, 0666) = 11
252538 openat(AT_FDCWD, "/home/brianklam/Desktop/liminal/fuzz/target/x86_64-unknown-linux-gnu/release/.cargo-artifact-lock", O_RDWR|O_CREAT|O_CLOEXEC, 0666) = 12
252538 openat(AT_FDCWD, "/home/brianklam/Desktop/liminal/fuzz/target/x86_64-unknown-linux-gnu/release/build/libfuzzer-sys-3e950981d28019a4/root-output", O_RDONLY|O_CLOEXEC) = 13
252538 openat(AT_FDCWD, "/home/brianklam/Desktop/liminal/fuzz/target/x86_64-unknown-linux-gnu/release/build/libfuzzer-sys-3e950981d28019a4/output", O_RDONLY|O_CLOEXEC) = 13
252538 openat(AT_FDCWD, "/home/brianklam/Desktop/liminal/fuzz/target/release/build/libc-d9ab42c0060afff1/root-output", O_RDONLY|O_CLOEXEC) = 13
252538 openat(AT_FDCWD, "/home/brianklam/Desktop/liminal/fuzz/target/release/build/libc-d9ab42c0060afff1/output", O_RDONLY|O_CLOEXEC) = 13
252538 openat(AT_FDCWD, "/home/brianklam/Desktop/liminal/fuzz/target/x86_64-unknown-linux-gnu/release/build/blake3-7de44125c0853c32/root-output", O_RDONLY|O_CLOEXEC) = 13
252538 openat(AT_FDCWD, "/home/brianklam/Desktop/liminal/fuzz/target/x86_64-unknown-linux-gnu/release/build/blake3-7de44125c0853c32/output", O_RDONLY|O_CLOEXEC) = 13
252538 openat(AT_FDCWD, "/home/brianklam/Desktop/liminal/fuzz/target/x86_64-unknown-linux-gnu/release/build/camino-9f638d0ea6e283be/root-output", O_RDONLY|O_CLOEXEC) = 13
252538 openat(AT_FDCWD, "/home/brianklam/Desktop/liminal/fuzz/target/x86_64-unknown-linux-gnu/release/build/camino-9f638d0ea6e283be/output", O_RDONLY|O_CLOEXEC) = 13
252538 openat(AT_FDCWD, "/home/brianklam/Desktop/liminal/fuzz/target/x86_64-unknown-linux-gnu/release/build/serde_core-a3a5b376eb4c8fdc/root-output", O_RDONLY|O_CLOEXEC) = 13
252538 openat(AT_FDCWD, "/home/brianklam/Desktop/liminal/fuzz/target/x86_64-unknown-linux-gnu/release/build/serde_core-a3a5b376eb4c8fdc/output", O_RDONLY|O_CLOEXEC) = 13
252538 openat(AT_FDCWD, "/home/brianklam/Desktop/liminal/fuzz/target/x86_64-unknown-linux-gnu/release/build/serde-78495eb71e80025f/root-output", O_RDONLY|O_CLOEXEC) = 13
252538 openat(AT_FDCWD, "/home/brianklam/Desktop/liminal/fuzz/target/x86_64-unknown-linux-gnu/release/build/serde-78495eb71e80025f/output", O_RDONLY|O_CLOEXEC) = 13
252538 openat(AT_FDCWD, "/home/brianklam/Desktop/liminal/fuzz/target/release/build/proc-macro2-040a326f2ba6af24/root-output", O_RDONLY|O_CLOEXEC) = 13
252538 openat(AT_FDCWD, "/home/brianklam/Desktop/liminal/fuzz/target/release/build/proc-macro2-040a326f2ba6af24/output", O_RDONLY|O_CLOEXEC) = 13
252538 openat(AT_FDCWD, "/home/brianklam/Desktop/liminal/fuzz/target/release/build/quote-31b5c9750e6f1052/root-output", O_RDONLY|O_CLOEXEC) = 13
252538 openat(AT_FDCWD, "/home/brianklam/Desktop/liminal/fuzz/target/release/build/quote-31b5c9750e6f1052/output", O_RDONLY|O_CLOEXEC) = 13
252538 openat(AT_FDCWD, "/home/brianklam/Desktop/liminal/fuzz/target/x86_64-unknown-linux-gnu/release/build/thiserror-810388d89ac0f182/root-output", O_RDONLY|O_CLOEXEC) = 13
252538 openat(AT_FDCWD, "/home/brianklam/Desktop/liminal/fuzz/target/x86_64-unknown-linux-gnu/release/build/thiserror-810388d89ac0f182/output", O_RDONLY|O_CLOEXEC) = 13
252538 openat(AT_FDCWD, "/home/brianklam/Desktop/liminal/fuzz/target/x86_64-unknown-linux-gnu/release/build/getrandom-236b6a03b9ba16fd/root-output", O_RDONLY|O_CLOEXEC) = 13
252538 openat(AT_FDCWD, "/home/brianklam/Desktop/liminal/fuzz/target/x86_64-unknown-linux-gnu/release/build/getrandom-236b6a03b9ba16fd/output", O_RDONLY|O_CLOEXEC) = 13
252538 openat(AT_FDCWD, "/home/brianklam/Desktop/liminal/fuzz/target/x86_64-unknown-linux-gnu/release/build/libc-7787f8f1dbf57be3/root-output", O_RDONLY|O_CLOEXEC) = 13
252538 openat(AT_FDCWD, "/home/brianklam/Desktop/liminal/fuzz/target/x86_64-unknown-linux-gnu/release/build/libc-7787f8f1dbf57be3/output", O_RDONLY|O_CLOEXEC) = 13
252538 openat(AT_FDCWD, "/home/brianklam/Desktop/liminal/fuzz/target/x86_64-unknown-linux-gnu/release/build/crc32fast-5d1cf97e47d94133/root-output", O_RDONLY|O_CLOEXEC) = 13
252538 openat(AT_FDCWD, "/home/brianklam/Desktop/liminal/fuzz/target/x86_64-unknown-linux-gnu/release/build/crc32fast-5d1cf97e47d94133/output", O_RDONLY|O_CLOEXEC) = 13
252538 openat(AT_FDCWD, "/home/brianklam/Desktop/liminal/fuzz/target/x86_64-unknown-linux-gnu/release/build/rustix-27ef1ab73081e014/root-output", O_RDONLY|O_CLOEXEC) = 13
252538 openat(AT_FDCWD, "/home/brianklam/Desktop/liminal/fuzz/target/x86_64-unknown-linux-gnu/release/build/rustix-27ef1ab73081e014/output", O_RDONLY|O_CLOEXEC) = 13
252538 openat(AT_FDCWD, "/home/brianklam/Desktop/liminal/fuzz/target/x86_64-unknown-linux-gnu/release/build/serde_json-30b1f722bba1044f/root-output", O_RDONLY|O_CLOEXEC) = 13
252538 openat(AT_FDCWD, "/home/brianklam/Desktop/liminal/fuzz/target/x86_64-unknown-linux-gnu/release/build/serde_json-30b1f722bba1044f/output", O_RDONLY|O_CLOEXEC) = 13
252538 openat(AT_FDCWD, "/home/brianklam/Desktop/liminal/fuzz/target/x86_64-unknown-linux-gnu/release/build/zmij-7338186cbb326ac5/root-output", O_RDONLY|O_CLOEXEC) = 13
252538 openat(AT_FDCWD, "/home/brianklam/Desktop/liminal/fuzz/target/x86_64-unknown-linux-gnu/release/build/zmij-7338186cbb326ac5/output", O_RDONLY|O_CLOEXEC) = 13
252538 openat(AT_FDCWD, "/home/brianklam/Desktop/liminal/fuzz/target/x86_64-unknown-linux-gnu/release/.fingerprint/arbitrary-f970362598c7f5d2/dep-lib-arbitrary", O_RDONLY|O_CLOEXEC) = 13
252538 openat(AT_FDCWD, "/home/brianklam/Desktop/liminal/fuzz/target/release/.fingerprint/find-msvc-tools-c53847beecb19cb8/dep-lib-find_msvc_tools", O_RDONLY|O_CLOEXEC) = 13
252538 openat(AT_FDCWD, "/home/brianklam/Desktop/liminal/fuzz/target/release/.fingerprint/libc-81b5efef485b0b14/dep-build-script-build-script-build", O_RDONLY|O_CLOEXEC) = 13
252538 openat(AT_FDCWD, "/home/brianklam/Desktop/liminal/fuzz/target/release/.fingerprint/libc-0fa1681cd2cb25f5/dep-lib-libc", O_RDONLY|O_CLOEXEC) = 13
252538 openat(AT_FDCWD, "/home/brianklam/Desktop/liminal/fuzz/target/release/.fingerprint/jobserver-aaa84e2110d2f443/dep-lib-jobserver", O_RDONLY|O_CLOEXEC) = 13
252538 openat(AT_FDCWD, "/home/brianklam/Desktop/liminal/fuzz/target/release/.fingerprint/shlex-987dfdf79c516297/dep-lib-shlex", O_RDONLY|O_CLOEXEC) = 13
252538 openat(AT_FDCWD, "/home/brianklam/Desktop/liminal/fuzz/target/release/.fingerprint/cc-127aec147d639782/dep-lib-cc", O_RDONLY|O_CLOEXEC) = 13
252538 openat(AT_FDCWD, "/home/brianklam/Desktop/liminal/fuzz/target/release/.fingerprint/libfuzzer-sys-ab5d96f421c1e092/dep-build-script-build-script-build", O_RDONLY|O_CLOEXEC) = 13
252538 openat(AT_FDCWD, "/home/brianklam/Desktop/liminal/fuzz/target/x86_64-unknown-linux-gnu/release/.fingerprint/libfuzzer-sys-d95a5c5b14bc23b2/dep-lib-libfuzzer_sys", O_RDONLY|O_CLOEXEC) = 13
252538 openat(AT_FDCWD, "/home/brianklam/Desktop/liminal/fuzz/target/x86_64-unknown-linux-gnu/release/.fingerprint/arrayref-8d1181af5ff5ea77/dep-lib-arrayref", O_RDONLY|O_CLOEXEC) = 13
252538 openat(AT_FDCWD, "/home/brianklam/Desktop/liminal/fuzz/target/x86_64-unknown-linux-gnu/release/.fingerprint/arrayvec-38cf671e9b6705c4/dep-lib-arrayvec", O_RDONLY|O_CLOEXEC) = 13
252538 openat(AT_FDCWD, "/home/brianklam/Desktop/liminal/fuzz/target/release/.fingerprint/blake3-ef461f6a7f3a30f4/dep-build-script-build-script-build", O_RDONLY|O_CLOEXEC) = 13
252538 openat(AT_FDCWD, "/home/brianklam/Desktop/liminal/fuzz/target/x86_64-unknown-linux-gnu/release/.fingerprint/cfg-if-12e4cd93fab2f392/dep-lib-cfg_if", O_RDONLY|O_CLOEXEC) = 13
252538 openat(AT_FDCWD, "/home/brianklam/Desktop/liminal/fuzz/target/x86_64-unknown-linux-gnu/release/.fingerprint/constant_time_eq-8eae1845bdc7f988/dep-lib-constant_time_eq", O_RDONLY|O_CLOEXEC) = 13
252538 openat(AT_FDCWD, "/home/brianklam/Desktop/liminal/fuzz/target/x86_64-unknown-linux-gnu/release/.fingerprint/cpufeatures-e2db50777d1d0063/dep-lib-cpufeatures", O_RDONLY|O_CLOEXEC) = 13
252538 openat(AT_FDCWD, "/home/brianklam/Desktop/liminal/fuzz/target/x86_64-unknown-linux-gnu/release/.fingerprint/blake3-50df86a4aa593bda/dep-lib-blake3", O_RDONLY|O_CLOEXEC) = 13
252538 openat(AT_FDCWD, "/home/brianklam/Desktop/liminal/fuzz/target/release/.fingerprint/camino-76a5620314b87f42/dep-build-script-build-script-build", O_RDONLY|O_CLOEXEC) = 13
252538 openat(AT_FDCWD, "/home/brianklam/Desktop/liminal/fuzz/target/release/.fingerprint/serde_core-8155a8b5ee4e9479/dep-build-script-build-script-build", O_RDONLY|O_CLOEXEC) = 13
252538 openat(AT_FDCWD, "/home/brianklam/Desktop/liminal/fuzz/target/x86_64-unknown-linux-gnu/release/.fingerprint/serde_core-02614287f7312694/dep-lib-serde_core", O_RDONLY|O_CLOEXEC) = 13
252538 openat(AT_FDCWD, "/home/brianklam/Desktop/liminal/fuzz/target/x86_64-unknown-linux-gnu/release/.fingerprint/camino-bced1953a237e6f1/dep-lib-camino", O_RDONLY|O_CLOEXEC) = 13
252538 openat(AT_FDCWD, "/home/brianklam/Desktop/liminal/fuzz/target/release/.fingerprint/serde-c076294e6ed74c76/dep-build-script-build-script-build", O_RDONLY|O_CLOEXEC) = 13
252538 openat(AT_FDCWD, "/home/brianklam/Desktop/liminal/fuzz/target/release/.fingerprint/proc-macro2-45f37867a6aeae0e/dep-build-script-build-script-build", O_RDONLY|O_CLOEXEC) = 13
252538 openat(AT_FDCWD, "/home/brianklam/Desktop/liminal/fuzz/target/release/.fingerprint/unicode-ident-2bfedddf900f06e9/dep-lib-unicode_ident", O_RDONLY|O_CLOEXEC) = 13
252538 openat(AT_FDCWD, "/home/brianklam/Desktop/liminal/fuzz/target/release/.fingerprint/proc-macro2-2438493888f214a6/dep-lib-proc_macro2", O_RDONLY|O_CLOEXEC) = 13
252538 openat(AT_FDCWD, "/home/brianklam/Desktop/liminal/fuzz/target/release/.fingerprint/quote-68d7e1fcc82fb0f8/dep-build-script-build-script-build", O_RDONLY|O_CLOEXEC) = 13
252538 openat(AT_FDCWD, "/home/brianklam/Desktop/liminal/fuzz/target/release/.fingerprint/quote-a966556c0e6590eb/dep-lib-quote", O_RDONLY|O_CLOEXEC) = 13
252538 openat(AT_FDCWD, "/home/brianklam/Desktop/liminal/fuzz/target/release/.fingerprint/syn-a70e5f5d1aa8658f/dep-lib-syn", O_RDONLY|O_CLOEXEC) = 13
252538 openat(AT_FDCWD, "/home/brianklam/Desktop/liminal/fuzz/target/release/.fingerprint/serde_derive-257967bcc3d26c4f/dep-lib-serde_derive", O_RDONLY|O_CLOEXEC) = 13
252538 openat(AT_FDCWD, "/home/brianklam/Desktop/liminal/fuzz/target/x86_64-unknown-linux-gnu/release/.fingerprint/serde-0cfc70b86add9d40/dep-lib-serde", O_RDONLY|O_CLOEXEC) = 13
252538 openat(AT_FDCWD, "/home/brianklam/Desktop/liminal/fuzz/target/release/.fingerprint/thiserror-6b63c0fa35fe0ef0/dep-build-script-build-script-build", O_RDONLY|O_CLOEXEC) = 13
252538 openat(AT_FDCWD, "/home/brianklam/Desktop/liminal/fuzz/target/release/.fingerprint/thiserror-impl-e3ecf46c8901d26e/dep-lib-thiserror_impl", O_RDONLY|O_CLOEXEC) = 13
252538 openat(AT_FDCWD, "/home/brianklam/Desktop/liminal/fuzz/target/x86_64-unknown-linux-gnu/release/.fingerprint/thiserror-d657a693e85fff27/dep-lib-thiserror", O_RDONLY|O_CLOEXEC) = 13
252538 openat(AT_FDCWD, "/home/brianklam/Desktop/liminal/fuzz/target/release/.fingerprint/getrandom-b90ac31e803f49cc/dep-build-script-build-script-build", O_RDONLY|O_CLOEXEC) = 13
252538 openat(AT_FDCWD, "/home/brianklam/Desktop/liminal/fuzz/target/release/.fingerprint/libc-66b9c422c4e6f34f/dep-build-script-build-script-build", O_RDONLY|O_CLOEXEC) = 13
252538 openat(AT_FDCWD, "/home/brianklam/Desktop/liminal/fuzz/target/x86_64-unknown-linux-gnu/release/.fingerprint/libc-1703287c9d77a346/dep-lib-libc", O_RDONLY|O_CLOEXEC) = 13
252538 openat(AT_FDCWD, "/home/brianklam/Desktop/liminal/fuzz/target/x86_64-unknown-linux-gnu/release/.fingerprint/getrandom-271a64b1cab18fc5/dep-lib-getrandom", O_RDONLY|O_CLOEXEC) = 13
252538 openat(AT_FDCWD, "/home/brianklam/Desktop/liminal/fuzz/target/x86_64-unknown-linux-gnu/release/.fingerprint/sha1_smol-41bc592819ca1817/dep-lib-sha1_smol", O_RDONLY|O_CLOEXEC) = 13
252538 openat(AT_FDCWD, "/home/brianklam/Desktop/liminal/fuzz/target/x86_64-unknown-linux-gnu/release/.fingerprint/uuid-c8776b36ef7dbcc6/dep-lib-uuid", O_RDONLY|O_CLOEXEC) = 13
252538 openat(AT_FDCWD, "/home/brianklam/Desktop/liminal/fuzz/target/x86_64-unknown-linux-gnu/release/.fingerprint/liminal-id-7a22841852c1880e/dep-lib-liminal_id", O_RDONLY|O_CLOEXEC) = 13
252538 openat(AT_FDCWD, "/home/brianklam/Desktop/liminal/fuzz/target/x86_64-unknown-linux-gnu/release/.fingerprint/liminal-scratch-e58ee2a5cf24cc79/dep-lib-liminal_scratch", O_RDONLY|O_CLOEXEC) = 13
252538 openat(AT_FDCWD, "/home/brianklam/Desktop/liminal/fuzz/target/x86_64-unknown-linux-gnu/release/.fingerprint/smallvec-9d7ce3428e49389b/dep-lib-smallvec", O_RDONLY|O_CLOEXEC) = 13
252538 openat(AT_FDCWD, "/home/brianklam/Desktop/liminal/fuzz/target/x86_64-unknown-linux-gnu/release/.fingerprint/str_indices-af0a960c6b610722/dep-lib-str_indices", O_RDONLY|O_CLOEXEC) = 13
252538 openat(AT_FDCWD, "/home/brianklam/Desktop/liminal/fuzz/target/x86_64-unknown-linux-gnu/release/.fingerprint/ropey-be0f582bfefc1839/dep-lib-ropey", O_RDONLY|O_CLOEXEC) = 13
252538 openat(AT_FDCWD, "/home/brianklam/Desktop/liminal/fuzz/target/x86_64-unknown-linux-gnu/release/.fingerprint/liminal-source-faaff7631156b929/dep-lib-liminal_source", O_RDONLY|O_CLOEXEC) = 13
252538 openat(AT_FDCWD, "/home/brianklam/Desktop/liminal/fuzz/target/x86_64-unknown-linux-gnu/release/.fingerprint/countme-3cfc76c3fc70c901/dep-lib-countme", O_RDONLY|O_CLOEXEC) = 13
252538 openat(AT_FDCWD, "/home/brianklam/Desktop/liminal/fuzz/target/x86_64-unknown-linux-gnu/release/.fingerprint/hashbrown-e427d88c05138368/dep-lib-hashbrown", O_RDONLY|O_CLOEXEC) = 13
252538 openat(AT_FDCWD, "/home/brianklam/Desktop/liminal/fuzz/target/x86_64-unknown-linux-gnu/release/.fingerprint/rustc-hash-c2bb8f6dab96958e/dep-lib-rustc_hash", O_RDONLY|O_CLOEXEC) = 13
252538 openat(AT_FDCWD, "/home/brianklam/Desktop/liminal/fuzz/target/x86_64-unknown-linux-gnu/release/.fingerprint/text-size-b77719b79324ac68/dep-lib-text_size", O_RDONLY|O_CLOEXEC) = 13
252538 openat(AT_FDCWD, "/home/brianklam/Desktop/liminal/fuzz/target/x86_64-unknown-linux-gnu/release/.fingerprint/rowan-a3ded1b031e1296f/dep-lib-rowan", O_RDONLY|O_CLOEXEC) = 13
252538 openat(AT_FDCWD, "/home/brianklam/Desktop/liminal/fuzz/target/x86_64-unknown-linux-gnu/release/.fingerprint/liminal-cst-8bed52b1176eda0a/dep-lib-liminal_cst", O_RDONLY|O_CLOEXEC) = 13
252538 openat(AT_FDCWD, "/home/brianklam/Desktop/liminal/fuzz/target/release/.fingerprint/crc32fast-53f6d1773d39b1b3/dep-build-script-build-script-build", O_RDONLY|O_CLOEXEC) = 13
252538 openat(AT_FDCWD, "/home/brianklam/Desktop/liminal/fuzz/target/x86_64-unknown-linux-gnu/release/.fingerprint/crc32fast-04a0424e796a1186/dep-lib-crc32fast", O_RDONLY|O_CLOEXEC) = 13
252538 openat(AT_FDCWD, "/home/brianklam/Desktop/liminal/fuzz/target/x86_64-unknown-linux-gnu/release/.fingerprint/bitflags-acadf79f08740ab6/dep-lib-bitflags", O_RDONLY|O_CLOEXEC) = 13
252538 openat(AT_FDCWD, "/home/brianklam/Desktop/liminal/fuzz/target/x86_64-unknown-linux-gnu/release/.fingerprint/linux-raw-sys-5ffe83028c4e25c0/dep-lib-linux_raw_sys", O_RDONLY|O_CLOEXEC) = 13
252538 openat(AT_FDCWD, "/home/brianklam/Desktop/liminal/fuzz/target/release/.fingerprint/rustix-4c3d297837f49b33/dep-build-script-build-script-build", O_RDONLY|O_CLOEXEC) = 13
252538 openat(AT_FDCWD, "/home/brianklam/Desktop/liminal/fuzz/target/x86_64-unknown-linux-gnu/release/.fingerprint/rustix-0bdc0c36ca2b0d4a/dep-lib-rustix", O_RDONLY|O_CLOEXEC) = 13
252538 openat(AT_FDCWD, "/home/brianklam/Desktop/liminal/fuzz/target/x86_64-unknown-linux-gnu/release/.fingerprint/fs4-d140ffcc83b62c37/dep-lib-fs4", O_RDONLY|O_CLOEXEC) = 13
252538 openat(AT_FDCWD, "/home/brianklam/Desktop/liminal/fuzz/target/x86_64-unknown-linux-gnu/release/.fingerprint/itoa-8f905889e8075438/dep-lib-itoa", O_RDONLY|O_CLOEXEC) = 13
252538 openat(AT_FDCWD, "/home/brianklam/Desktop/liminal/fuzz/target/x86_64-unknown-linux-gnu/release/.fingerprint/memchr-b6129af2630fac0e/dep-lib-memchr", O_RDONLY|O_CLOEXEC) = 13
252538 openat(AT_FDCWD, "/home/brianklam/Desktop/liminal/fuzz/target/release/.fingerprint/serde_json-4a277a11f5b9d5dd/dep-build-script-build-script-build", O_RDONLY|O_CLOEXEC) = 13
252538 openat(AT_FDCWD, "/home/brianklam/Desktop/liminal/fuzz/target/release/.fingerprint/zmij-c49a95ba9c139ee1/dep-build-script-build-script-build", O_RDONLY|O_CLOEXEC) = 13
252538 openat(AT_FDCWD, "/home/brianklam/Desktop/liminal/fuzz/target/x86_64-unknown-linux-gnu/release/.fingerprint/zmij-bb28a167c7c0c1c2/dep-lib-zmij", O_RDONLY|O_CLOEXEC) = 13
252538 openat(AT_FDCWD, "/home/brianklam/Desktop/liminal/fuzz/target/x86_64-unknown-linux-gnu/release/.fingerprint/serde_json-eddfa32879a95f1b/dep-lib-serde_json", O_RDONLY|O_CLOEXEC) = 13
252538 openat(AT_FDCWD, "/home/brianklam/Desktop/liminal/fuzz/target/x86_64-unknown-linux-gnu/release/.fingerprint/liminal-graph-0e97b1de63c75aeb/dep-lib-liminal_graph", O_RDONLY|O_CLOEXEC) = 13
252538 openat(AT_FDCWD, "/home/brianklam/Desktop/liminal/fuzz/target/x86_64-unknown-linux-gnu/release/.fingerprint/liminal-hir-9dec2c56d31de188/dep-lib-liminal_hir", O_RDONLY|O_CLOEXEC) = 13
252538 openat(AT_FDCWD, "/home/brianklam/Desktop/liminal/fuzz/target/x86_64-unknown-linux-gnu/release/.fingerprint/liminal-revision-7582de39b373d61c/dep-lib-liminal_revision", O_RDONLY|O_CLOEXEC) = 13
252538 openat(AT_FDCWD, "/home/brianklam/Desktop/liminal/fuzz/target/x86_64-unknown-linux-gnu/release/.fingerprint/liminal-cir-22f8dfdc8f6234f0/dep-lib-liminal_cir", O_RDONLY|O_CLOEXEC) = 13
252538 openat(AT_FDCWD, "/home/brianklam/Desktop/liminal/fuzz/target/x86_64-unknown-linux-gnu/release/.fingerprint/liminal-format-cac8dbebc8997da6/dep-lib-liminal_format", O_RDONLY|O_CLOEXEC) = 13
252538 openat(AT_FDCWD, "/home/brianklam/Desktop/liminal/fuzz/target/x86_64-unknown-linux-gnu/release/.fingerprint/liminal-jurisdiction-ea234f2eef6b97e1/dep-lib-liminal_jurisdiction", O_RDONLY|O_CLOEXEC) = 13
252538 openat(AT_FDCWD, "/home/brianklam/Desktop/liminal/fuzz/target/x86_64-unknown-linux-gnu/release/.fingerprint/liminal-query-8c9bf5aebf91381d/dep-lib-liminal_query", O_RDONLY|O_CLOEXEC) = 13
252538 openat(AT_FDCWD, "/home/brianklam/Desktop/liminal/fuzz/target/x86_64-unknown-linux-gnu/release/.fingerprint/liminal-fuzz-5c995888dbf32c6a/dep-bin-ilrp_recovery", O_RDONLY|O_CLOEXEC) = 13
252538 openat(AT_FDCWD, "/home/brianklam/Desktop/liminal/fuzz/target/x86_64-unknown-linux-gnu/release/.fingerprint/liminal-fuzz-5c995888dbf32c6a/bin-ilrp_recovery", O_RDONLY|O_CLOEXEC) = 13
252538 openat(AT_FDCWD, "/home/brianklam/Desktop/liminal/fuzz/target/x86_64-unknown-linux-gnu/release/.fingerprint/libfuzzer-sys-d95a5c5b14bc23b2/lib-libfuzzer_sys", O_RDONLY|O_CLOEXEC) = 13
252538 openat(AT_FDCWD, "/home/brianklam/Desktop/liminal/fuzz/target/x86_64-unknown-linux-gnu/release/.fingerprint/arbitrary-f970362598c7f5d2/lib-arbitrary", O_RDONLY|O_CLOEXEC) = 13
252538 openat(AT_FDCWD, "/home/brianklam/Desktop/liminal/fuzz/target/x86_64-unknown-linux-gnu/release/build/libfuzzer-sys-3e950981d28019a4/root-output", O_RDONLY|O_CLOEXEC) = 13
252538 openat(AT_FDCWD, "/home/brianklam/Desktop/liminal/fuzz/target/x86_64-unknown-linux-gnu/release/build/libfuzzer-sys-3e950981d28019a4/output", O_RDONLY|O_CLOEXEC) = 13
252538 openat(AT_FDCWD, "/home/brianklam/Desktop/liminal/fuzz/target/x86_64-unknown-linux-gnu/release/.fingerprint/libfuzzer-sys-3e950981d28019a4/run-build-script-build-script-build", O_RDONLY|O_CLOEXEC) = 13
252538 openat(AT_FDCWD, "/home/brianklam/Desktop/liminal/fuzz/target/release/.fingerprint/libfuzzer-sys-ab5d96f421c1e092/build-script-build-script-build", O_RDONLY|O_CLOEXEC) = 13
252538 openat(AT_FDCWD, "/home/brianklam/Desktop/liminal/fuzz/target/release/.fingerprint/cc-127aec147d639782/lib-cc", O_RDONLY|O_CLOEXEC) = 13
252538 openat(AT_FDCWD, "/home/brianklam/Desktop/liminal/fuzz/target/release/.fingerprint/find-msvc-tools-c53847beecb19cb8/lib-find_msvc_tools", O_RDONLY|O_CLOEXEC) = 13
252538 openat(AT_FDCWD, "/home/brianklam/Desktop/liminal/fuzz/target/release/.fingerprint/jobserver-aaa84e2110d2f443/lib-jobserver", O_RDONLY|O_CLOEXEC) = 13
252538 openat(AT_FDCWD, "/home/brianklam/Desktop/liminal/fuzz/target/release/.fingerprint/libc-0fa1681cd2cb25f5/lib-libc", O_RDONLY|O_CLOEXEC) = 13
252538 openat(AT_FDCWD, "/home/brianklam/Desktop/liminal/fuzz/target/release/build/libc-d9ab42c0060afff1/root-output", O_RDONLY|O_CLOEXEC) = 13
252538 openat(AT_FDCWD, "/home/brianklam/Desktop/liminal/fuzz/target/release/build/libc-d9ab42c0060afff1/output", O_RDONLY|O_CLOEXEC) = 13
252538 openat(AT_FDCWD, "/home/brianklam/Desktop/liminal/fuzz/target/release/.fingerprint/libc-d9ab42c0060afff1/run-build-script-build-script-build", O_RDONLY|O_CLOEXEC) = 13
252538 openat(AT_FDCWD, "/home/brianklam/Desktop/liminal/fuzz/target/release/.fingerprint/libc-81b5efef485b0b14/build-script-build-script-build", O_RDONLY|O_CLOEXEC) = 13
252538 openat(AT_FDCWD, "/home/brianklam/Desktop/liminal/fuzz/target/release/.fingerprint/shlex-987dfdf79c516297/lib-shlex", O_RDONLY|O_CLOEXEC) = 13
252538 openat(AT_FDCWD, "/home/brianklam/Desktop/liminal/fuzz/target/x86_64-unknown-linux-gnu/release/.fingerprint/liminal-cst-8bed52b1176eda0a/lib-liminal_cst", O_RDONLY|O_CLOEXEC) = 13
252538 openat(AT_FDCWD, "/home/brianklam/Desktop/liminal/fuzz/target/x86_64-unknown-linux-gnu/release/.fingerprint/liminal-id-7a22841852c1880e/lib-liminal_id", O_RDONLY|O_CLOEXEC) = 13
252538 openat(AT_FDCWD, "/home/brianklam/Desktop/liminal/fuzz/target/x86_64-unknown-linux-gnu/release/.fingerprint/blake3-50df86a4aa593bda/lib-blake3", O_RDONLY|O_CLOEXEC) = 13
252538 openat(AT_FDCWD, "/home/brianklam/Desktop/liminal/fuzz/target/x86_64-unknown-linux-gnu/release/.fingerprint/arrayref-8d1181af5ff5ea77/lib-arrayref", O_RDONLY|O_CLOEXEC) = 13
252538 openat(AT_FDCWD, "/home/brianklam/Desktop/liminal/fuzz/target/x86_64-unknown-linux-gnu/release/.fingerprint/arrayvec-38cf671e9b6705c4/lib-arrayvec", O_RDONLY|O_CLOEXEC) = 13
252538 openat(AT_FDCWD, "/home/brianklam/Desktop/liminal/fuzz/target/x86_64-unknown-linux-gnu/release/build/blake3-7de44125c0853c32/root-output", O_RDONLY|O_CLOEXEC) = 13
252538 openat(AT_FDCWD, "/home/brianklam/Desktop/liminal/fuzz/target/x86_64-unknown-linux-gnu/release/build/blake3-7de44125c0853c32/output", O_RDONLY|O_CLOEXEC) = 13
252538 openat(AT_FDCWD, "/home/brianklam/Desktop/liminal/fuzz/target/x86_64-unknown-linux-gnu/release/.fingerprint/blake3-7de44125c0853c32/run-build-script-build-script-build", O_RDONLY|O_CLOEXEC) = 13
252538 openat(AT_FDCWD, "/home/brianklam/Desktop/liminal/fuzz/target/release/.fingerprint/blake3-ef461f6a7f3a30f4/build-script-build-script-build", O_RDONLY|O_CLOEXEC) = 13
252538 openat(AT_FDCWD, "/home/brianklam/Desktop/liminal/fuzz/target/x86_64-unknown-linux-gnu/release/.fingerprint/cfg-if-12e4cd93fab2f392/lib-cfg_if", O_RDONLY|O_CLOEXEC) = 13
252538 openat(AT_FDCWD, "/home/brianklam/Desktop/liminal/fuzz/target/x86_64-unknown-linux-gnu/release/.fingerprint/constant_time_eq-8eae1845bdc7f988/lib-constant_time_eq", O_RDONLY|O_CLOEXEC) = 13
252538 openat(AT_FDCWD, "/home/brianklam/Desktop/liminal/fuzz/target/x86_64-unknown-linux-gnu/release/.fingerprint/cpufeatures-e2db50777d1d0063/lib-cpufeatures", O_RDONLY|O_CLOEXEC) = 13
252538 openat(AT_FDCWD, "/home/brianklam/Desktop/liminal/fuzz/target/x86_64-unknown-linux-gnu/release/.fingerprint/camino-bced1953a237e6f1/lib-camino", O_RDONLY|O_CLOEXEC) = 13
252538 openat(AT_FDCWD, "/home/brianklam/Desktop/liminal/fuzz/target/x86_64-unknown-linux-gnu/release/build/camino-9f638d0ea6e283be/root-output", O_RDONLY|O_CLOEXEC) = 13
252538 openat(AT_FDCWD, "/home/brianklam/Desktop/liminal/fuzz/target/x86_64-unknown-linux-gnu/release/build/camino-9f638d0ea6e283be/output", O_RDONLY|O_CLOEXEC) = 13
252538 openat(AT_FDCWD, "/home/brianklam/Desktop/liminal/fuzz/target/x86_64-unknown-linux-gnu/release/.fingerprint/camino-9f638d0ea6e283be/run-build-script-build-script-build", O_RDONLY|O_CLOEXEC) = 13
252538 openat(AT_FDCWD, "/home/brianklam/Desktop/liminal/fuzz/target/release/.fingerprint/camino-76a5620314b87f42/build-script-build-script-build", O_RDONLY|O_CLOEXEC) = 13
252538 openat(AT_FDCWD, "/home/brianklam/Desktop/liminal/fuzz/target/x86_64-unknown-linux-gnu/release/.fingerprint/serde_core-02614287f7312694/lib-serde_core", O_RDONLY|O_CLOEXEC) = 13
252538 openat(AT_FDCWD, "/home/brianklam/Desktop/liminal/fuzz/target/x86_64-unknown-linux-gnu/release/build/serde_core-a3a5b376eb4c8fdc/root-output", O_RDONLY|O_CLOEXEC) = 13
252538 openat(AT_FDCWD, "/home/brianklam/Desktop/liminal/fuzz/target/x86_64-unknown-linux-gnu/release/build/serde_core-a3a5b376eb4c8fdc/output", O_RDONLY|O_CLOEXEC) = 13
252538 openat(AT_FDCWD, "/home/brianklam/Desktop/liminal/fuzz/target/x86_64-unknown-linux-gnu/release/.fingerprint/serde_core-a3a5b376eb4c8fdc/run-build-script-build-script-build", O_RDONLY|O_CLOEXEC) = 13
252538 openat(AT_FDCWD, "/home/brianklam/Desktop/liminal/fuzz/target/release/.fingerprint/serde_core-8155a8b5ee4e9479/build-script-build-script-build", O_RDONLY|O_CLOEXEC) = 13
252538 openat(AT_FDCWD, "/home/brianklam/Desktop/liminal/fuzz/target/x86_64-unknown-linux-gnu/release/.fingerprint/serde-0cfc70b86add9d40/lib-serde", O_RDONLY|O_CLOEXEC) = 13
252538 openat(AT_FDCWD, "/home/brianklam/Desktop/liminal/fuzz/target/x86_64-unknown-linux-gnu/release/build/serde-78495eb71e80025f/root-output", O_RDONLY|O_CLOEXEC) = 13
252538 openat(AT_FDCWD, "/home/brianklam/Desktop/liminal/fuzz/target/x86_64-unknown-linux-gnu/release/build/serde-78495eb71e80025f/output", O_RDONLY|O_CLOEXEC) = 13
252538 openat(AT_FDCWD, "/home/brianklam/Desktop/liminal/fuzz/target/x86_64-unknown-linux-gnu/release/.fingerprint/serde-78495eb71e80025f/run-build-script-build-script-build", O_RDONLY|O_CLOEXEC) = 13
252538 openat(AT_FDCWD, "/home/brianklam/Desktop/liminal/fuzz/target/release/.fingerprint/serde-c076294e6ed74c76/build-script-build-script-build", O_RDONLY|O_CLOEXEC) = 13
252538 openat(AT_FDCWD, "/home/brianklam/Desktop/liminal/fuzz/target/release/.fingerprint/serde_derive-257967bcc3d26c4f/lib-serde_derive", O_RDONLY|O_CLOEXEC) = 13
252538 openat(AT_FDCWD, "/home/brianklam/Desktop/liminal/fuzz/target/release/.fingerprint/proc-macro2-2438493888f214a6/lib-proc_macro2", O_RDONLY|O_CLOEXEC) = 13
252538 openat(AT_FDCWD, "/home/brianklam/Desktop/liminal/fuzz/target/release/build/proc-macro2-040a326f2ba6af24/root-output", O_RDONLY|O_CLOEXEC) = 13
252538 openat(AT_FDCWD, "/home/brianklam/Desktop/liminal/fuzz/target/release/build/proc-macro2-040a326f2ba6af24/output", O_RDONLY|O_CLOEXEC) = 13
252538 openat(AT_FDCWD, "/home/brianklam/Desktop/liminal/fuzz/target/release/.fingerprint/proc-macro2-040a326f2ba6af24/run-build-script-build-script-build", O_RDONLY|O_CLOEXEC) = 13
252538 openat(AT_FDCWD, "/home/brianklam/Desktop/liminal/fuzz/target/release/.fingerprint/proc-macro2-45f37867a6aeae0e/build-script-build-script-build", O_RDONLY|O_CLOEXEC) = 13
252538 openat(AT_FDCWD, "/home/brianklam/Desktop/liminal/fuzz/target/release/.fingerprint/unicode-ident-2bfedddf900f06e9/lib-unicode_ident", O_RDONLY|O_CLOEXEC) = 13
252538 openat(AT_FDCWD, "/home/brianklam/Desktop/liminal/fuzz/target/release/.fingerprint/quote-a966556c0e6590eb/lib-quote", O_RDONLY|O_CLOEXEC) = 13
252538 openat(AT_FDCWD, "/home/brianklam/Desktop/liminal/fuzz/target/release/build/quote-31b5c9750e6f1052/root-output", O_RDONLY|O_CLOEXEC) = 13
252538 openat(AT_FDCWD, "/home/brianklam/Desktop/liminal/fuzz/target/release/build/quote-31b5c9750e6f1052/output", O_RDONLY|O_CLOEXEC) = 13
252538 openat(AT_FDCWD, "/home/brianklam/Desktop/liminal/fuzz/target/release/.fingerprint/quote-31b5c9750e6f1052/run-build-script-build-script-build", O_RDONLY|O_CLOEXEC) = 13
252538 openat(AT_FDCWD, "/home/brianklam/Desktop/liminal/fuzz/target/release/.fingerprint/quote-68d7e1fcc82fb0f8/build-script-build-script-build", O_RDONLY|O_CLOEXEC) = 13
252538 openat(AT_FDCWD, "/home/brianklam/Desktop/liminal/fuzz/target/release/.fingerprint/syn-a70e5f5d1aa8658f/lib-syn", O_RDONLY|O_CLOEXEC) = 13
252538 openat(AT_FDCWD, "/home/brianklam/Desktop/liminal/fuzz/target/x86_64-unknown-linux-gnu/release/.fingerprint/thiserror-d657a693e85fff27/lib-thiserror", O_RDONLY|O_CLOEXEC) = 13
252538 openat(AT_FDCWD, "/home/brianklam/Desktop/liminal/fuzz/target/x86_64-unknown-linux-gnu/release/build/thiserror-810388d89ac0f182/root-output", O_RDONLY|O_CLOEXEC) = 13
252538 openat(AT_FDCWD, "/home/brianklam/Desktop/liminal/fuzz/target/x86_64-unknown-linux-gnu/release/build/thiserror-810388d89ac0f182/output", O_RDONLY|O_CLOEXEC) = 13
252538 openat(AT_FDCWD, "/home/brianklam/Desktop/liminal/fuzz/target/x86_64-unknown-linux-gnu/release/.fingerprint/thiserror-810388d89ac0f182/run-build-script-build-script-build", O_RDONLY|O_CLOEXEC) = 13
252538 openat(AT_FDCWD, "/home/brianklam/Desktop/liminal/fuzz/target/release/.fingerprint/thiserror-6b63c0fa35fe0ef0/build-script-build-script-build", O_RDONLY|O_CLOEXEC) = 13
252538 openat(AT_FDCWD, "/home/brianklam/Desktop/liminal/fuzz/target/release/.fingerprint/thiserror-impl-e3ecf46c8901d26e/lib-thiserror_impl", O_RDONLY|O_CLOEXEC) = 13
252538 openat(AT_FDCWD, "/home/brianklam/Desktop/liminal/fuzz/target/x86_64-unknown-linux-gnu/release/.fingerprint/uuid-c8776b36ef7dbcc6/lib-uuid", O_RDONLY|O_CLOEXEC) = 13
252538 openat(AT_FDCWD, "/home/brianklam/Desktop/liminal/fuzz/target/x86_64-unknown-linux-gnu/release/.fingerprint/getrandom-271a64b1cab18fc5/lib-getrandom", O_RDONLY|O_CLOEXEC) = 13
252538 openat(AT_FDCWD, "/home/brianklam/Desktop/liminal/fuzz/target/x86_64-unknown-linux-gnu/release/build/getrandom-236b6a03b9ba16fd/root-output", O_RDONLY|O_CLOEXEC) = 13
252538 openat(AT_FDCWD, "/home/brianklam/Desktop/liminal/fuzz/target/x86_64-unknown-linux-gnu/release/build/getrandom-236b6a03b9ba16fd/output", O_RDONLY|O_CLOEXEC) = 13
252538 openat(AT_FDCWD, "/home/brianklam/Desktop/liminal/fuzz/target/x86_64-unknown-linux-gnu/release/.fingerprint/getrandom-236b6a03b9ba16fd/run-build-script-build-script-build", O_RDONLY|O_CLOEXEC) = 13
252538 openat(AT_FDCWD, "/home/brianklam/Desktop/liminal/fuzz/target/release/.fingerprint/getrandom-b90ac31e803f49cc/build-script-build-script-build", O_RDONLY|O_CLOEXEC) = 13
252538 openat(AT_FDCWD, "/home/brianklam/Desktop/liminal/fuzz/target/x86_64-unknown-linux-gnu/release/.fingerprint/libc-1703287c9d77a346/lib-libc", O_RDONLY|O_CLOEXEC) = 13
252538 openat(AT_FDCWD, "/home/brianklam/Desktop/liminal/fuzz/target/x86_64-unknown-linux-gnu/release/build/libc-7787f8f1dbf57be3/root-output", O_RDONLY|O_CLOEXEC) = 13
252538 openat(AT_FDCWD, "/home/brianklam/Desktop/liminal/fuzz/target/x86_64-unknown-linux-gnu/release/build/libc-7787f8f1dbf57be3/output", O_RDONLY|O_CLOEXEC) = 13
252538 openat(AT_FDCWD, "/home/brianklam/Desktop/liminal/fuzz/target/x86_64-unknown-linux-gnu/release/.fingerprint/libc-7787f8f1dbf57be3/run-build-script-build-script-build", O_RDONLY|O_CLOEXEC) = 13
252538 openat(AT_FDCWD, "/home/brianklam/Desktop/liminal/fuzz/target/release/.fingerprint/libc-66b9c422c4e6f34f/build-script-build-script-build", O_RDONLY|O_CLOEXEC) = 13
252538 openat(AT_FDCWD, "/home/brianklam/Desktop/liminal/fuzz/target/x86_64-unknown-linux-gnu/release/.fingerprint/sha1_smol-41bc592819ca1817/lib-sha1_smol", O_RDONLY|O_CLOEXEC) = 13
252538 openat(AT_FDCWD, "/home/brianklam/Desktop/liminal/fuzz/target/x86_64-unknown-linux-gnu/release/.fingerprint/liminal-source-faaff7631156b929/lib-liminal_source", O_RDONLY|O_CLOEXEC) = 13
252538 openat(AT_FDCWD, "/home/brianklam/Desktop/liminal/fuzz/target/x86_64-unknown-linux-gnu/release/.fingerprint/liminal-scratch-e58ee2a5cf24cc79/lib-liminal_scratch", O_RDONLY|O_CLOEXEC) = 13
252538 openat(AT_FDCWD, "/home/brianklam/Desktop/liminal/fuzz/target/x86_64-unknown-linux-gnu/release/.fingerprint/ropey-be0f582bfefc1839/lib-ropey", O_RDONLY|O_CLOEXEC) = 13
252538 openat(AT_FDCWD, "/home/brianklam/Desktop/liminal/fuzz/target/x86_64-unknown-linux-gnu/release/.fingerprint/smallvec-9d7ce3428e49389b/lib-smallvec", O_RDONLY|O_CLOEXEC) = 13
252538 openat(AT_FDCWD, "/home/brianklam/Desktop/liminal/fuzz/target/x86_64-unknown-linux-gnu/release/.fingerprint/str_indices-af0a960c6b610722/lib-str_indices", O_RDONLY|O_CLOEXEC) = 13
252538 openat(AT_FDCWD, "/home/brianklam/Desktop/liminal/fuzz/target/x86_64-unknown-linux-gnu/release/.fingerprint/rowan-a3ded1b031e1296f/lib-rowan", O_RDONLY|O_CLOEXEC) = 13
252538 openat(AT_FDCWD, "/home/brianklam/Desktop/liminal/fuzz/target/x86_64-unknown-linux-gnu/release/.fingerprint/countme-3cfc76c3fc70c901/lib-countme", O_RDONLY|O_CLOEXEC) = 13
252538 openat(AT_FDCWD, "/home/brianklam/Desktop/liminal/fuzz/target/x86_64-unknown-linux-gnu/release/.fingerprint/hashbrown-e427d88c05138368/lib-hashbrown", O_RDONLY|O_CLOEXEC) = 13
252538 openat(AT_FDCWD, "/home/brianklam/Desktop/liminal/fuzz/target/x86_64-unknown-linux-gnu/release/.fingerprint/rustc-hash-c2bb8f6dab96958e/lib-rustc_hash", O_RDONLY|O_CLOEXEC) = 13
252538 openat(AT_FDCWD, "/home/brianklam/Desktop/liminal/fuzz/target/x86_64-unknown-linux-gnu/release/.fingerprint/text-size-b77719b79324ac68/lib-text_size", O_RDONLY|O_CLOEXEC) = 13
252538 openat(AT_FDCWD, "/home/brianklam/Desktop/liminal/fuzz/target/x86_64-unknown-linux-gnu/release/.fingerprint/liminal-format-cac8dbebc8997da6/lib-liminal_format", O_RDONLY|O_CLOEXEC) = 13
252538 openat(AT_FDCWD, "/home/brianklam/Desktop/liminal/fuzz/target/x86_64-unknown-linux-gnu/release/.fingerprint/liminal-cir-22f8dfdc8f6234f0/lib-liminal_cir", O_RDONLY|O_CLOEXEC) = 13
252538 openat(AT_FDCWD, "/home/brianklam/Desktop/liminal/fuzz/target/x86_64-unknown-linux-gnu/release/.fingerprint/liminal-graph-0e97b1de63c75aeb/lib-liminal_graph", O_RDONLY|O_CLOEXEC) = 13
252538 openat(AT_FDCWD, "/home/brianklam/Desktop/liminal/fuzz/target/x86_64-unknown-linux-gnu/release/.fingerprint/crc32fast-04a0424e796a1186/lib-crc32fast", O_RDONLY|O_CLOEXEC) = 13
252538 openat(AT_FDCWD, "/home/brianklam/Desktop/liminal/fuzz/target/x86_64-unknown-linux-gnu/release/build/crc32fast-5d1cf97e47d94133/root-output", O_RDONLY|O_CLOEXEC) = 13
252538 openat(AT_FDCWD, "/home/brianklam/Desktop/liminal/fuzz/target/x86_64-unknown-linux-gnu/release/build/crc32fast-5d1cf97e47d94133/output", O_RDONLY|O_CLOEXEC) = 13
252538 openat(AT_FDCWD, "/home/brianklam/Desktop/liminal/fuzz/target/x86_64-unknown-linux-gnu/release/.fingerprint/crc32fast-5d1cf97e47d94133/run-build-script-build-script-build", O_RDONLY|O_CLOEXEC) = 13
252538 openat(AT_FDCWD, "/home/brianklam/Desktop/liminal/fuzz/target/release/.fingerprint/crc32fast-53f6d1773d39b1b3/build-script-build-script-build", O_RDONLY|O_CLOEXEC) = 13
252538 openat(AT_FDCWD, "/home/brianklam/Desktop/liminal/fuzz/target/x86_64-unknown-linux-gnu/release/.fingerprint/fs4-d140ffcc83b62c37/lib-fs4", O_RDONLY|O_CLOEXEC) = 13
252538 openat(AT_FDCWD, "/home/brianklam/Desktop/liminal/fuzz/target/x86_64-unknown-linux-gnu/release/.fingerprint/rustix-0bdc0c36ca2b0d4a/lib-rustix", O_RDONLY|O_CLOEXEC) = 13
252538 openat(AT_FDCWD, "/home/brianklam/Desktop/liminal/fuzz/target/x86_64-unknown-linux-gnu/release/.fingerprint/bitflags-acadf79f08740ab6/lib-bitflags", O_RDONLY|O_CLOEXEC) = 13
252538 openat(AT_FDCWD, "/home/brianklam/Desktop/liminal/fuzz/target/x86_64-unknown-linux-gnu/release/.fingerprint/linux-raw-sys-5ffe83028c4e25c0/lib-linux_raw_sys", O_RDONLY|O_CLOEXEC) = 13
252538 openat(AT_FDCWD, "/home/brianklam/Desktop/liminal/fuzz/target/x86_64-unknown-linux-gnu/release/build/rustix-27ef1ab73081e014/root-output", O_RDONLY|O_CLOEXEC) = 13
252538 openat(AT_FDCWD, "/home/brianklam/Desktop/liminal/fuzz/target/x86_64-unknown-linux-gnu/release/build/rustix-27ef1ab73081e014/output", O_RDONLY|O_CLOEXEC) = 13
252538 openat(AT_FDCWD, "/home/brianklam/Desktop/liminal/fuzz/target/x86_64-unknown-linux-gnu/release/.fingerprint/rustix-27ef1ab73081e014/run-build-script-build-script-build", O_RDONLY|O_CLOEXEC) = 13
252538 openat(AT_FDCWD, "/home/brianklam/Desktop/liminal/fuzz/target/release/.fingerprint/rustix-4c3d297837f49b33/build-script-build-script-build", O_RDONLY|O_CLOEXEC) = 13
252538 openat(AT_FDCWD, "/home/brianklam/Desktop/liminal/fuzz/target/x86_64-unknown-linux-gnu/release/.fingerprint/serde_json-eddfa32879a95f1b/lib-serde_json", O_RDONLY|O_CLOEXEC) = 13
252538 openat(AT_FDCWD, "/home/brianklam/Desktop/liminal/fuzz/target/x86_64-unknown-linux-gnu/release/.fingerprint/itoa-8f905889e8075438/lib-itoa", O_RDONLY|O_CLOEXEC) = 13
252538 openat(AT_FDCWD, "/home/brianklam/Desktop/liminal/fuzz/target/x86_64-unknown-linux-gnu/release/.fingerprint/memchr-b6129af2630fac0e/lib-memchr", O_RDONLY|O_CLOEXEC) = 13
252538 openat(AT_FDCWD, "/home/brianklam/Desktop/liminal/fuzz/target/x86_64-unknown-linux-gnu/release/build/serde_json-30b1f722bba1044f/root-output", O_RDONLY|O_CLOEXEC) = 13
252538 openat(AT_FDCWD, "/home/brianklam/Desktop/liminal/fuzz/target/x86_64-unknown-linux-gnu/release/build/serde_json-30b1f722bba1044f/output", O_RDONLY|O_CLOEXEC) = 13
252538 openat(AT_FDCWD, "/home/brianklam/Desktop/liminal/fuzz/target/x86_64-unknown-linux-gnu/release/.fingerprint/serde_json-30b1f722bba1044f/run-build-script-build-script-build", O_RDONLY|O_CLOEXEC) = 13
252538 openat(AT_FDCWD, "/home/brianklam/Desktop/liminal/fuzz/target/release/.fingerprint/serde_json-4a277a11f5b9d5dd/build-script-build-script-build", O_RDONLY|O_CLOEXEC) = 13
252538 openat(AT_FDCWD, "/home/brianklam/Desktop/liminal/fuzz/target/x86_64-unknown-linux-gnu/release/.fingerprint/zmij-bb28a167c7c0c1c2/lib-zmij", O_RDONLY|O_CLOEXEC) = 13
252538 openat(AT_FDCWD, "/home/brianklam/Desktop/liminal/fuzz/target/x86_64-unknown-linux-gnu/release/build/zmij-7338186cbb326ac5/root-output", O_RDONLY|O_CLOEXEC) = 13
252538 openat(AT_FDCWD, "/home/brianklam/Desktop/liminal/fuzz/target/x86_64-unknown-linux-gnu/release/build/zmij-7338186cbb326ac5/output", O_RDONLY|O_CLOEXEC) = 13
252538 openat(AT_FDCWD, "/home/brianklam/Desktop/liminal/fuzz/target/x86_64-unknown-linux-gnu/release/.fingerprint/zmij-7338186cbb326ac5/run-build-script-build-script-build", O_RDONLY|O_CLOEXEC) = 13
252538 openat(AT_FDCWD, "/home/brianklam/Desktop/liminal/fuzz/target/release/.fingerprint/zmij-c49a95ba9c139ee1/build-script-build-script-build", O_RDONLY|O_CLOEXEC) = 13
252538 openat(AT_FDCWD, "/home/brianklam/Desktop/liminal/fuzz/target/x86_64-unknown-linux-gnu/release/.fingerprint/liminal-hir-9dec2c56d31de188/lib-liminal_hir", O_RDONLY|O_CLOEXEC) = 13
252538 openat(AT_FDCWD, "/home/brianklam/Desktop/liminal/fuzz/target/x86_64-unknown-linux-gnu/release/.fingerprint/liminal-revision-7582de39b373d61c/lib-liminal_revision", O_RDONLY|O_CLOEXEC) = 13
252538 openat(AT_FDCWD, "/home/brianklam/Desktop/liminal/fuzz/target/x86_64-unknown-linux-gnu/release/.fingerprint/liminal-jurisdiction-ea234f2eef6b97e1/lib-liminal_jurisdiction", O_RDONLY|O_CLOEXEC) = 13
252538 openat(AT_FDCWD, "/home/brianklam/Desktop/liminal/fuzz/target/x86_64-unknown-linux-gnu/release/.fingerprint/liminal-query-8c9bf5aebf91381d/lib-liminal_query", O_RDONLY|O_CLOEXEC) = 13
252538 openat(AT_FDCWD, "/home/brianklam/Desktop/liminal/fuzz/target/release/build/libc-81b5efef485b0b14/build_script_build-81b5efef485b0b14", O_RDONLY|O_CLOEXEC) = 13
252538 openat(AT_FDCWD, "/home/brianklam/Desktop/liminal/fuzz/target/release/build/libc-81b5efef485b0b14/build-script-build", O_RDONLY|O_CLOEXEC) = 14
252538 openat(AT_FDCWD, "/home/brianklam/Desktop/liminal/fuzz/target/release/build/proc-macro2-45f37867a6aeae0e/build_script_build-45f37867a6aeae0e", O_RDONLY|O_CLOEXEC) = 13
252538 openat(AT_FDCWD, "/home/brianklam/Desktop/liminal/fuzz/target/release/build/proc-macro2-45f37867a6aeae0e/build-script-build", O_RDONLY|O_CLOEXEC) = 14
252538 openat(AT_FDCWD, "/home/brianklam/Desktop/liminal/fuzz/target/release/build/quote-68d7e1fcc82fb0f8/build_script_build-68d7e1fcc82fb0f8", O_RDONLY|O_CLOEXEC) = 13
252538 openat(AT_FDCWD, "/home/brianklam/Desktop/liminal/fuzz/target/release/build/quote-68d7e1fcc82fb0f8/build-script-build", O_RDONLY|O_CLOEXEC) = 14
252538 openat(AT_FDCWD, "/home/brianklam/Desktop/liminal/fuzz/target/release/build/serde_core-8155a8b5ee4e9479/build_script_build-8155a8b5ee4e9479", O_RDONLY|O_CLOEXEC) = 13
252538 openat(AT_FDCWD, "/home/brianklam/Desktop/liminal/fuzz/target/release/build/serde_core-8155a8b5ee4e9479/build-script-build", O_RDONLY|O_CLOEXEC) = 14
252538 openat(AT_FDCWD, "/home/brianklam/Desktop/liminal/fuzz/target/release/build/libc-66b9c422c4e6f34f/build_script_build-66b9c422c4e6f34f", O_RDONLY|O_CLOEXEC) = 13
252538 openat(AT_FDCWD, "/home/brianklam/Desktop/liminal/fuzz/target/release/build/libc-66b9c422c4e6f34f/build-script-build", O_RDONLY|O_CLOEXEC) = 14
252538 openat(AT_FDCWD, "/home/brianklam/Desktop/liminal/fuzz/target/release/build/camino-76a5620314b87f42/build_script_build-76a5620314b87f42", O_RDONLY|O_CLOEXEC) = 13
252538 openat(AT_FDCWD, "/home/brianklam/Desktop/liminal/fuzz/target/release/build/camino-76a5620314b87f42/build-script-build", O_RDONLY|O_CLOEXEC) = 14
252538 openat(AT_FDCWD, "/home/brianklam/Desktop/liminal/fuzz/target/release/build/getrandom-b90ac31e803f49cc/build_script_build-b90ac31e803f49cc", O_RDONLY|O_CLOEXEC) = 13
252538 openat(AT_FDCWD, "/home/brianklam/Desktop/liminal/fuzz/target/release/build/getrandom-b90ac31e803f49cc/build-script-build", O_RDONLY|O_CLOEXEC) = 14
252538 openat(AT_FDCWD, "/home/brianklam/Desktop/liminal/fuzz/target/release/build/thiserror-6b63c0fa35fe0ef0/build_script_build-6b63c0fa35fe0ef0", O_RDONLY|O_CLOEXEC) = 13
252538 openat(AT_FDCWD, "/home/brianklam/Desktop/liminal/fuzz/target/release/build/thiserror-6b63c0fa35fe0ef0/build-script-build", O_RDONLY|O_CLOEXEC) = 14
252538 openat(AT_FDCWD, "/home/brianklam/Desktop/liminal/fuzz/target/release/build/serde-c076294e6ed74c76/build_script_build-c076294e6ed74c76", O_RDONLY|O_CLOEXEC) = 13
252538 openat(AT_FDCWD, "/home/brianklam/Desktop/liminal/fuzz/target/release/build/serde-c076294e6ed74c76/build-script-build", O_RDONLY|O_CLOEXEC) = 14
252538 openat(AT_FDCWD, "/home/brianklam/Desktop/liminal/fuzz/target/release/build/zmij-c49a95ba9c139ee1/build_script_build-c49a95ba9c139ee1", O_RDONLY|O_CLOEXEC) = 13
252538 openat(AT_FDCWD, "/home/brianklam/Desktop/liminal/fuzz/target/release/build/zmij-c49a95ba9c139ee1/build-script-build", O_RDONLY|O_CLOEXEC) = 14
252538 openat(AT_FDCWD, "/home/brianklam/Desktop/liminal/fuzz/target/release/build/rustix-4c3d297837f49b33/build_script_build-4c3d297837f49b33", O_RDONLY|O_CLOEXEC) = 13
252538 openat(AT_FDCWD, "/home/brianklam/Desktop/liminal/fuzz/target/release/build/rustix-4c3d297837f49b33/build-script-build", O_RDONLY|O_CLOEXEC) = 14
252538 openat(AT_FDCWD, "/home/brianklam/Desktop/liminal/fuzz/target/release/build/serde_json-4a277a11f5b9d5dd/build_script_build-4a277a11f5b9d5dd", O_RDONLY|O_CLOEXEC) = 13
252538 openat(AT_FDCWD, "/home/brianklam/Desktop/liminal/fuzz/target/release/build/serde_json-4a277a11f5b9d5dd/build-script-build", O_RDONLY|O_CLOEXEC) = 14
252538 openat(AT_FDCWD, "/home/brianklam/Desktop/liminal/fuzz/target/release/build/crc32fast-53f6d1773d39b1b3/build_script_build-53f6d1773d39b1b3", O_RDONLY|O_CLOEXEC) = 13
252538 openat(AT_FDCWD, "/home/brianklam/Desktop/liminal/fuzz/target/release/build/crc32fast-53f6d1773d39b1b3/build-script-build", O_RDONLY|O_CLOEXEC) = 14
252538 openat(AT_FDCWD, "/home/brianklam/Desktop/liminal/fuzz/target/release/build/blake3-ef461f6a7f3a30f4/build_script_build-ef461f6a7f3a30f4", O_RDONLY|O_CLOEXEC) = 13
252538 openat(AT_FDCWD, "/home/brianklam/Desktop/liminal/fuzz/target/release/build/blake3-ef461f6a7f3a30f4/build-script-build", O_RDONLY|O_CLOEXEC) = 14
252538 openat(AT_FDCWD, "/home/brianklam/Desktop/liminal/fuzz/target/release/build/libfuzzer-sys-ab5d96f421c1e092/build_script_build-ab5d96f421c1e092", O_RDONLY|O_CLOEXEC) = 13
252538 openat(AT_FDCWD, "/home/brianklam/Desktop/liminal/fuzz/target/release/build/libfuzzer-sys-ab5d96f421c1e092/build-script-build", O_RDONLY|O_CLOEXEC) = 14
252538 openat(AT_FDCWD, "/home/brianklam/Desktop/liminal/fuzz/target/x86_64-unknown-linux-gnu/release/deps/ilrp_recovery-5c995888dbf32c6a", O_RDONLY|O_CLOEXEC) = 13
252538 openat(AT_FDCWD, "/home/brianklam/Desktop/liminal/fuzz/target/x86_64-unknown-linux-gnu/release/ilrp_recovery", O_RDONLY|O_CLOEXEC) = 14
252689 +++ exited with 0 +++
252538 openat(AT_FDCWD, "/home/brianklam/Desktop/liminal/fuzz/target/x86_64-unknown-linux-gnu/release/.fingerprint/liminal-fuzz-5c995888dbf32c6a/dep-bin-ilrp_recovery", O_RDONLY|O_CLOEXEC) = 13
252538 openat(AT_FDCWD, "/home/brianklam/Desktop/liminal/fuzz/target/x86_64-unknown-linux-gnu/release/.fingerprint/liminal-cst-8bed52b1176eda0a/dep-lib-liminal_cst", O_RDONLY|O_CLOEXEC) = 13
252538 openat(AT_FDCWD, "/home/brianklam/Desktop/liminal/fuzz/target/x86_64-unknown-linux-gnu/release/.fingerprint/liminal-id-7a22841852c1880e/dep-lib-liminal_id", O_RDONLY|O_CLOEXEC) = 13
252538 openat(AT_FDCWD, "/home/brianklam/Desktop/liminal/fuzz/target/x86_64-unknown-linux-gnu/release/.fingerprint/liminal-source-faaff7631156b929/dep-lib-liminal_source", O_RDONLY|O_CLOEXEC) = 13
252538 openat(AT_FDCWD, "/home/brianklam/Desktop/liminal/fuzz/target/x86_64-unknown-linux-gnu/release/.fingerprint/liminal-scratch-e58ee2a5cf24cc79/dep-lib-liminal_scratch", O_RDONLY|O_CLOEXEC) = 13
252538 openat(AT_FDCWD, "/home/brianklam/Desktop/liminal/fuzz/target/x86_64-unknown-linux-gnu/release/.fingerprint/liminal-format-cac8dbebc8997da6/dep-lib-liminal_format", O_RDONLY|O_CLOEXEC) = 13
252538 openat(AT_FDCWD, "/home/brianklam/Desktop/liminal/fuzz/target/x86_64-unknown-linux-gnu/release/.fingerprint/liminal-cir-22f8dfdc8f6234f0/dep-lib-liminal_cir", O_RDONLY|O_CLOEXEC) = 13
252538 openat(AT_FDCWD, "/home/brianklam/Desktop/liminal/fuzz/target/x86_64-unknown-linux-gnu/release/.fingerprint/liminal-graph-0e97b1de63c75aeb/dep-lib-liminal_graph", O_RDONLY|O_CLOEXEC) = 13
252538 openat(AT_FDCWD, "/home/brianklam/Desktop/liminal/fuzz/target/x86_64-unknown-linux-gnu/release/.fingerprint/liminal-hir-9dec2c56d31de188/dep-lib-liminal_hir", O_RDONLY|O_CLOEXEC) = 13
252538 openat(AT_FDCWD, "/home/brianklam/Desktop/liminal/fuzz/target/x86_64-unknown-linux-gnu/release/.fingerprint/liminal-revision-7582de39b373d61c/dep-lib-liminal_revision", O_RDONLY|O_CLOEXEC) = 13
252538 openat(AT_FDCWD, "/home/brianklam/Desktop/liminal/fuzz/target/x86_64-unknown-linux-gnu/release/.fingerprint/liminal-jurisdiction-ea234f2eef6b97e1/dep-lib-liminal_jurisdiction", O_RDONLY|O_CLOEXEC) = 13
252538 openat(AT_FDCWD, "/home/brianklam/Desktop/liminal/fuzz/target/x86_64-unknown-linux-gnu/release/.fingerprint/liminal-query-8c9bf5aebf91381d/dep-lib-liminal_query", O_RDONLY|O_CLOEXEC) = 13
252538 openat(AT_FDCWD, "/home/brianklam/Desktop/liminal/fuzz/target/x86_64-unknown-linux-gnu/release/ilrp_recovery.d", O_RDONLY|O_CLOEXEC) = 13
252538 openat(AT_FDCWD, "/home/brianklam/Desktop/liminal/fuzz/target/x86_64-unknown-linux-gnu/release/ilrp_recovery.d", O_WRONLY|O_CREAT|O_TRUNC|O_CLOEXEC, 0666) = 13
252625 +++ exited with 0 +++
252538 openat(AT_FDCWD, "/etc/ld.so.cache", O_RDONLY|O_CLOEXEC) = 3
252538 openat(AT_FDCWD, "/home/brianklam/Desktop/liminal/fuzz/target/x86_64-unknown-linux-gnu/release/build/blake3-7de44125c0853c32/out/glibc-hwcaps/x86-64-v3/libc.so.6", O_RDONLY|O_CLOEXEC) = -1 ENOENT (No such file or directory)
252538 openat(AT_FDCWD, "/home/brianklam/Desktop/liminal/fuzz/target/x86_64-unknown-linux-gnu/release/build/blake3-7de44125c0853c32/out/glibc-hwcaps/x86-64-v2/libc.so.6", O_RDONLY|O_CLOEXEC) = -1 ENOENT (No such file or directory)
252538 openat(AT_FDCWD, "/home/brianklam/Desktop/liminal/fuzz/target/x86_64-unknown-linux-gnu/release/build/blake3-7de44125c0853c32/out/libc.so.6", O_RDONLY|O_CLOEXEC) = -1 ENOENT (No such file or directory)
252538 openat(AT_FDCWD, "/home/brianklam/Desktop/liminal/fuzz/target/x86_64-unknown-linux-gnu/release/build/libfuzzer-sys-3e950981d28019a4/out/glibc-hwcaps/x86-64-v3/libc.so.6", O_RDONLY|O_CLOEXEC) = -1 ENOENT (No such file or directory)
252538 openat(AT_FDCWD, "/home/brianklam/Desktop/liminal/fuzz/target/x86_64-unknown-linux-gnu/release/build/libfuzzer-sys-3e950981d28019a4/out/glibc-hwcaps/x86-64-v2/libc.so.6", O_RDONLY|O_CLOEXEC) = -1 ENOENT (No such file or directory)
252538 openat(AT_FDCWD, "/home/brianklam/Desktop/liminal/fuzz/target/x86_64-unknown-linux-gnu/release/build/libfuzzer-sys-3e950981d28019a4/out/libc.so.6", O_RDONLY|O_CLOEXEC) = -1 ENOENT (No such file or directory)
252538 openat(AT_FDCWD, "/home/brianklam/Desktop/liminal/fuzz/target/x86_64-unknown-linux-gnu/release/glibc-hwcaps/x86-64-v3/libc.so.6", O_RDONLY|O_CLOEXEC) = -1 ENOENT (No such file or directory)
252538 openat(AT_FDCWD, "/home/brianklam/Desktop/liminal/fuzz/target/x86_64-unknown-linux-gnu/release/glibc-hwcaps/x86-64-v2/libc.so.6", O_RDONLY|O_CLOEXEC) = -1 ENOENT (No such file or directory)
252538 openat(AT_FDCWD, "/home/brianklam/Desktop/liminal/fuzz/target/x86_64-unknown-linux-gnu/release/libc.so.6", O_RDONLY|O_CLOEXEC) = -1 ENOENT (No such file or directory)
252538 openat(AT_FDCWD, "/home/brianklam/Desktop/liminal/fuzz/target/x86_64-unknown-linux-gnu/release/deps/glibc-hwcaps/x86-64-v3/libc.so.6", O_RDONLY|O_CLOEXEC) = -1 ENOENT (No such file or directory)
252538 openat(AT_FDCWD, "/home/brianklam/Desktop/liminal/fuzz/target/x86_64-unknown-linux-gnu/release/deps/glibc-hwcaps/x86-64-v2/libc.so.6", O_RDONLY|O_CLOEXEC) = -1 ENOENT (No such file or directory)
252538 openat(AT_FDCWD, "/home/brianklam/Desktop/liminal/fuzz/target/x86_64-unknown-linux-gnu/release/deps/libc.so.6", O_RDONLY|O_CLOEXEC) = -1 ENOENT (No such file or directory)
252538 openat(AT_FDCWD, "/home/brianklam/.rustup/toolchains/nightly-x86_64-unknown-linux-gnu/lib/rustlib/x86_64-unknown-linux-gnu/lib/glibc-hwcaps/x86-64-v3/libc.so.6", O_RDONLY|O_CLOEXEC) = -1 ENOENT (No such file or directory)
252538 openat(AT_FDCWD, "/home/brianklam/.rustup/toolchains/nightly-x86_64-unknown-linux-gnu/lib/rustlib/x86_64-unknown-linux-gnu/lib/glibc-hwcaps/x86-64-v2/libc.so.6", O_RDONLY|O_CLOEXEC) = -1 ENOENT (No such file or directory)
252538 openat(AT_FDCWD, "/home/brianklam/.rustup/toolchains/nightly-x86_64-unknown-linux-gnu/lib/rustlib/x86_64-unknown-linux-gnu/lib/libc.so.6", O_RDONLY|O_CLOEXEC) = -1 ENOENT (No such file or directory)
252538 openat(AT_FDCWD, "/home/brianklam/.rustup/toolchains/nightly-x86_64-unknown-linux-gnu/lib/glibc-hwcaps/x86-64-v3/libc.so.6", O_RDONLY|O_CLOEXEC) = -1 ENOENT (No such file or directory)
252538 openat(AT_FDCWD, "/home/brianklam/.rustup/toolchains/nightly-x86_64-unknown-linux-gnu/lib/glibc-hwcaps/x86-64-v2/libc.so.6", O_RDONLY|O_CLOEXEC) = -1 ENOENT (No such file or directory)
252538 openat(AT_FDCWD, "/home/brianklam/.rustup/toolchains/nightly-x86_64-unknown-linux-gnu/lib/libc.so.6", O_RDONLY|O_CLOEXEC) = -1 ENOENT (No such file or directory)
252538 openat(AT_FDCWD, "/usr/lib/libc.so.6", O_RDONLY|O_CLOEXEC) = 3
252538 openat(AT_FDCWD, "/home/brianklam/Desktop/liminal/fuzz/target/x86_64-unknown-linux-gnu/release/build/blake3-7de44125c0853c32/out/libm.so.6", O_RDONLY|O_CLOEXEC) = -1 ENOENT (No such file or directory)
252538 openat(AT_FDCWD, "/home/brianklam/Desktop/liminal/fuzz/target/x86_64-unknown-linux-gnu/release/build/libfuzzer-sys-3e950981d28019a4/out/libm.so.6", O_RDONLY|O_CLOEXEC) = -1 ENOENT (No such file or directory)
252538 openat(AT_FDCWD, "/home/brianklam/Desktop/liminal/fuzz/target/x86_64-unknown-linux-gnu/release/libm.so.6", O_RDONLY|O_CLOEXEC) = -1 ENOENT (No such file or directory)
252538 openat(AT_FDCWD, "/home/brianklam/Desktop/liminal/fuzz/target/x86_64-unknown-linux-gnu/release/deps/libm.so.6", O_RDONLY|O_CLOEXEC) = -1 ENOENT (No such file or directory)
252538 openat(AT_FDCWD, "/home/brianklam/.rustup/toolchains/nightly-x86_64-unknown-linux-gnu/lib/rustlib/x86_64-unknown-linux-gnu/lib/libm.so.6", O_RDONLY|O_CLOEXEC) = -1 ENOENT (No such file or directory)
252538 openat(AT_FDCWD, "/home/brianklam/.rustup/toolchains/nightly-x86_64-unknown-linux-gnu/lib/libm.so.6", O_RDONLY|O_CLOEXEC) = -1 ENOENT (No such file or directory)
252538 openat(AT_FDCWD, "/usr/lib/libm.so.6", O_RDONLY|O_CLOEXEC) = 3
252538 openat(AT_FDCWD, "/home/brianklam/Desktop/liminal/fuzz/target/x86_64-unknown-linux-gnu/release/build/blake3-7de44125c0853c32/out/libstdc++.so.6", O_RDONLY|O_CLOEXEC) = -1 ENOENT (No such file or directory)
252538 openat(AT_FDCWD, "/home/brianklam/Desktop/liminal/fuzz/target/x86_64-unknown-linux-gnu/release/build/libfuzzer-sys-3e950981d28019a4/out/libstdc++.so.6", O_RDONLY|O_CLOEXEC) = -1 ENOENT (No such file or directory)
252538 openat(AT_FDCWD, "/home/brianklam/Desktop/liminal/fuzz/target/x86_64-unknown-linux-gnu/release/libstdc++.so.6", O_RDONLY|O_CLOEXEC) = -1 ENOENT (No such file or directory)
252538 openat(AT_FDCWD, "/home/brianklam/Desktop/liminal/fuzz/target/x86_64-unknown-linux-gnu/release/deps/libstdc++.so.6", O_RDONLY|O_CLOEXEC) = -1 ENOENT (No such file or directory)
252538 openat(AT_FDCWD, "/home/brianklam/.rustup/toolchains/nightly-x86_64-unknown-linux-gnu/lib/rustlib/x86_64-unknown-linux-gnu/lib/libstdc++.so.6", O_RDONLY|O_CLOEXEC) = -1 ENOENT (No such file or directory)
252538 openat(AT_FDCWD, "/home/brianklam/.rustup/toolchains/nightly-x86_64-unknown-linux-gnu/lib/libstdc++.so.6", O_RDONLY|O_CLOEXEC) = -1 ENOENT (No such file or directory)
252538 openat(AT_FDCWD, "/usr/lib/libstdc++.so.6", O_RDONLY|O_CLOEXEC) = 3
252538 openat(AT_FDCWD, "/home/brianklam/Desktop/liminal/fuzz/target/x86_64-unknown-linux-gnu/release/build/blake3-7de44125c0853c32/out/libgcc_s.so.1", O_RDONLY|O_CLOEXEC) = -1 ENOENT (No such file or directory)
252538 openat(AT_FDCWD, "/home/brianklam/Desktop/liminal/fuzz/target/x86_64-unknown-linux-gnu/release/build/libfuzzer-sys-3e950981d28019a4/out/libgcc_s.so.1", O_RDONLY|O_CLOEXEC) = -1 ENOENT (No such file or directory)
252538 openat(AT_FDCWD, "/home/brianklam/Desktop/liminal/fuzz/target/x86_64-unknown-linux-gnu/release/libgcc_s.so.1", O_RDONLY|O_CLOEXEC) = -1 ENOENT (No such file or directory)
252538 openat(AT_FDCWD, "/home/brianklam/Desktop/liminal/fuzz/target/x86_64-unknown-linux-gnu/release/deps/libgcc_s.so.1", O_RDONLY|O_CLOEXEC) = -1 ENOENT (No such file or directory)
252538 openat(AT_FDCWD, "/home/brianklam/.rustup/toolchains/nightly-x86_64-unknown-linux-gnu/lib/rustlib/x86_64-unknown-linux-gnu/lib/libgcc_s.so.1", O_RDONLY|O_CLOEXEC) = -1 ENOENT (No such file or directory)
252538 openat(AT_FDCWD, "/home/brianklam/.rustup/toolchains/nightly-x86_64-unknown-linux-gnu/lib/libgcc_s.so.1", O_RDONLY|O_CLOEXEC) = -1 ENOENT (No such file or directory)
252538 openat(AT_FDCWD, "/usr/lib/libgcc_s.so.1", O_RDONLY|O_CLOEXEC) = 3
252538 openat(AT_FDCWD, "/proc/self/cmdline", O_RDONLY) = 3
252538 openat(AT_FDCWD, "/proc/self/environ", O_RDONLY) = 3
252538 openat(AT_FDCWD, "/proc/self/environ", O_RDONLY) = 3
252538 openat(AT_FDCWD, "/proc/self/environ", O_RDONLY) = 3
252538 openat(AT_FDCWD, "/proc/self/maps", O_RDONLY) = 3
252538 openat(AT_FDCWD, "/proc/self/maps", O_RDONLY) = 3
252538 openat(AT_FDCWD, "/proc/self/maps", O_RDONLY) = 3
252538 openat(AT_FDCWD, "/proc/self/maps", O_RDONLY) = 3
252538 openat(AT_FDCWD, "/proc/self/maps", O_RDONLY) = 3
252538 openat(AT_FDCWD, "/proc/self/maps", O_RDONLY) = 3
252538 openat(AT_FDCWD, "/proc/self/maps", O_RDONLY) = 3
252538 openat(AT_FDCWD, "/proc/self/maps", O_RDONLY) = 3
252538 openat(AT_FDCWD, "/proc/self/maps", O_RDONLY) = 3
252538 openat(AT_FDCWD, "/proc/self/maps", O_RDONLY) = 3
252538 openat(AT_FDCWD, "/home/brianklam/Desktop/liminal/fuzz/corpus/ilrp_recovery", O_RDONLY|O_NONBLOCK|O_CLOEXEC|O_DIRECTORY) = 3
252538 openat(AT_FDCWD, "/home/brianklam/Desktop/liminal/fuzz/corpus/ilrp_recovery/28ed3a797da3c48c309a4ef792147f3c56cfec40", O_RDONLY) = 3
252538 openat(AT_FDCWD, "/home/brianklam/Desktop/liminal/fuzz/corpus/ilrp_recovery/9034aaf45143996a2b14465c352ab0c6fa26b221", O_RDONLY) = 3
252538 openat(AT_FDCWD, "/home/brianklam/Desktop/liminal/fuzz/corpus/ilrp_recovery/dcf5bf6c63ba8e32483f75660b3a6a0f5d764483", O_RDONLY) = 3
252538 openat(AT_FDCWD, "/home/brianklam/Desktop/liminal/fuzz/corpus/ilrp_recovery/aa3536a44228c90b9e64f36fb2293183225a1c8c", O_RDONLY) = 3
252538 openat(AT_FDCWD, "/home/brianklam/Desktop/liminal/fuzz/corpus/ilrp_recovery/3525ce5fe16fb1052e25baa3fd2550d97e53f48e", O_RDONLY) = 3
252538 openat(AT_FDCWD, "/home/brianklam/Desktop/liminal/fuzz/corpus/ilrp_recovery/71853c6197a6a7f222db0f1978c7cb232b87c5ee", O_RDONLY) = 3
252538 openat(AT_FDCWD, "/home/brianklam/Desktop/liminal/fuzz/corpus/ilrp_recovery/48dad12865d1eb8b98d26723f2abda2f0a6d2409", O_RDONLY) = 3
252538 openat(AT_FDCWD, "/home/brianklam/Desktop/liminal/fuzz/corpus/ilrp_recovery/91da7492d9c131df92babbad011fdcebb5a1b6e1", O_RDONLY) = 3
252538 openat(AT_FDCWD, "/home/brianklam/Desktop/liminal/fuzz/corpus/ilrp_recovery/82bf1662f98b360aca1bdc2a6c14e2007087d79d", O_RDONLY) = 3
252538 openat(AT_FDCWD, "/home/brianklam/Desktop/liminal/fuzz/corpus/ilrp_recovery/48aa11fbbe2b2ce03e0b18a42e70e0e2f4ede0a4", O_RDONLY) = 3
252538 openat(AT_FDCWD, "/home/brianklam/Desktop/liminal/fuzz/corpus/ilrp_recovery/be80fb18be7b9b0967f2dd2f55306611b1edc62c", O_RDONLY) = 3
252538 openat(AT_FDCWD, "/home/brianklam/Desktop/liminal/fuzz/corpus/ilrp_recovery/b0311512e4e45cb0c02c1334ac7234a932c11e02", O_RDONLY) = 3
252538 openat(AT_FDCWD, "/home/brianklam/Desktop/liminal/fuzz/corpus/ilrp_recovery/339c4ae1d3fdf05d8f1758f1dae9b912699eaded", O_RDONLY) = 3
252538 openat(AT_FDCWD, "/home/brianklam/Desktop/liminal/fuzz/corpus/ilrp_recovery/3c585604e87f855973731fea83e21fab9392d2fc", O_RDONLY) = 3
252538 openat(AT_FDCWD, "/home/brianklam/Desktop/liminal/fuzz/corpus/ilrp_recovery/cf840619b1579749116fd08908ba3f816fe7de21", O_RDONLY) = 3
252538 openat(AT_FDCWD, "/home/brianklam/Desktop/liminal/fuzz/corpus/ilrp_recovery/9069ca78e7450a285173431b3e52c5c25299e473", O_RDONLY) = 3
252538 openat(AT_FDCWD, "/home/brianklam/Desktop/liminal/fuzz/corpus/ilrp_recovery/7359df195f0a14005c5412b63d01fee621b8cc56", O_RDONLY) = 3
252538 openat(AT_FDCWD, "/home/brianklam/Desktop/liminal/fuzz/corpus/ilrp_recovery/d13fa3d98bd70bd6829791d44a1922c8b77f1c39", O_RDONLY) = 3
252538 openat(AT_FDCWD, "/home/brianklam/Desktop/liminal/fuzz/corpus/ilrp_recovery/0516ef226a29ff5b5d07bfd44b3ec6473cc72f40", O_RDONLY) = 3
252538 openat(AT_FDCWD, "/home/brianklam/Desktop/liminal/fuzz/corpus/ilrp_recovery/1d34ef65258a8880d0f20538cac44540fe3b595b", O_RDONLY) = 3
252538 openat(AT_FDCWD, "/home/brianklam/Desktop/liminal/fuzz/corpus/ilrp_recovery/7c47437998c5bef1794f9031f2b9c76b2937a051", O_RDONLY) = 3
252538 openat(AT_FDCWD, "/home/brianklam/Desktop/liminal/fuzz/corpus/ilrp_recovery/8eb1c6def0e0d4b22b107d285995f581d7eec445", O_RDONLY) = 3
252538 openat(AT_FDCWD, "/home/brianklam/Desktop/liminal/fuzz/corpus/ilrp_recovery/500ce5edbda324f9a385f06a24094cee873bcf07", O_RDONLY) = 3
252538 openat(AT_FDCWD, "/home/brianklam/Desktop/liminal/fuzz/corpus/ilrp_recovery/3a9153527d20c4de4919fb1e0a36ccc23e068c5b", O_RDONLY) = 3
252538 openat(AT_FDCWD, "/home/brianklam/Desktop/liminal/fuzz/corpus/ilrp_recovery/3da89ee273be13437e7ecf760f3fbd4dc0e8d1fe", O_RDONLY) = 3
252538 openat(AT_FDCWD, "/home/brianklam/Desktop/liminal/fuzz/corpus/ilrp_recovery/f9793653aaf0b9d38ff31883a80016bafea39f53", O_RDONLY) = 3
252538 openat(AT_FDCWD, "/home/brianklam/Desktop/liminal/fuzz/corpus/ilrp_recovery/79f419543d36865d935dd9b83102512a9f9b070c", O_RDONLY) = 3
252538 openat(AT_FDCWD, "/home/brianklam/Desktop/liminal/fuzz/corpus/ilrp_recovery/ae9d2dceb07f27865d833399b26fbd14393562f1", O_RDONLY) = 3
252538 openat(AT_FDCWD, "/home/brianklam/Desktop/liminal/fuzz/corpus/ilrp_recovery/443546793b5e043a2053b1b3d82a07fd7bc00730", O_RDONLY) = 3
252538 openat(AT_FDCWD, "/home/brianklam/Desktop/liminal/fuzz/corpus/ilrp_recovery/9b7fd2d03ee5c38e371bda644a3c45e9809faa9d", O_RDONLY) = 3
252538 openat(AT_FDCWD, "/home/brianklam/Desktop/liminal/fuzz/corpus/ilrp_recovery/a39e4cb3e1e8ed88b0e0d0b849a983019019d561", O_RDONLY) = 3
252538 openat(AT_FDCWD, "/home/brianklam/Desktop/liminal/fuzz/corpus/ilrp_recovery/76f575bf5a92c62f9b0d681b6ff50c0575d352c6", O_RDONLY) = 3
252538 openat(AT_FDCWD, "/home/brianklam/Desktop/liminal/fuzz/corpus/ilrp_recovery/3d80bf598fa028735c2b18f8870ac02bd9d3c10e", O_RDONLY) = 3
252538 openat(AT_FDCWD, "/home/brianklam/Desktop/liminal/fuzz/corpus/ilrp_recovery/8b20dc6e80242ded712a69e78fed97e70670149e", O_RDONLY) = 3
252538 openat(AT_FDCWD, "/home/brianklam/Desktop/liminal/fuzz/corpus/ilrp_recovery/8aff45d6328b8c05b054a8dcd42a386682b62b3b", O_RDONLY) = 3
252538 openat(AT_FDCWD, "/home/brianklam/Desktop/liminal/fuzz/corpus/ilrp_recovery/fe47e67752b7accfd6b868e2d8bfaa7652ef3d01", O_RDONLY) = 3
252538 openat(AT_FDCWD, "/home/brianklam/Desktop/liminal/fuzz/corpus/ilrp_recovery/a133b0899ad02d077cb78dbd09ed4e73eff93741", O_RDONLY) = 3
252538 openat(AT_FDCWD, "/home/brianklam/Desktop/liminal/fuzz/corpus/ilrp_recovery/b3e51bffc590280b98168adae2d38a66f98a9925", O_RDONLY) = 3
252538 openat(AT_FDCWD, "/home/brianklam/Desktop/liminal/fuzz/corpus/ilrp_recovery/ca3ce0208cdcacfcf23ece46c75aaa30a91be671", O_RDONLY) = 3
252538 openat(AT_FDCWD, "/home/brianklam/Desktop/liminal/fuzz/corpus/ilrp_recovery/b945a8cb0ebe88d055a074ef1c0c393bceca8d5e", O_RDONLY) = 3
252538 openat(AT_FDCWD, "/home/brianklam/Desktop/liminal/fuzz/corpus/ilrp_recovery/f521a74539c369c53980d5f2dc6cfa69a40ef85c", O_RDONLY) = 3
252538 openat(AT_FDCWD, "/home/brianklam/Desktop/liminal/fuzz/corpus/ilrp_recovery/265de394bdffa9702c1ee215138a7d3515f14071", O_RDONLY) = 3
252538 openat(AT_FDCWD, "/home/brianklam/Desktop/liminal/fuzz/corpus/ilrp_recovery/185b040f7948b782ab536d91fae379a727f54bb5", O_RDONLY) = 3
252538 openat(AT_FDCWD, "/home/brianklam/Desktop/liminal/fuzz/corpus/ilrp_recovery/62e083e6f4c6d4765216b256e81421d9bfcb1579", O_RDONLY) = 3
252538 openat(AT_FDCWD, "/home/brianklam/Desktop/liminal/fuzz/corpus/ilrp_recovery/3a0a0002458508f54bfed21f9bf1465f92b1e32a", O_RDONLY) = 3
252538 openat(AT_FDCWD, "/home/brianklam/Desktop/liminal/fuzz/corpus/ilrp_recovery/7cf29e7e9fe73bc1155423f5baafd1de84cf9a27", O_RDONLY) = 3
252538 openat(AT_FDCWD, "/home/brianklam/Desktop/liminal/fuzz/corpus/ilrp_recovery/8f5f56533cfdd555462d871db3fb5eba52b1ba73", O_RDONLY) = 3
252538 openat(AT_FDCWD, "/home/brianklam/Desktop/liminal/fuzz/corpus/ilrp_recovery/9585a1f3b4343ed86739df66c792aa258a16f684", O_RDONLY) = 3
252538 openat(AT_FDCWD, "/home/brianklam/Desktop/liminal/fuzz/corpus/ilrp_recovery/3e6fcd4215a92460c7ef1a5e355c114b3a7d4dc9", O_RDONLY) = 3
252538 openat(AT_FDCWD, "/home/brianklam/Desktop/liminal/fuzz/corpus/ilrp_recovery/4df0c24a1c542f902ea6c5d83dc18c5b541fc0b1", O_RDONLY) = 3
252538 openat(AT_FDCWD, "/home/brianklam/Desktop/liminal/fuzz/corpus/ilrp_recovery/f5c2065d4733321240761f7570493040349e6262", O_RDONLY) = 3
252538 openat(AT_FDCWD, "/home/brianklam/Desktop/liminal/fuzz/corpus/ilrp_recovery/cf9bb6d32b925b3a0b7a3d91ddfd00ec9b8ca6ed", O_RDONLY) = 3
252538 openat(AT_FDCWD, "/home/brianklam/Desktop/liminal/fuzz/corpus/ilrp_recovery/38ac89f951b76c97db420e391f7e8b8dbdb3950d", O_RDONLY) = 3
252538 openat(AT_FDCWD, "/home/brianklam/Desktop/liminal/fuzz/corpus/ilrp_recovery/41fb6421414b434499c0a42915aa771dd1c1f41b", O_RDONLY) = 3
252538 openat(AT_FDCWD, "/home/brianklam/Desktop/liminal/fuzz/corpus/ilrp_recovery/b8de377b61c1aa9aefccb364701b464351e0900e", O_RDONLY) = 3
252538 openat(AT_FDCWD, "/home/brianklam/Desktop/liminal/fuzz/corpus/ilrp_recovery/c2e78d4f27d123a013dbf3ba8c80b634b3917904", O_RDONLY) = 3
252538 openat(AT_FDCWD, "/home/brianklam/Desktop/liminal/fuzz/corpus/ilrp_recovery/0da06451f07977b6e68499135527f33992428b71", O_RDONLY) = 3
252538 openat(AT_FDCWD, "/home/brianklam/Desktop/liminal/fuzz/corpus/ilrp_recovery/53ce4cac9c0d8a55975361ac332269a63b85cd11", O_RDONLY) = 3
252538 openat(AT_FDCWD, "/home/brianklam/Desktop/liminal/fuzz/corpus/ilrp_recovery/459fbe155a1f95426ccc5a338e2d24804d612eed", O_RDONLY) = 3
252538 openat(AT_FDCWD, "/home/brianklam/Desktop/liminal/fuzz/corpus/ilrp_recovery/6ea96631572a00472016bce0357d627d44a7682a", O_RDONLY) = 3
252538 openat(AT_FDCWD, "/home/brianklam/Desktop/liminal/fuzz/corpus/ilrp_recovery/f3d3c2943d4fcc8617006369927e94f9ef66ed81", O_RDONLY) = 3
252538 openat(AT_FDCWD, "/home/brianklam/Desktop/liminal/fuzz/corpus/ilrp_recovery/fec55b0d4b1acf97e9b21b9736a036e35b4b5037", O_RDONLY) = 3
252538 openat(AT_FDCWD, "/home/brianklam/Desktop/liminal/fuzz/corpus/ilrp_recovery/ff35687a3dc3949b93f7f15f309b76898fde9f1e", O_RDONLY) = 3
252538 openat(AT_FDCWD, "/home/brianklam/Desktop/liminal/fuzz/corpus/ilrp_recovery/5960d6f1c1770a84b603b95cfc434c12ef78bb48", O_RDONLY) = 3
252538 openat(AT_FDCWD, "/home/brianklam/Desktop/liminal/fuzz/corpus/ilrp_recovery/bd24d90d7db5aeb508099e7b956f054fb8a820bc", O_RDONLY) = 3
252538 openat(AT_FDCWD, "/home/brianklam/Desktop/liminal/fuzz/corpus/ilrp_recovery/01c1d2ca098633ab105b85c6e9f9d14edb0d2a8c", O_RDONLY) = 3
252538 openat(AT_FDCWD, "/home/brianklam/Desktop/liminal/fuzz/corpus/ilrp_recovery/b7eaa9e39f70c349bb9e224d9e6e44b231462bce", O_RDONLY) = 3
252538 openat(AT_FDCWD, "/home/brianklam/Desktop/liminal/fuzz/corpus/ilrp_recovery/3fc2f2f5f00c5078d929efc14986a3c75738d63f", O_RDONLY) = 3
252538 openat(AT_FDCWD, "/home/brianklam/Desktop/liminal/fuzz/corpus/ilrp_recovery/6961f18195f2a7b99b8c25163fd0721b97aa4a3f", O_RDONLY) = 3
252538 openat(AT_FDCWD, "/home/brianklam/Desktop/liminal/fuzz/corpus/ilrp_recovery/4c078da7c3550dcc33aa168f1942429e0468aae5", O_RDONLY) = 3
252538 openat(AT_FDCWD, "/home/brianklam/Desktop/liminal/fuzz/corpus/ilrp_recovery/7beff09e9c88178dc3c590aea67fab85cc07572b", O_RDONLY) = 3
252538 openat(AT_FDCWD, "/home/brianklam/Desktop/liminal/fuzz/corpus/ilrp_recovery/0ff3c2f6a2f1e76d621ba92e0a09e1f5984dc93d", O_RDONLY) = 3
252538 openat(AT_FDCWD, "/home/brianklam/Desktop/liminal/fuzz/corpus/ilrp_recovery/c19acab0507afb65df8abddb144b7f7536f67f07", O_RDONLY) = 3
252538 openat(AT_FDCWD, "/home/brianklam/Desktop/liminal/fuzz/corpus/ilrp_recovery/996563139bdfe4cbf545cbd2b1c7b2e4976f2805", O_RDONLY) = 3
252538 openat(AT_FDCWD, "/home/brianklam/Desktop/liminal/fuzz/corpus/ilrp_recovery/8c672b32c8746309ebb555c13846d7d55a70d48b", O_RDONLY) = 3
252538 openat(AT_FDCWD, "/home/brianklam/Desktop/liminal/fuzz/corpus/ilrp_recovery/cb3277d8fab2e5ba79d317373ead18dab3e221fe", O_RDONLY) = 3
252538 openat(AT_FDCWD, "/home/brianklam/Desktop/liminal/fuzz/corpus/ilrp_recovery/e914a973c13cc1f71cc39d352f38790f9f777531", O_RDONLY) = 3
252538 openat(AT_FDCWD, "/home/brianklam/Desktop/liminal/fuzz/corpus/ilrp_recovery/ff9dce9deef4e132e758d90d763f19ea1cfcc235", O_RDONLY) = 3
252538 openat(AT_FDCWD, "/home/brianklam/Desktop/liminal/fuzz/corpus/ilrp_recovery/edcff61fd7cd27d1d291d680dfc8eb696023b44d", O_RDONLY) = 3
252538 openat(AT_FDCWD, "/home/brianklam/Desktop/liminal/fuzz/corpus/ilrp_recovery/11696258c629c8eb5f7a44eecc4343a1051dff49", O_RDONLY) = 3
252538 openat(AT_FDCWD, "/home/brianklam/Desktop/liminal/fuzz/corpus/ilrp_recovery/1c5fba44f145636f0b1c7d1cdb8ebafe496d0da2", O_RDONLY) = 3
252538 openat(AT_FDCWD, "/home/brianklam/Desktop/liminal/fuzz/corpus/ilrp_recovery/622e77539ee5c65d3e915b9913f8728c4c83dc06", O_RDONLY) = 3
252538 openat(AT_FDCWD, "/home/brianklam/Desktop/liminal/fuzz/corpus/ilrp_recovery/d12e93e391bdf542bc17f83895779286ea299ec8", O_RDONLY) = 3
252538 openat(AT_FDCWD, "/home/brianklam/Desktop/liminal/fuzz/corpus/ilrp_recovery/53b13ca74b6e0cb469553503cf4711a8d362ec69", O_RDONLY) = 3
252538 openat(AT_FDCWD, "/home/brianklam/Desktop/liminal/fuzz/corpus/ilrp_recovery/ce210d68516ca766ccc4d2c8004461fa066f435f", O_RDONLY) = 3
252538 openat(AT_FDCWD, "/home/brianklam/Desktop/liminal/fuzz/corpus/ilrp_recovery/80da6d6286a38d48dfe882155b6a2c0306aafc7d", O_RDONLY) = 3
252538 openat(AT_FDCWD, "/home/brianklam/Desktop/liminal/fuzz/corpus/ilrp_recovery/1ad2ee89e459aa365f2dc8cef43c9b28eb650a04", O_RDONLY) = 3
252538 openat(AT_FDCWD, "/home/brianklam/Desktop/liminal/fuzz/corpus/ilrp_recovery/aae986c3374b562a07e2924f9fc4b722e37e626c", O_RDONLY) = 3
252538 openat(AT_FDCWD, "/home/brianklam/Desktop/liminal/fuzz/corpus/ilrp_recovery/7b03d81645a75e23841ee1d39581e8e798799e36", O_RDONLY) = 3
252538 openat(AT_FDCWD, "/home/brianklam/Desktop/liminal/fuzz/corpus/ilrp_recovery/dbb76987765eef8d0dd4e2980495b243bf9bb7ba", O_RDONLY) = 3
252538 openat(AT_FDCWD, "/home/brianklam/Desktop/liminal/fuzz/corpus/ilrp_recovery/77b56e711fd89cc054dd97412dce306c58883469", O_RDONLY) = 3
252538 openat(AT_FDCWD, "/home/brianklam/Desktop/liminal/fuzz/corpus/ilrp_recovery/d631d56cc0e795a3e9f1b06e3955b151d8952a6f", O_RDONLY) = 3
252538 openat(AT_FDCWD, "/home/brianklam/Desktop/liminal/fuzz/corpus/ilrp_recovery/77afcf6464cfd2b2bcdb9e5aae4984611d38d0e5", O_RDONLY) = 3
252538 openat(AT_FDCWD, "/home/brianklam/Desktop/liminal/fuzz/corpus/ilrp_recovery/789aa4e35bc02f86d641eb52aa956c3e829bb32b", O_RDONLY) = 3
252538 openat(AT_FDCWD, "/home/brianklam/Desktop/liminal/fuzz/corpus/ilrp_recovery/96232f45e87a0f2cc0f0255f55b4b9863362a1e5", O_RDONLY) = 3
252538 openat(AT_FDCWD, "/home/brianklam/Desktop/liminal/fuzz/corpus/ilrp_recovery/e6405643af2d61643bd9d8b6208949075fb0249b", O_RDONLY) = 3
252538 openat(AT_FDCWD, "/home/brianklam/Desktop/liminal/fuzz/corpus/ilrp_recovery/07dcba93119fc1ada18ebc58d0569fb52c5d2b90", O_RDONLY) = 3
252538 openat(AT_FDCWD, "/home/brianklam/Desktop/liminal/fuzz/corpus/ilrp_recovery/38624fd1425d25c90ca101e7926258b58346edc8", O_RDONLY) = 3
252538 openat(AT_FDCWD, "/home/brianklam/Desktop/liminal/fuzz/corpus/ilrp_recovery/d3b686ebb8dedf9fb65c14e3f48965d6f2bf40aa", O_RDONLY) = 3
252538 openat(AT_FDCWD, "/home/brianklam/Desktop/liminal/fuzz/corpus/ilrp_recovery/605ee88aa5135f91ba53b52ec061c9f3811af320", O_RDONLY) = 3
252538 openat(AT_FDCWD, "/home/brianklam/Desktop/liminal/fuzz/corpus/ilrp_recovery/e0ed6e3d2b49ac577b3b7bd66c84095e113ed271", O_RDONLY) = 3
252538 openat(AT_FDCWD, "/home/brianklam/Desktop/liminal/fuzz/corpus/ilrp_recovery/46cd01e13bb0a7fdecab2cc9cfad41e3e2af905c", O_RDONLY) = 3
252538 openat(AT_FDCWD, "/home/brianklam/Desktop/liminal/fuzz/corpus/ilrp_recovery/84a209ddf9db5ac67fe208d1d9e49b6cb3ac2c33", O_RDONLY) = 3
252538 openat(AT_FDCWD, "/home/brianklam/Desktop/liminal/fuzz/corpus/ilrp_recovery/0051f6fc931fc6b656f15c78557a22f43204cf30", O_RDONLY) = 3
252538 openat(AT_FDCWD, "/home/brianklam/Desktop/liminal/fuzz/corpus/ilrp_recovery/b08153f836e1b4d19f642533a5a1d6bbaabad09c", O_RDONLY) = 3
252538 openat(AT_FDCWD, "/home/brianklam/Desktop/liminal/fuzz/corpus/ilrp_recovery/49b611a2bd9b1a2e396c5ef215580a37016fea5e", O_RDONLY) = 3
252538 openat(AT_FDCWD, "/home/brianklam/Desktop/liminal/fuzz/corpus/ilrp_recovery/7209846f3499d457218e0930bb088f1081ce4ee0", O_RDONLY) = 3
252538 openat(AT_FDCWD, "/home/brianklam/Desktop/liminal/fuzz/corpus/ilrp_recovery/bbf63b6b0eb25b2f78acbfa1fb5e6bbfec6db1f2", O_RDONLY) = 3
252538 openat(AT_FDCWD, "/home/brianklam/Desktop/liminal/fuzz/corpus/ilrp_recovery/f8b0da232634e10f33156499c19f5576333f29f0", O_RDONLY) = 3
252538 openat(AT_FDCWD, "/home/brianklam/Desktop/liminal/fuzz/corpus/ilrp_recovery/ad0122e1d0a3a57bc736f70880ea357b696bc8fb", O_RDONLY) = 3
252538 openat(AT_FDCWD, "/home/brianklam/Desktop/liminal/fuzz/corpus/ilrp_recovery/e4c9a78c7da6cec068d17fdc7b4fcf695e90f94b", O_RDONLY) = 3
252538 openat(AT_FDCWD, "/home/brianklam/Desktop/liminal/fuzz/corpus/ilrp_recovery/2a3e507f130cbc74bd994be63bb0ce75346e8e56", O_RDONLY) = 3
252538 openat(AT_FDCWD, "/home/brianklam/Desktop/liminal/fuzz/corpus/ilrp_recovery/4a8814842e95afb31b11d80112a6c7e26cd4412b", O_RDONLY) = 3
252538 openat(AT_FDCWD, "/home/brianklam/Desktop/liminal/fuzz/corpus/ilrp_recovery/25435ed77bf8ea0da1076622c532ce8a3d340c57", O_RDONLY) = 3
252538 openat(AT_FDCWD, "/home/brianklam/Desktop/liminal/fuzz/corpus/ilrp_recovery/efc59dbc503062832043f769cd7c86b6bd733f87", O_RDONLY) = 3
252538 openat(AT_FDCWD, "/home/brianklam/Desktop/liminal/fuzz/corpus/ilrp_recovery/d1ef1675006723038b039cc7e4d88e9904e1842e", O_RDONLY) = 3
252538 openat(AT_FDCWD, "/home/brianklam/Desktop/liminal/fuzz/corpus/ilrp_recovery/cfee8539d739a04b71eb528b030290ef8b8606df", O_RDONLY) = 3
252538 openat(AT_FDCWD, "/home/brianklam/Desktop/liminal/fuzz/corpus/ilrp_recovery/0223510152ef0558b3634e07a055a99dae8e7246", O_RDONLY) = 3
252538 openat(AT_FDCWD, "/home/brianklam/Desktop/liminal/fuzz/corpus/ilrp_recovery/4084e1976ea357175034fc8674b63adba4d9e958", O_RDONLY) = 3
252538 openat(AT_FDCWD, "/home/brianklam/Desktop/liminal/fuzz/corpus/ilrp_recovery/46ab4fbb5c591f7182870db3f0b28927c4800eda", O_RDONLY) = 3
252538 openat(AT_FDCWD, "/home/brianklam/Desktop/liminal/fuzz/corpus/ilrp_recovery/fad14c513defdd4a892fc2ceb500742282dd1860", O_RDONLY) = 3
252538 openat(AT_FDCWD, "/home/brianklam/Desktop/liminal/fuzz/corpus/ilrp_recovery/8cdcd01c9dd08b5dfcf1fda08c47e96d45da0a9f", O_RDONLY) = 3
252538 openat(AT_FDCWD, "/home/brianklam/Desktop/liminal/fuzz/corpus/ilrp_recovery/0f7d210818b0a76ea094e517e3b5b4c3577d8cff", O_RDONLY) = 3
252538 openat(AT_FDCWD, "/home/brianklam/Desktop/liminal/fuzz/corpus/ilrp_recovery/b042c90e8064e82a2c32dfe90c61a239ec40b685", O_RDONLY) = 3
252538 openat(AT_FDCWD, "/home/brianklam/Desktop/liminal/fuzz/corpus/ilrp_recovery/28e9d5ab8111ced89def3e5148920fdb2df1fef3", O_RDONLY) = 3
252538 openat(AT_FDCWD, "/home/brianklam/Desktop/liminal/fuzz/corpus/ilrp_recovery/285874018b5e8a6c45856ad6ea711b9aa045952c", O_RDONLY) = 3
252538 openat(AT_FDCWD, "/home/brianklam/Desktop/liminal/fuzz/corpus/ilrp_recovery/612f99b890bd4ab71e5270753b65bcf95f8e52b8", O_RDONLY) = 3
252538 openat(AT_FDCWD, "/home/brianklam/Desktop/liminal/fuzz/corpus/ilrp_recovery/6248a27ca003324ae0e62ac8fe195bd92e35ae6c", O_RDONLY) = 3
252538 openat(AT_FDCWD, "/home/brianklam/Desktop/liminal/fuzz/corpus/ilrp_recovery/3ea6049af4482ac1f307d8a1f64d1e2ccdd8239c", O_RDONLY) = 3
252538 openat(AT_FDCWD, "/home/brianklam/Desktop/liminal/fuzz/corpus/ilrp_recovery/7e0a95b1b4593b65b2267883ca1f9f2d2ea289e5", O_RDONLY) = 3
252538 openat(AT_FDCWD, "/home/brianklam/Desktop/liminal/fuzz/corpus/ilrp_recovery/b52d3826d68de9adaa6067b47ca456d602f8aa9e", O_RDONLY) = 3
252538 openat(AT_FDCWD, "/home/brianklam/Desktop/liminal/fuzz/corpus/ilrp_recovery/ec93a3c60f0863652ddf6645ca5462dc4584b592", O_RDONLY) = 3
252538 openat(AT_FDCWD, "/home/brianklam/Desktop/liminal/fuzz/corpus/ilrp_recovery/903b06e0cc09a57f63b92c35973c62a93bed42b0", O_RDONLY) = 3
252538 --- SIGALRM {si_signo=SIGALRM, si_code=SI_KERNEL} ---
252538 --- SIGALRM {si_signo=SIGALRM, si_code=SI_KERNEL} ---
252699 +++ exited with 0 +++
252538 +++ exited with 0 +++
252066 --- SIGCHLD {si_signo=SIGCHLD, si_code=CLD_EXITED, si_pid=252538, si_uid=1000, si_status=0, si_utime=176829 /* 1768.29 s */, si_stime=379 /* 3.79 s */} ---
252066 +++ exited with 0 +++
